frame,interval_ns,run_tick_wall_ns
0,8549792,8497250
1,7638541,7612833
2,8743125,8711334
3,9634500,9565125
4,6462834,6420709
5,9469416,9416708
6,8598959,8536750
7,8237291,8180875
8,8373084,8312917
9,8483041,8412375
10,8368500,8313292
11,8461250,8402625
12,7697375,7634042
13,8337334,8274417
14,8544750,8461833
15,8338333,8281291
16,8404042,8334625
17,8269500,8184208
18,8873791,8815291
19,7061459,7005000
20,8383250,8327958
21,8573416,8510125
22,8530250,8472167
23,8689584,8637250
24,7734375,7671958
25,8548958,8495208
26,8770167,8702083
27,8508291,8450416
28,8572959,8526042
29,7460208,7403458
30,8357250,8299125
31,8694792,8640375
32,8846583,8770708
33,7454708,7380417
34,8901792,8848125
35,8338875,8291250
36,8162458,8105542
37,8728834,8670042
38,8557583,8448666
39,7894750,7819333
40,9117000,9034500
41,7636500,7569833
42,8121667,8061750
43,9503916,9434708
44,7869500,7780750
45,6749917,6711292
46,8994083,8957250
47,7618042,7589959
48,8470125,8444000
49,8772458,8738125
50,8951417,8892292
51,7777458,7676583
52,9420500,9351334
53,7686209,7602042
54,8581291,8513833
55,7253792,7205584
56,8170375,8133833
57,8497542,8440375
58,9352416,9291166
59,7395042,7353584
60,9489750,9417500
61,7226500,7180583
62,9020833,8957208
63,8721084,8661750
64,7376041,7323791
65,8612250,8537875
66,8643792,8583000
67,8393000,8335667
68,8602208,8551208
69,7291584,7242917
70,8887833,8828208
71,8555583,8467250
72,8186250,8129209
73,9075292,8996167
74,7033125,6973375
75,8317750,8285167
76,8988917,8949875
77,9052708,8979625
78,7530625,7471625
79,8255667,8208583
80,8622791,8563541
81,7300750,7258500
82,8574792,8517167
83,8460083,8420917
84,8414000,8347375
85,8477875,8429834
86,8876625,8805459
87,7504625,7446209
88,8299834,8244875
89,9090500,9000875
90,8541833,8482625
91,7265417,7216875
92,7759083,7721250
93,8414125,8396000
94,8309333,8300417
95,8433209,8416875
96,8090958,8076708
97,8983042,8947250
98,8309875,8251708
99,8263125,8220791
100,8583750,8524250
101,8415625,8364166
102,8999375,8940041
103,7211250,7163916
104,8382750,8336833
105,8761500,8703583
106,8400125,8343041
107,8327000,8260333
108,7856083,7798125
109,8417917,8368417
110,8475541,8418041
111,8558084,8499750
112,8442791,8392500
113,8707500,8640209
114,8450459,8373667
115,7369416,7316916
116,8441875,8385209
117,8682000,8599500
118,9225334,9133000
119,7436291,7374041
120,8780917,8722209
121,7448250,7377667
122,8651167,8583292
123,8795625,8747458
124,8384791,8328375
125,9354542,9259750
126,7304625,7249042
127,8331208,8273292
128,8453375,8395750
129,7520250,7456375
130,8412500,8361042
131,8959334,8904750
132,7957833,7893958
133,8676542,8626708
134,8373791,8320833
135,8421459,8356000
136,7277250,7221000
137,8623125,8549791
138,8813291,8750625
139,8295334,8238500
140,8300375,8242458
141,8945708,8862375
142,7255917,7191667
143,8253750,8194166
144,8746791,8687750
145,8511709,8441917
146,8760166,8686083
147,7385917,7330875
148,8505333,8444250
149,8517250,8449250
150,8352292,8274584
151,9046917,8934250
152,7348958,7268291
153,8633167,8567000
154,9025750,8926750
155,7640791,7567416
156,7955250,7867834
157,8376500,8298500
158,8491209,8427167
159,8575416,8505291
160,8460459,8390584
161,8487041,8417708
162,8331542,8258959
163,8622000,8524375
164,7576792,7513750
165,8907708,8837000
166,8879583,8793708
167,7329209,7259125
168,8010791,7939416
169,8329625,8266459
170,8768459,8695375
171,8729833,8661541
172,7340500,7270333
173,8496042,8403958
174,9498083,9419250
175,7299292,7231917
176,8343125,8277458
177,8660666,8593375
178,8326500,8264417
179,8201500,8139834
180,7928334,7868292
181,8294791,8233083
182,8328959,8270250
183,8579750,8506958
184,8371833,8298666
185,8232417,8176208
186,9104750,9035541
187,7518750,7451291
188,8503875,8448833
189,8890833,8810791
190,7197708,7139875
191,8411000,8340209
192,9086334,9021792
193,8348375,8280458
194,7827833,7760291
195,8302583,8242458
196,8341875,8282250
197,8369500,8302000
198,8940542,8873084
199,8613542,8541583
200,7403708,7349708
201,8863375,8784458
202,8394250,8325042
203,8566375,8499583
204,7996375,7934625
205,8371542,8307542
206,8804625,8719625
207,7296166,7234125
208,8449042,8381625
209,8314458,8244583
210,8176792,8111292
211,8382125,8318042
212,8367042,8302417
213,8591500,8532458
214,8245750,8187333
215,8170041,8101250
216,9248584,9169834
217,7242416,7175375
218,8767125,8701709
219,8613625,8547959
220,8462542,8416584
221,8222083,8153000
222,8047750,8004375
223,8354584,8284084
224,8396708,8320250
225,8508375,8438167
226,8401667,8335333
227,8429083,8357000
228,7252833,7213250
229,9284542,9210292
230,8466750,8400458
231,7808458,7764542
232,7767500,7736042
233,8795667,8768042
234,7421333,7394667
235,9205209,9165959
236,8082458,8046916
237,8430542,8375792
238,8340000,8278166
239,8321458,8267208
240,8757083,8709625
241,8461834,8387375
242,8151458,8111583
243,8525000,8475333
244,8086375,8057708
245,8250750,8203792
246,8752500,8699833
247,8695167,8632208
248,7130416,7076333
249,8664125,8606750
250,8288459,8237959
251,9611208,9554125
252,7528833,7476917
253,8306959,8253125
254,8438250,8379875
255,8403166,8351916
256,8418875,8357500
257,8370250,8305334
258,8796792,8729959
259,7359625,7312083
260,8287417,8234208
261,9066750,9011750
262,7478666,7428875
263,8510500,8443375
264,8334917,8269625
265,8663833,8600417
266,9157542,9086709
267,7201833,7155750
268,8710334,8617250
269,8396916,8330291
270,7499375,7444625
271,8590792,8530667
272,8858542,8805417
273,8904625,8850500
274,7100708,7006875
275,8250125,8201417
276,8682625,8584792
277,8871167,8794458
278,7596583,7528666
279,8345833,8286250
280,8444584,8380084
281,8554000,8488916
282,8070458,8004541
283,8571042,8509375
284,8722250,8667958
285,8530000,8475791
286,7160416,7102625
287,9115667,9066042
288,7962333,7906292
289,8236000,8176709
290,8676584,8583375
291,9533500,9442000
292,7467708,7375833
293,8228417,8125042
294,8276083,8214833
295,8389458,8304458
296,8581084,8535542
297,7777125,7687583
298,8751500,8702791
299,9390375,9326875
300,7064541,6993708
301,8595709,8537459
302,7312583,7255125
303,7778625,7744000
304,8947500,8905958
305,7746000,7705708
306,8789708,8749250
307,7809667,7770542
308,8870542,8830292
309,7676500,7646833
310,8819041,8786125
311,8702792,8667584
312,8501500,8466042
313,7725792,7683125
314,8900791,8861291
315,7685542,7657167
316,8804667,8766042
317,7990958,7942125
318,8184208,8152583
319,8851542,8810167
320,8257625,8201208
321,7848417,7810000
322,8761208,8731208
323,8488792,8420417
324,8702833,8636500
325,8447125,8373625
326,8461875,8390500
327,8541917,8473792
328,8527250,8451041
329,7062333,6999833
330,8910583,8839042
331,8509375,8436834
332,8404834,8339584
333,8610875,8543208
334,8373291,8316958
335,7017250,6971250
336,8799500,8743709
337,8218750,8171042
338,8471500,8420417
339,8130625,8092250
340,8281459,8227875
341,8275250,8224000
342,9477250,9425375
343,7258708,7206083
344,9337875,9279125
345,7837333,7788500
346,8821542,8765042
347,8751750,8703792
348,7562125,7504250
349,8063958,8028500
350,7621709,7597000
351,9210708,9165791
352,8383417,8334958
353,8619666,8554125
354,8130209,8050667
355,8483125,8407916
356,8624041,8572750
357,6745334,6708459
358,8853708,8811416
359,7711917,7672708
360,8966541,8923750
361,7652709,7621959
362,9400000,9354708
363,8293750,8252083
364,8275958,8224625
365,8503417,8443250
366,9070083,9008250
367,7275250,7222792
368,8378375,8320542
369,8668167,8597583
370,8487916,8430708
371,8658417,8583167
372,8231833,8159667
373,8331584,8271292
374,8614708,8552083
375,7289250,7217250
376,8309500,8248875
377,8439625,8378750
378,9267208,9197083
379,7148375,7092417
380,8424292,8369209
381,8235708,8184208
382,8316917,8263875
383,8287167,8229750
384,9812000,9741208
385,8275583,8203750
386,7746625,7680375
387,8391458,8281167
388,8450000,8404000
389,9198292,9116167
390,7453458,7384625
391,8504084,8433709
392,7551958,7488875
393,8480958,8425042
394,8288084,8238625
395,8643083,8597708
396,7895542,7848250
397,8390583,8344833
398,8513000,8445333
399,9014125,8943083
400,7554958,7499083
401,8498542,8440000
402,7974333,7913625
403,8369000,8297084
404,8497542,8436125
405,8744167,8669833
406,9234625,9184416
407,7666000,7578250
408,7979125,7895041
409,8447041,8383291
410,8704375,8654500
411,7333167,7262209
412,9091458,8997167
413,7797292,7694584
414,8620208,8551167
415,8338667,8281875
416,8406292,8346708
417,8482875,8419583
418,8534500,8459625
419,7260208,7191833
420,9033958,8968667
421,8334167,8280667
422,8986458,8928083
423,7560750,7500792
424,8405167,8350917
425,8857083,8773875
426,7823250,7756000
427,8358084,8303584
428,8475750,8411375
429,8608250,8534333
430,7345333,7284625
431,8279375,8232625
432,8887417,8826833
433,8486375,8425083
434,7754083,7715833
435,7643792,7611542
436,8866333,8831291
437,7296375,7281542
438,8497750,8480625
439,8167333,8151625
440,8772667,8739917
441,8609750,8585875
442,8463417,8446750
443,8669250,8639333
444,8535291,8503583
445,8375792,8322209
446,8508125,8418625
447,8397000,8343417
448,8432708,8378792
449,8394750,8343084
450,7833834,7775709
451,8342041,8298500
452,7862500,7824875
453,8754625,8720459
454,8195959,8121709
455,8328916,8272083
456,8708334,8649500
457,8263125,8202666
458,8470166,8415625
459,8559292,8503750
460,8536917,8462250
461,7237208,7183750
462,8937167,8874042
463,8505125,8441416
464,8553208,8483666
465,8611292,8540917
466,7141625,7092083
467,8256916,8190666
468,9330875,9272167
469,8603000,8532584
470,7221000,7148375
471,8370375,8317084
472,8248167,8185500
473,8542833,8477250
474,8816667,8758417
475,8512542,8444208
476,7235333,7182875
477,8693750,8630333
478,8379667,8318208
479,8569125,8515000
480,8621791,8567583
481,8425250,8367542
482,8298042,8238792
483,8180583,8121292
484,10515875,10451250
485,6318334,6256375
486,8275458,8197375
487,8419625,8355000
488,8531000,8468417
489,7751917,7679500
490,8721125,8651416
491,8223333,8168541
492,7732000,7673250
493,9063917,8965708
494,8130791,8069166
495,8845542,8787959
496,7026667,6978583
497,8341541,8280708
498,8538875,8486334
499,8236042,8181334
500,8156208,8112208
501,9385375,9334834
502,8562334,8492459
503,7110541,7046625
504,8228834,8185625
505,8720833,8687666
506,7506167,7480958
507,8661958,8630458
508,8397125,8381000
509,8448125,8431500
510,8305375,8277833
511,8539500,8514542
512,7307167,7291500
513,8814083,8779041
514,8766917,8741958
515,7673958,7639541
516,8551208,8528042
517,8199250,8175125
518,8833125,8803750
519,8742209,8720000
520,7694583,7652083
521,9143250,9073417
522,7500917,7460708
523,8881166,8842958
524,7649125,7613084
525,8756292,8716250
526,8689917,8655958
527,7664166,7618416
528,8485334,8448375
529,8694333,8663583
530,7542250,7498375
531,8607667,8584375
532,8836958,8804541
533,7302917,7287167
534,8601666,8579791
535,8732084,8682584
536,8759625,8725750
537,7440541,7419375
538,9458959,9405625
539,8308125,8255875
540,8785750,8725875
541,8364833,8306333
542,8143083,8083458
543,8183584,8127417
544,8391083,8339541
545,8418917,8360708
546,7721500,7670791
547,8407875,8348833
548,8231333,8175583
549,8415792,8338167
550,8445666,8384041
551,8353667,8297875
552,9324833,9257000
553,7257625,7190875
554,8537584,8472834
555,8821041,8725791
556,9235917,9107459
557,7266333,7206333
558,8880709,8821834
559,7264208,7206541
560,8333667,8270542
561,8556333,8492708
562,8467333,8412042
563,8600042,8536000
564,8464583,8381167
565,8340459,8284250
566,8245375,8188833
567,8702500,8588541
568,7382833,7287541
569,8651500,8546000
570,8484917,8426625
571,8478500,8407041
572,8316208,8259583
573,8184833,8139000
574,8269417,8213292
575,8570167,8507667
576,7635333,7566791
577,8452083,8388625
578,8462250,8401667
579,8301250,8240084
580,8491667,8423709
581,8441333,8385375
582,7979959,7919750
583,8545041,8482125
584,8454959,8398000
585,8594583,8525583
586,8231250,8189750
587,8376417,8293958
588,7927916,7878250
589,8285334,8232084
590,9687791,9592875
591,7438084,7379917
592,8402166,8340625
593,8155000,8106625
594,8389042,8340250
595,8729250,8637417
596,7202625,7148750
597,8675542,8575208
598,8339750,8264666
599,8529500,8480041
600,7924166,7877958
601,8306500,8264000
602,8287000,8235625
603,8104917,8064667
604,8133625,8102292
605,9590458,9535958
606,7261209,7224667
607,8792916,8753958
608,7620209,7591834
609,8716666,8681000
610,8727000,8689459
611,8045542,7988042
612,8478583,8421458
613,8223167,8177584
614,8298792,8240333
615,8333875,8277416
616,8253791,8200500
617,8233709,8177834
618,8695541,8636916
619,8256959,8201209
620,8187083,8134625
621,8370667,8300458
622,8469166,8412208
623,8198459,8149292
624,9107375,9041625
625,8756875,8667666
626,7281583,7223416
627,8325708,8281667
628,8304792,8245750
629,8809583,8709917
630,7789459,7732750
631,8396625,8298875
632,8910500,8851708
633,8663833,8604500
634,7088583,7041208
635,9421292,9333167
636,8177042,8115875
637,8875250,8775750
638,7076625,7021625
639,8112166,8060416
640,10097459,10037167
641,7881166,7792500
642,7975792,7924834
643,8398208,8344292
644,8362834,8305834
645,8769333,8684250
646,7216792,7153958
647,8240125,8188208
648,8838833,8777375
649,8975750,8907542
650,7598292,7539875
651,8434250,8364541
652,8354958,8291666
653,8475625,8421333
654,8421875,8332167
655,8383042,8322750
656,8766750,8697083
657,7604125,7538666
658,8864666,8780000
659,7573959,7498834
660,8766791,8696208
661,8402875,8349792
662,8808125,8742917
663,8118292,8042125
664,7727500,7656417
665,8769667,8703083
666,8583458,8518458
667,7476458,7418958
668,9374709,9319542
669,7525791,7474208
670,8810625,8738125
671,7627167,7564459
672,8469667,8404833
673,9132583,9066958
674,7466708,7410042
675,8689292,8631500
676,9054667,8993042
677,7359125,7295875
678,8386083,8325416
679,8400292,8346333
680,8224000,8182750
681,8677750,8616625
682,8467583,8389625
683,7505125,7443333
684,9251083,9180417
685,7444584,7383917
686,8319833,8258416
687,8450667,8382167
688,8779541,8701416
689,9686500,9594584
690,7243000,7184709
691,7564167,7498250
692,8651417,8600333
693,9358541,9310958
694,7542667,7468584
695,9675083,9592292
696,6940584,6878417
697,8761625,8697208
698,7877958,7817958
699,8860125,8798250
700,7278208,7217250
701,8464667,8413000
702,8358000,8305167
703,8416167,8365708
704,8699083,8642500
705,8934333,8871833
706,7650542,7583542
707,8930542,8859833
708,7312500,7245791
709,8545708,8499750
710,8532042,8481792
711,9251541,9178458
712,7694834,7615334
713,7302000,7241166
714,9563125,9500458
715,7314541,7257375
716,8576917,8521792
717,9161917,9102458
718,7346666,7300125
719,9224959,9166292
720,7597166,7547916
721,8402750,8355334
722,8582417,8493459
723,8684167,8623875
724,7454958,7397000
725,8748750,8686250
726,8632208,8577750
727,8620709,8560334
728,7757000,7699000
729,8825250,8766083
730,7399083,7334166
731,8416042,8356958
732,8643958,8588375
733,8590917,8504083
734,7999125,7892166
735,8810125,8762375
736,7234250,7180833
737,8434125,8387958
738,9062833,9016291
739,8384625,8316000
740,8400458,8344708
741,8695375,8638209
742,7652792,7586542
743,8329292,8265125
744,8292666,8252291
745,7693042,7650417
746,8816458,8779083
747,7644542,7605542
748,8690625,8660500
749,7806292,7770625
750,8759166,8719000
751,7574000,7544542
752,8701500,8671500
753,8600667,8572917
754,8605458,8577042
755,7269042,7252042
756,8760125,8727125
757,8390500,8360750
758,8713000,8682375
759,8605292,8581208
760,7355041,7332833
761,8601959,8580125
762,8515500,8489458
763,8710333,8675416
764,8229875,8178125
765,8201792,8152625
766,9323041,9272833
767,8267584,8214625
768,8717083,8665500
769,7155083,7102708
770,8530709,8476834
771,8402625,8352041
772,8273666,8213625
773,8490834,8424542
774,9189458,9137000
775,7598000,7535333
776,8329250,8278000
777,8649125,8570375
778,9231042,9163750
779,7111583,7057166
780,8619708,8558542
781,8338042,8272000
782,8767000,8696667
783,7993167,7919333
784,8700083,8631583
785,7145417,7090958
786,8455375,8394875
787,8322291,8255833
788,8306084,8254542
789,8958791,8859625
790,8761375,8679209
791,7087334,7037459
792,8371791,8325000
793,9344709,9293584
794,8929000,8829166
795,7633875,7539000
796,8306333,8253791
797,8138333,8084958
798,9100375,9041625
799,7277125,7203834
800,8359917,8290750
801,8525417,8450833
802,8314958,8260166
803,8942167,8838625
804,8451583,8372583
805,7126375,7064375
806,8274083,8191625
807,8553667,8462459
808,8138833,8098333
809,8600000,8501000
810,8273167,8214375
811,8308458,8248042
812,7954875,7908084
813,8975917,8933792
814,7731583,7693333
815,8732792,8697125
816,8374792,8343917
817,7625541,7589666
818,8764375,8729167
819,7628375,7597584
820,8849459,8801334
821,8701750,8667500
822,8438833,8405125
823,7549417,7515083
824,8832250,8800000
825,7705333,7676541
826,8777917,8741458
827,8731875,8698625
828,8162375,8133833
829,7483541,7463000
830,8718584,8681584
831,8746958,8688541
832,7393333,7373917
833,8680709,8653917
834,8329416,8304250
835,8736292,8703209
836,8689708,8652750
837,7375334,7352750
838,9398250,9346208
839,8245708,8196000
840,8508667,8448875
841,8174166,8123250
842,8184417,8138125
843,8286083,8233583
844,8273542,8224459
845,8484333,8426042
846,9363875,9307792
847,7369042,7303125
848,8625875,8565917
849,8608583,8547875
850,8946625,8844542
851,7807250,7711625
852,7961959,7907709
853,8581375,8486333
854,8356541,8294458
855,8365250,8306625
856,8644209,8588500
857,7359125,7301291
858,9958541,9898791
859,7094375,7040209
860,8326959,8273792
861,8666291,8574125
862,8327125,8271459
863,8361959,8304417
864,8663208,8607291
865,7501625,7430875
866,8550875,8498083
867,8508333,8448667
868,7937250,7894292
869,7960875,7919334
870,9007167,8948625
871,7633167,7594750
872,8758416,8719125
873,8315625,8254750
874,8271792,8207584
875,8442542,8379500
876,9141958,9066666
877,7178792,7118583
878,8491375,8427000
879,8237958,8181875
880,8430417,8372458
881,8505083,8409208
882,8163458,8104750
883,8344209,8298209
884,8421250,8352791
885,8866583,8762041
886,8453167,8395292
887,8453541,8399583
888,7601375,7538584
889,8537459,8425084
890,7734708,7683041
891,9102708,9042542
892,8351584,8278125
893,8527916,8468583
894,6949084,6914334
895,9525416,9465541
896,8547125,8484084
897,8373334,8317375
898,8519791,8453333
899,7132667,7084250
900,8733000,8674750
901,8325792,8264000
902,8375083,8309666
903,8380208,8309583
904,8435542,8369417
905,8751292,8647958
906,8451083,8383083
907,7475708,7404458
908,8754334,8686542
909,8389083,8334500
910,8738875,8625042
911,7467583,7389208
912,9243042,9180459
913,7138750,7092917
914,9115875,8985333
915,8457375,8375000
916,8661208,8602042
917,7817875,7725834
918,8612042,8551209
919,8394500,8344833
920,7363083,7319458
921,8690375,8635500
922,8791042,8726500
923,8501500,8451250
924,8443833,8373667
925,7325709,7278334
926,8541458,8499166
927,8685292,8611708
928,8505458,8453041
929,8881625,8792750
930,7595208,7538000
931,8672084,8608000
932,7406083,7364041
933,8847500,8774292
934,9227083,9137083
935,7560917,7501209
936,8433208,8367458
937,8819625,8766167
938,7517292,7459417
939,9246333,9173000
940,7686125,7628459
941,8724667,8662292
942,7953542,7892042
943,8482666,8422875
944,8630417,8574417
945,7887125,7800208
946,8507750,8445083
947,8409583,8348292
948,7470125,7410334
949,8349667,8290459
950,8361542,8304042
951,8213000,8168041
952,8321125,8280125
953,8343458,8296541
954,8926167,8868167
955,8342708,8298750
956,8451583,8389833
957,8735209,8674500
958,7252541,7210458
959,8846000,8775250
960,8399209,8334709
961,8614958,8558541
962,8677958,8617000
963,7479459,7436667
964,8788291,8721125
965,9063375,8978875
966,7798500,7736375
967,7788917,7726209
968,8535417,8471875
969,8930958,8866041
970,7790667,7724167
971,8816458,8750333
972,7213125,7153000
973,7768583,7727125
974,8576334,8553417
975,8471083,8454541
976,7171625,7160333
977,9080583,9045083
978,9528250,9475625
979,8152292,8109584
980,8111625,8080500
981,8279000,8221875
982,8466667,8408375
983,8525375,8473541
984,8777750,8720250
985,7185958,7142250
986,8779375,8726250
987,8475250,8419417
988,8378667,8314792
989,8842875,8775208
990,8441625,8376083
991,7653750,7591000
992,8404125,8343875
993,8893458,8831541
994,7579500,7530000
995,8456500,8392917
996,9024792,8954792
997,7461208,7408750
998,8597375,8554208
999,8839792,8747792
1000,7646125,7580083
1001,9405083,9338416
1002,7307542,7259958
1003,8618875,8554833
1004,8611625,8565708
1005,8632416,8539208
1006,7610500,7564375
1007,8324084,8266792
1008,8118208,8058916
1009,8367542,8314583
1010,9701041,9645083
1011,7874875,7806750
1012,7417459,7371250
1013,8947375,8879791
1014,7912666,7837083
1015,8636167,8571375
1016,8457958,8397625
1017,7468875,7406375
1018,8378959,8316834
1019,8498125,8443333
1020,9451416,9385666
1021,7517709,7453542
1022,8715500,8659458
1023,8532083,8448458
1024,7694000,7630583
1025,8802125,8735667
1026,7651375,7585042
1027,8328375,8279083
1028,8372958,8334417
1029,8639292,8578792
1030,8505375,8446458
1031,8469542,8411125
1032,8144291,8090541
1033,8419625,8370625
1034,8523125,8470250
1035,7604334,7545917
1036,8716375,8654833
1037,8644750,8587250
1038,8628500,8553000
1039,7550916,7493208
1040,8564542,8501750
1041,8893042,8829125
1042,7326083,7252083
1043,9070833,8978208
1044,8766584,8692334
1045,8073791,7973791
1046,7673750,7591875
1047,8590584,8533334
1048,8739958,8671083
1049,7418083,7337958
1050,9421500,9370250
1051,7477709,7400500
1052,8619333,8537208
1053,8787625,8714750
1054,7403917,7334667
1055,8521000,8451666
1056,7845708,7764083
1057,8518167,8442042
1058,8595541,8529708
1059,8387334,8324042
1060,8578833,8504708
1061,8517542,8441833
1062,8184875,8119000
1063,9014208,8954250
1064,7331333,7261042
1065,8653417,8576417
1066,8560625,8471125
1067,7188375,7118583
1068,9104750,9040042
1069,8563583,8487417
1070,8499500,8429375
1071,7327625,7252375
1072,8524167,8416542
1073,8608583,8534750
1074,7920500,7848042
1075,8513959,8436667
1076,8380333,8314666
1077,8702833,8623750
1078,8553917,8480209
1079,7197000,7122375
1080,8849375,8773875
1081,8519375,8450917
1082,8503000,8435208
1083,9200833,9109208
1084,7175667,7096209
1085,8570542,8505792
1086,7839083,7778625
1087,8628625,8555375
1088,8494583,8423875
1089,8705459,8631334
1090,7408833,7323083
1091,8346958,8281542
1092,8985667,8916500
1093,8567500,8496958
1094,8465417,8397917
1095,7174875,7117083
1096,8418208,8356500
1097,8604417,8529583
1098,9303958,9214833
1099,7334250,7259000
1100,8562292,8475167
1101,9019833,8908666
1102,7555875,7476917
1103,8945083,8871292
1104,7811667,7743750
1105,8451792,8383292
1106,8426333,8361416
1107,8625792,8554000
1108,7455958,7383125
1109,8467500,8397958
1110,9530917,9469167
1111,7611708,7533708
1112,8881583,8817208
1113,7409834,7347792
1114,8611625,8541833
1115,8729250,8665041
1116,8028208,7975083
1117,8524000,8452375
1118,8449708,8387417
1119,7248709,7171542
1120,8404375,8347750
1121,8439708,8382750
1122,8798625,8744958
1123,8313125,8257833
1124,8339125,8282083
1125,8445375,8398667
1126,8220417,8170542
1127,8242250,8201916
1128,7797500,7749083
1129,8429875,8378916
1130,8297250,8237083
1131,8469333,8419666
1132,8472375,8426125
1133,8369333,8332167
1134,8011000,7958959
1135,8645334,8581084
1136,8609916,8555500
1137,9110959,9043167
1138,7487916,7400916
1139,8492167,8407292
1140,8250167,8179750
1141,8981916,8915833
1142,7173625,7130167
1143,8384959,8344209
1144,9016750,8941833
1145,9167625,9105958
1146,7230833,7170375
1147,8449667,8384583
1148,8419250,8360541
1149,8479166,8418791
1150,8627334,8558084
1151,7795666,7715291
1152,7966917,7897959
1153,8563708,8497292
1154,8865334,8806042
1155,7238375,7201166
1156,8870333,8817500
1157,8580917,8518333
1158,8377375,8333875
1159,8524750,8473666
1160,7473166,7422500
1161,8520917,8473750
1162,9245000,9157417
1163,7092125,7058167
1164,9024125,8969208
1165,8203792,8168208
1166,8121125,8083625
1167,8238208,8192541
1168,8219917,8182708
1169,8218500,8165166
1170,9820875,9733666
1171,7501666,7434083
1172,9270959,9207042
1173,8420666,8342916
1174,7558084,7491459
1175,9392083,9348083
1176,7340833,7274292
1177,7399625,7343834
1178,8292292,8238042
1179,7754333,7710792
1180,8440250,8420375
1181,9104209,9069917
1182,8651958,8597416
1183,8308250,8256750
1184,8427917,8372375
1185,8628333,8567666
1186,7302875,7260583
1187,8445125,8405583
1188,9473083,9415583
1189,7140500,7089084
1190,8915167,8833459
1191,8440167,8395500
1192,8626625,8570458
1193,7710083,7638833
1194,8581792,8520875
1195,8614250,8560208
1196,8653583,8604625
1197,7948583,7890417
1198,8698917,8636375
1199,7510167,7446250
1200,8418958,8361791
1201,8616083,8563917
1202,9311334,9268875
1203,7603750,7542208
1204,7570375,7521375
1205,8711250,8642375
1206,8583083,8522750
1207,8857875,8791000
1208,7913375,7849958
1209,7845500,7782958
1210,8645875,8585833
1211,8914458,8852875
1212,8131209,8067375
1213,7600541,7534833
1214,8217459,8174209
1215,8505541,8441041
1216,7911334,7870292
1217,7804583,7768666
1218,8903833,8864708
1219,7835750,7793000
1220,8971167,8918584
1221,7766792,7724250
1222,8865750,8825208
1223,7842875,7803500
1224,8620000,8582708
1225,7657833,7620666
1226,8955792,8917417
1227,7680166,7648125
1228,8859334,8825542
1229,8987708,8947125
1230,7713458,7671625
1231,8910917,8861875
1232,7876250,7835708
1233,7918917,7875333
1234,8830250,8791458
1235,7614375,7579958
1236,8571500,8532208
1237,8836083,8800750
1238,7817208,7785583
1239,8883917,8853542
1240,7748958,7713625
1241,8956750,8920292
1242,7544959,7509750
1243,8932625,8893875
1244,7673916,7638166
1245,8891834,8851417
1246,8789791,8756083
1247,7662250,7627542
1248,8474250,8442417
1249,8892000,8855584
1250,7784959,7748084
1251,8787375,8755000
1252,7799041,7762875
1253,8767292,8731375
1254,7460458,7430292
1255,8588959,8560542
1256,8903375,8868291
1257,7703916,7667625
1258,8882792,8848625
1259,7737625,7702542
1260,8542167,8506375
1261,8909000,8873125
1262,7576625,7544125
1263,8854250,8821791
1264,7618791,7585541
1265,8739709,8709792
1266,8448583,8415208
1267,8929042,8888000
1268,7911291,7878916
1269,7691667,7662000
1270,8799583,8766292
1271,8741875,8709459
1272,8469709,8435584
1273,7754500,7712666
1274,8790458,8757000
1275,7664333,7633250
1276,8810459,8776875
1277,7515833,7481458
1278,8901583,8866417
1279,8716792,8676292
1280,7678167,7645000
1281,8911666,8875583
1282,7536625,7505000
1283,8702250,8666625
1284,8608750,8570500
1285,7617667,7589042
1286,8869125,8841667
1287,9015292,8977708
1288,7727166,7692458
1289,9060834,9018750
1290,7379208,7342625
1291,8792083,8756042
1292,7644417,7607792
1293,8816250,8779250
1294,8604000,8582875
1295,7457208,7436167
1296,8686250,8662375
1297,8216500,8195334
1298,8676792,8648584
1299,8522167,8504125
1300,7455666,7432458
1301,8604750,8581375
1302,8642084,8609209
1303,8644166,8623791
1304,7491792,7466209
1305,8675417,8657000
1306,8580916,8558041
1307,8576417,8554959
1308,8234917,8209958
1309,7619250,7587791
1310,8824125,8796375
1311,8573208,8547958
1312,7703708,7666625
1313,8770000,8725584
1314,8524000,8476292
1315,7751834,7714167
1316,8931291,8887625
1317,7713042,7678542
1318,8914083,8881292
1319,7845625,7791875
1320,8655042,8621709
1321,9761500,9692042
1322,7402042,7333833
1323,8298125,8245375
1324,8529750,8469458
1325,8710750,8643833
1326,7973083,7913541
1327,8401833,8327833
1328,8547750,8483917
1329,8577917,8523125
1330,8475500,8426917
1331,7359167,7292917
1332,9236083,9183541
1333,7382708,7322667
1334,8657792,8601834
1335,8615708,8556542
1336,8249334,8197292
1337,8646125,8588958
1338,7795500,7722541
1339,8361833,8301583
1340,8554375,8507000
1341,8588167,8528708
1342,8719500,8656958
1343,7124625,7082583
1344,8743250,8691583
1345,8628208,8550500
1346,8518167,8442708
1347,7491250,7412583
1348,8652791,8571333
1349,8742292,8653750
1350,8176708,8106875
1351,8695042,8610084
1352,7396875,7331542
1353,8676167,8610500
1354,8541041,8464750
1355,8675292,8611959
1356,7966042,7901000
1357,8667250,8599208
1358,7444250,7371458
1359,8572250,8508583
1360,8606041,8534166
1361,8644875,8584750
1362,7982334,7915459
1363,8600083,8517958
1364,9046083,8988875
1365,7724834,7645042
1366,8822333,8764458
1367,7406583,7348167
1368,9454250,9383667
1369,7173625,7111417
1370,8672500,8599834
1371,9377292,9314917
1372,7955250,7874042
1373,7258208,7199042
1374,8389417,8341209
1375,8401500,8347917
1376,8882500,8832292
1377,7528208,7465958
1378,8587667,8529209
1379,8708375,8625667
1380,8565875,8506750
1381,7532792,7472375
1382,8664791,8611041
1383,8691917,8632167
1384,7414917,7367042
1385,8643000,8586250
1386,8143125,8098041
1387,8487125,8440250
1388,8650250,8593625
1389,8971708,8894708
1390,7686375,7623875
1391,8611292,8545083
1392,8559416,8495208
1393,7359917,7310042
1394,8551333,8492500
1395,8819209,8740250
1396,8433708,8364083
1397,7362125,7308833
1398,9277292,9185500
1399,8508583,8451833
1400,7236958,7175167
1401,8302000,8234875
1402,8521000,8452042
1403,8508125,8434292
1404,9106375,9060584
1405,7490042,7443584
1406,8140625,8093083
1407,8678333,8563667
1408,8208334,8146375
1409,8389375,8323583
1410,9211291,9154916
1411,7153542,7089750
1412,7740167,7699958
1413,8965708,8911458
1414,8234875,8183583
1415,8175000,8131708
1416,8772292,8697417
1417,8331500,8259333
1418,8454500,8372166
1419,8471083,8402875
1420,8587125,8528125
1421,8569292,8514500
1422,7465750,7389750
1423,8263250,8203333
1424,8366208,8312791
1425,8653083,8583625
1426,8593959,8539000
1427,8565166,8497375
1428,7734000,7669250
1429,8604625,8541250
1430,8639750,8570250
1431,8579500,8509417
1432,7319459,7251209
1433,8492041,8436000
1434,9545792,9477875
1435,7422417,7350000
1436,8797791,8717791
1437,7527542,7472750
1438,8813833,8733083
1439,8859834,8792542
1440,8400083,8338833
1441,7422500,7371500
1442,8730625,8647917
1443,8641083,8578875
1444,7467625,7390375
1445,8721167,8640292
1446,8419708,8338208
1447,8548250,8477209
1448,7356209,7307084
1449,8682500,8608083
1450,8489541,8433333
1451,8809209,8736917
1452,8162250,8087041
1453,8798125,8711375
1454,7394833,7340250
1455,8604958,8520083
1456,8786125,8724125
1457,7309459,7250542
1458,9063875,8994958
1459,8711791,8625750
1460,6810125,6775250
1461,8919375,8876500
1462,8483292,8415209
1463,8405750,8331250
1464,8728917,8667708
1465,8406458,8358375
1466,8330833,8276792
1467,8369250,8318334
1468,8499084,8461167
1469,7096750,7049416
1470,8653500,8579000
1471,8299666,8217250
1472,8525417,8456584
1473,8611583,8552625
1474,8563542,8511625
1475,8424833,8369750
1476,7586584,7516000
1477,8370916,8301416
1478,8607250,8549500
1479,8519209,8464000
1480,8477208,8401875
1481,8576917,8520792
1482,7887541,7800458
1483,8380125,8316834
1484,8481834,8431000
1485,8747958,8689166
1486,7245208,7179500
1487,8445125,8383875
1488,8784084,8719542
1489,8384750,8315208
1490,8672458,8610333
1491,7183875,7130583
1492,7909750,7867667
1493,8991625,8946542
1494,7510875,7482750
1495,8843333,8804125
1496,8996375,8960125
1497,7746334,7707292
1498,7757208,7721875
1499,8971000,8922583
1500,8466708,8420292
1501,7652750,7619875
1502,8919292,8883959
1503,8408833,8340083
1504,8359875,8291584
1505,8504417,8428167
1506,7934042,7878292
1507,8382750,8321875
1508,8560666,8495500
1509,8706542,8628959
1510,8776625,8706625
1511,7488042,7390583
1512,9651791,9585166
1513,7638542,7552917
1514,8665000,8610375
1515,7191375,7136833
1516,8273000,8217000
1517,8260583,8202792
1518,9347167,9263292
1519,8839792,8771375
1520,7444000,7370666
1521,9136708,9069416
1522,7534708,7467875
1523,8607042,8560500
1524,9037333,8983667
1525,7338750,7292917
1526,8555875,8497334
1527,8404542,8333709
1528,8581083,8520917
1529,7563500,7493542
1530,9298042,9237084
1531,7349292,7294000
1532,8440125,8381625
1533,7761208,7718458
1534,8954458,8907042
1535,8392959,8337542
1536,7896583,7861000
1537,8229875,8163583
1538,8253125,8202667
1539,9705250,9646208
1540,7282042,7210167
1541,8404375,8336458
1542,8970041,8910916
1543,8482125,8411000
1544,7212334,7147834
1545,8541458,8481625
1546,8799375,8696333
1547,8636125,8561958
1548,8654125,8591000
1549,7406375,7346625
1550,8782042,8702792
1551,8486416,8427416
1552,8797000,8737000
1553,7511709,7442875
1554,8627333,8553125
1555,8660167,8590708
1556,7612416,7544625
1557,8637000,8566917
1558,8838334,8774709
1559,7465916,7409666
1560,9164334,9110000
1561,7495000,7419875
1562,8876791,8808000
1563,8594917,8529417
1564,7396667,7346083
1565,8645000,8569000
1566,8530250,8449833
1567,8807500,8731375
1568,7472791,7420375
1569,8814917,8743792
1570,8506000,8448917
1571,8453667,8386792
1572,8181875,8130416
1573,8546791,8455666
1574,7296500,7245042
1575,8365292,8310625
1576,8705375,8634625
1577,8347625,8292167
1578,7673458,7610833
1579,9854125,9791042
1580,7231292,7178417
1581,8539167,8445000
1582,8731541,8643291
1583,8324209,8270334
1584,7317958,7241166
1585,8524083,8458667
1586,8443375,8355417
1587,8658542,8579042
1588,8710750,8644542
1589,8650917,8604333
1590,7874500,7819833
1591,8550333,8490666
1592,8775083,8719542
1593,7553125,7500625
1594,8702125,8644042
1595,7137209,7072750
1596,8648375,8578458
1597,8271208,8198250
1598,8503167,8440500
1599,8401458,8346041
1600,8615208,8535250
1601,9097000,8974667
1602,8041209,7960042
1603,7358250,7282916
1604,8518916,8466625
1605,8861417,8809250
1606,8481542,8436042
1607,7896083,7863750
1608,7444583,7399083
1609,8944667,8895834
1610,7791917,7752917
1611,8991000,8960375
1612,7573416,7534208
1613,9003000,8969500
1614,7404250,7359084
1615,8908875,8870167
1616,8763375,8733459
1617,7705417,7663584
1618,8864250,8830125
1619,7595000,7561750
1620,8526375,8482708
1621,8740625,8705417
1622,7628333,7591625
1623,8661125,8630667
1624,9099709,9060875
1625,8215708,8167833
1626,8687583,8618792
1627,8185709,8137334
1628,8131583,8098500
1629,8475083,8422583
1630,8263959,8220292
1631,8216583,8174750
1632,8703167,8648958
1633,8087375,8051625
1634,8163541,8126583
1635,8026125,8002334
1636,7999667,7965709
1637,9699833,9642208
1638,7977625,7931417
1639,8179875,8144542
1640,7495250,7475042
1641,8496292,8466000
1642,8648833,8626208
1643,7435375,7416042
1644,8473000,8456417
1645,8146500,8119459
1646,8738167,8703792
1647,8683083,8659000
1648,7504959,7482209
1649,8474583,8456125
1650,8558208,8535083
1651,8224584,8195959
1652,8682916,8654583
1653,8571959,8546792
1654,7367875,7347833
1655,8506833,8487416
1656,8380792,8369125
1657,8175375,8149916
1658,8477375,8456875
1659,8308000,8295750
1660,8479333,8459958
1661,8662083,8631625
1662,8636625,8597417
1663,7609292,7571417
1664,8739833,8706083
1665,8869417,8830459
1666,7681792,7644500
1667,8581958,8557375
1668,8103583,8086458
1669,8507875,8482792
1670,8644792,8619417
1671,7403792,7382458
1672,8573541,8554000
1673,8556750,8537125
1674,8281917,8253875
1675,8442583,8422875
1676,8628709,8592167
1677,7498458,7471416
1678,8588500,8538875
1679,8530750,8479000
1680,8358833,8327375
1681,8578667,8553375
1682,8541708,8514417
1683,7340000,7322125
1684,8504542,8484500
1685,8721958,8693375
1686,8421459,8391167
1687,8521416,8487500
1688,7616709,7594375
1689,8365750,8353666
1690,8395000,8380541
1691,8393750,8377583
1692,8402250,8386958
1693,7997166,7983958
1694,8530667,8509000
1695,8318583,8303458
1696,8319167,8306792
1697,8242417,8232625
1698,8223375,8211541
1699,9196625,9182000
1700,8289208,8278666
1701,8184292,8174792
1702,8289833,8277375
1703,8250500,8240375
1704,7668083,7657583
1705,8337417,8323250
1706,8337542,8329375
1707,8339583,8325833
1708,8304875,8290042
1709,8256333,8245500
1710,9306250,9298292
1711,8010667,7995417
1712,8562875,8543583
1713,8495875,8479667
1714,9264167,9223625
1715,8227666,8187750
1716,8088334,8055084
1717,7383666,7363083
1718,8481334,8467417
1719,8481708,8464625
1720,9169208,9132333
1721,8495459,8422750
1722,7653708,7601375
1723,8207000,8157375
1724,8245125,8206833
1725,8212750,8176000
1726,9757083,9692625
1727,7233459,7191292
1728,8816333,8766916
1729,7658750,7630958
1730,8551708,8524000
1731,7330209,7310959
1732,9018666,8979750
1733,8697625,8664875
1734,7331417,7306834
1735,8585958,8562000
1736,8800542,8766709
1737,8909125,8878333
1738,7685167,7652167
1739,9010541,8963958
1740,7230334,7199834
1741,8846875,8815250
1742,8920166,8884250
1743,7707459,7671750
1744,8937166,8904208
1745,7606959,7576625
1746,8583250,8548416
1747,7616583,7587958
1748,8611417,8584958
1749,8682250,8644500
1750,8712416,8683708
1751,7483125,7458375
1752,8574125,8544084
1753,8852459,8818250
1754,7578833,7547708
1755,8720917,8677625
1756,8824541,8782083
1757,7628834,7598334
1758,8521958,8484708
1759,8822417,8780083
1760,7377625,7359291
1761,8690916,8659458
1762,8428209,8413750
1763,8521666,8497458
1764,8200625,8179625
1765,8677042,8652959
1766,7535917,7510292
1767,8691041,8662083
1768,8517459,8495209
1769,8395083,8376708
1770,8052417,8038583
1771,8430416,8412291
1772,8539375,8518417
1773,7493000,7467625
1774,8612875,8582542
1775,8413959,8399292
1776,8133666,8107291
1777,8494750,8475167
1778,8843084,8808542
1779,8403708,8385250
1780,7420500,7401417
1781,8646875,8617792
1782,8415750,8390125
1783,8670333,8644708
1784,8497917,8482625
1785,7404375,7384750
1786,8859667,8805333
1787,8660916,8631083
1788,8443292,8417000
1789,7627792,7596625
1790,8740041,8708500
1791,8904917,8862792
1792,7548792,7521500
1793,8780500,8749375
1794,8482958,8455750
1795,7677500,7642833
1796,8949083,8922625
1797,7696167,7655875
1798,9518792,9472042
1799,8108291,8070833
1800,8565917,8517084
1801,8359000,8323417
1802,8328583,8273750
1803,8438709,8392875
1804,8298791,8268083
1805,8467125,8414000
1806,8414959,8309375
1807,8395000,8317375
1808,6545916,6513875
1809,8936125,8890709
1810,8963000,8900709
1811,7765042,7727250
1812,8499083,8472750
1813,8715250,8683875
1814,7836500,7803167
1815,7552250,7526125
1816,8882042,8840167
1817,8936083,8902417
1818,7441250,7405584
1819,8761167,8726709
1820,8902917,8869917
1821,7585375,7545291
1822,8814000,8784625
1823,7741958,7706208
1824,8772583,8742000
1825,7706584,7679500
1826,8788458,8747250
1827,8885125,8853750
1828,7712083,7670792
1829,9470292,9425375
1830,8599500,8555042
1831,6598125,6564708
1832,8817917,8787625
1833,8490458,8415958
1834,8436750,8399083
1835,8286000,8233958
1836,8685375,8645708
1837,8393083,8352833
1838,8440959,8395875
1839,8377333,8336500
1840,8333250,8296125
1841,8381583,8336500
1842,7712667,7668667
1843,8331000,8280708
1844,8194375,8149792
1845,8482917,8430583
1846,8547250,8515166
1847,8307958,8273291
1848,8221750,8182375
1849,8330250,8290667
1850,8000375,7970375
1851,8974667,8942833
1852,7618833,7582750
1853,8847875,8818417
1854,7375167,7337708
1855,8829625,8793583
1856,8928708,8900458
1857,7837083,7805292
1858,7706542,7667709
1859,8797083,8766375
1860,8579417,8549584
1861,7713000,7679708
1862,8821667,8794875
1863,8755625,8727625
1864,7433375,7414958
1865,8640291,8617750
1866,8346375,8312834
1867,8699334,8675750
1868,7400375,7381458
1869,8373041,8360750
1870,8450292,8437334
1871,8569000,8547417
1872,8106125,8085083
1873,8498000,8478917
1874,8369125,8354583
1875,8508375,8488000
1876,8566042,8543042
1877,7360625,7341916
1878,8405000,8393458
1879,9514083,9487666
1880,7356917,7341833
1881,8633958,8614625
1882,8497792,8480083
1883,8361583,8345666
1884,8136917,8118750
1885,8577625,8557125
1886,8618250,8592625
1887,7470291,7445875
1888,8479334,8463125
1889,8771916,8741666
1890,8327542,8298959
1891,8789250,8752292
1892,7978875,7920417
1893,7782500,7743542
1894,8912500,8867667
1895,7693042,7656833
1896,8717791,8682458
1897,8330875,8301209
1898,8601875,8566625
1899,7603084,7573042
1900,8770166,8735833
1901,8761834,8727209
1902,8198333,8167041
1903,7711125,7675167
1904,8796375,8752625
1905,8935083,8898542
1906,7510875,7481667
1907,8832584,8787209
1908,8355791,8324583
1909,7614625,7580125
1910,8880834,8837209
1911,8809583,8767041
1912,7527542,7490792
1913,8744750,8708250
1914,8539916,8500000
1915,7571584,7543000
1916,8963458,8927333
1917,7535208,7503417
1918,8717542,8683959
1919,8666958,8638375
1920,8470209,8440375
1921,7500125,7475916
1922,8817416,8781666
1923,9043125,8992834
1924,7622750,7595125
1925,8658042,8633000
1926,8650708,8618750
1927,7484042,7462125
1928,8723792,8688917
1929,7650000,7605333
1930,8609750,8584916
1931,8496833,8480208
1932,8761958,8717667
1933,7660084,7624917
1934,8671375,8645500
1935,8950875,8916541
1936,7464041,7436208
1937,8829417,8792334
1938,8677708,8648042
1939,7645334,7610292
1940,8815958,8782333
1941,7630583,7599000
1942,8783459,8736584
1943,8796666,8752458
1944,7160959,7138417
1945,8594000,8565041
1946,9503166,9437750
1947,8495000,8441084
1948,8299084,8253167
1949,8523541,8470166
1950,7675792,7608417
1951,8190167,8124375
1952,8491500,8430916
1953,8773875,8716500
1954,8555166,8488208
1955,8109250,8067042
1956,7569584,7500334
1957,8154333,8110375
1958,9744500,9682500
1959,7091000,7020875
1960,8311833,8250667
1961,8363084,8312542
1962,8681333,8601541
1963,8447333,8370917
1964,8729000,8664667
1965,9211250,9145167
1966,7432167,7351792
1967,8668875,8608417
1968,8677542,8612667
1969,7369666,7299458
1970,8487667,8412542
1971,8368083,8301458
1972,9357667,9286834
1973,7618542,7555417
1974,8254125,8200916
1975,7342916,7283958
1976,8398542,8355292
1977,8566667,8477458
1978,8536875,8455500
1979,8355125,8281041
1980,8006375,7930750
1981,8254416,8191666
1982,7844792,7805375
1983,8895042,8862125
1984,7682291,7644166
1985,8621625,8594500
1986,8783125,8748709
1987,7603250,7576875
1988,9085375,9055292
1989,7687834,7655292
1990,8933500,8896250
1991,7796041,7751500
1992,8552542,8515709
1993,7724167,7667458
1994,9036041,8999833
1995,7650084,7621125
1996,8978791,8946291
1997,7597750,7571584
1998,8777959,8737042
1999,8556083,8522250
2000,7739667,7691542
2001,8887541,8844500
2002,8908334,8871584
2003,7574333,7521541
2004,8509458,8470625
2005,8796250,8755125
2006,7522834,7491917
2007,8601666,8564208
2008,8915959,8871417
2009,7358541,7336458
2010,8427250,8395000
2011,8660292,8629709
2012,8538917,8510083
2013,7479041,7449083
2014,8738292,8706334
2015,8751083,8716708
2016,8393500,8364834
2017,7360542,7345459
2018,8537208,8512917
2019,8340792,8328875
2020,8232292,8221042
2021,8501750,8479166
2022,8319166,8300500
2023,8503084,8481625
2024,8595791,8574958
2025,8398750,8384084
2026,8605250,8583959
2027,7268167,7249875
2028,8490875,8472375
2029,9314208,9288250
2030,7464709,7437709
2031,8365750,8349166
2032,8416916,8402750
2033,8428209,8414584
2034,8157666,8140000
2035,9029667,8994292
2036,8135125,8093750
2037,9638958,9591458
2038,6412000,6378917
2039,8479792,8461417
2040,8182375,8158583
2041,8406292,8388417
2042,8395041,8380791
2043,8389834,8371292
2044,8260833,8252166
2045,8236250,8227167
2046,8441917,8420542
2047,8695208,8657250
2048,9131417,9098875
2049,8298041,8252208
2050,8192709,8155792
2051,8215541,8170083
2052,8892750,8845750
2053,8121292,8075584
2054,8717167,8651250
2055,8276333,8225041
2056,9052000,8861250
2057,7074083,7021167
2058,7900417,7848834
2059,8246667,8210542
2060,9613208,9551333
2061,7199375,7158083
2062,8922208,8848375
2063,8475000,8408709
2064,8729792,8672334
2065,7285458,7237250
2066,8903625,8833084
2067,8457125,8413417
2068,9012125,8954125
2069,7594750,7531750
2070,7937084,7889542
2071,8138708,8092916
2072,8914000,8860708
2073,9009083,8943375
2074,7232709,7172667
2075,8613750,8571416
2076,8063000,8014125
2077,8738125,8673250
2078,8721500,8659583
2079,7304458,7261916
2080,8767542,8720792
2081,8785250,8711791
2082,8036666,7972375
2083,8326000,8278125
2084,8836959,8783042
2085,7154000,7110125
2086,8145666,8101750
2087,9517750,9472250
2088,7608625,7560709
2089,8287792,8254125
2090,8200417,8167042
2091,8326041,8275625
2092,9248417,9160417
2093,9113583,9040167
2094,7268000,7216459
2095,8358750,8315584
2096,8820834,8745917
2097,7262416,7208666
2098,9203709,9150959
2099,8618041,8572291
2100,8265334,8209834
2101,7300791,7254333
2102,9028792,8964167
2103,8511875,8469917
2104,7355417,7308625
2105,8736416,8679875
2106,8364375,8306667
2107,8726917,8668875
2108,10992917,10934250
2109,4687250,4642166
2110,8321333,8274458
2111,9271250,9234250
2112,8398000,8335458
2113,8461000,8419375
2114,8353250,8309417
2115,7397792,7351125
2116,8537708,8479208
2117,8761458,8699833
2118,8746042,8690042
2119,7529542,7470792
2120,8479166,8436500
2121,9058959,8996667
2122,7546791,7487666
2123,8358709,8304250
2124,8710541,8652458
2125,8369334,8307709
2126,8389875,8337541
2127,9211500,9157083
2128,7306750,7262083
2129,8376708,8320750
2130,7562375,7509583
2131,8328958,8278958
2132,9629417,9576875
2133,7232292,7183958
2134,8573000,8513583
2135,9415875,9317791
2136,7982250,7906541
2137,7300000,7239291
2138,8549500,8496833
2139,8467458,8423083
2140,8914083,8853625
2141,7357834,7293834
2142,8464541,8405958
2143,8486834,8451250
2144,8452291,8413625
2145,8802125,8746084
2146,8570792,8493042
2147,7765292,7692542
2148,8622125,8563583
2149,8701583,8646250
2150,7401750,7343875
2151,9120333,9064000
2152,8205292,8129000
2153,8050083,7961500
2154,8881209,8818417
2155,7107000,7055666
2156,8231666,8184166
2157,8333959,8286334
2158,8410916,8357958
2159,8393542,8346750
2160,8860625,8818958
2161,8671542,8585500
2162,8979375,8932708
2163,7337916,7290541
2164,8139834,8103250
2165,8395958,8339333
2166,8521167,8471583
2167,8556250,8494500
2168,8284083,8243583
2169,8973500,8925250
2170,7164458,7130792
2171,8111167,8066167
2172,9141583,9072042
2173,8361917,8316917
2174,9253708,9213125
2175,7259167,7218750
2176,8706833,8628833
2177,7639959,7594834
2178,7773250,7717916
2179,9864250,9820000
2180,7241541,7201416
2181,8449417,8386584
2182,8478708,8426625
2183,9381667,9321875
2184,7111708,7049667
2185,8291375,8243834
2186,8470875,8409750
2187,9438209,9383792
2188,7415666,7364666
2189,8705084,8643084
2190,8256541,8205083
2191,7159584,7106917
2192,8389333,8343875
2193,8263208,8217667
2194,9377792,9310292
2195,9261542,9220125
2196,7231916,7160208
2197,8680417,8626417
2198,7444417,7391333
2199,9261333,9187333
2200,7305375,7248292
2201,8380917,8323250
2202,9195458,9143500
2203,8264417,8221083
2204,7895958,7837291
2205,8487417,8440583
2206,8569041,8506500
2207,8912167,8848084
2208,6722000,6686417
2209,10005667,9959333
2210,7216000,7168458
2211,8913083,8842708
2212,9558375,9502417
2213,6269792,6206542
2214,9376083,9334791
2215,7085583,7040750
2216,9970625,9918375
2217,7453667,7391834
2218,8450042,8391292
2219,8127125,8085791
2220,8355416,8313375
2221,8375542,8309250
2222,9101792,9051125
2223,7511625,7455583
2224,8445458,8402750
2225,8946458,8876750
2226,7484459,7430709
2227,8382250,8330250
2228,8586958,8535208
2229,8863000,8804417
2230,7452250,7396125
2231,8856792,8793583
2232,8317375,8262666
2233,8440083,8389291
2234,7742167,7660125
2235,9313041,9263541
2236,7745000,7697459
2237,8642625,8580875
2238,8142084,8090250
2239,8427500,8370583
2240,7078083,7025041
2241,9601875,9531083
2242,7126500,7072083
2243,10117917,10035875
2244,6693833,6641500
2245,8368958,8329042
2246,8401875,8344375
2247,8367167,8317000
2248,8306208,8266500
2249,8448292,8360292
2250,8357542,8301667
2251,8594041,8521458
2252,9274417,9220459
2253,7793417,7744167
2254,8482791,8429625
2255,7992417,7934459
2256,9256917,9196250
2257,7512833,7454125
2258,8616708,8566042
2259,7884834,7820167
2260,8616833,8587041
2261,8851750,8784292
2262,7884500,7827833
2263,7421250,7365208
2264,8335917,8299708
2265,8648833,8619958
2266,8764875,8707750
2267,8952167,8897875
2268,7026708,6973208
2269,8419583,8378625
2270,8505625,8456250
2271,7971625,7941834
2272,8500292,8437750
2273,8758750,8704917
2274,8236833,8189583
2275,8543375,8485167
2276,8755709,8711625
2277,8036250,7956208
2278,8803708,8744708
2279,7205208,7155000
2280,8880417,8830834
2281,8430083,8361417
2282,9025167,8946250
2283,7435458,7383875
2284,8339959,8305125
2285,8869250,8810750
2286,7476500,7416916
2287,8798125,8741791
2288,8231958,8185916
2289,8156417,8113583
2290,9397791,9326958
2291,7745084,7672875
2292,8632083,8571541
2293,7072125,7035500
2294,8441375,8392792
2295,8311292,8257792
2296,9283750,9220333
2297,7696083,7638916
2298,8190083,8134250
2299,8186750,8134709
2300,8701459,8653584
2301,8603125,8523416
2302,8321125,8270583
2303,8575041,8526541
2304,7905084,7843375
2305,8516000,8463000
2306,8717625,8661500
2307,7377333,7318208
2308,8519000,8462667
2309,8751750,8702167
2310,7956917,7907875
2311,8410041,8326958
2312,9374500,9321542
2313,7093417,7049042
2314,8561083,8507292
2315,8922125,8859167
2316,8245250,8170084
2317,7161667,7101000
2318,8875583,8811625
2319,8419292,8376542
2320,8290750,8258333
2321,9297292,9236167
2322,7039041,6983583
2323,8547750,8489125
2324,8426792,8388292
2325,9090750,9014083
2326,7446292,7374375
2327,8660541,8602125
2328,8192000,8136459
2329,8322875,8283000
2330,9033834,8996667
2331,7741708,7681791
2332,9677042,9582000
2333,7635833,7572083
2334,7429375,7375167
2335,8403708,8354583
2336,8148959,8107375
2337,9217541,9130458
2338,7101667,7064500
2339,9615833,9560208
2340,7982334,7935084
2341,9666541,9593166
2342,6428459,6372625
2343,9315666,9248583
2344,7451584,7402750
2345,8355333,8307375
2346,9301917,9234958
2347,7148041,7102791
2348,8465834,8405375
2349,8156500,8106500
2350,8500250,8433250
2351,8759833,8723000
2352,7639583,7591958
2353,8712959,8669917
2354,8840291,8794916
2355,8793750,8747459
2356,7675250,7611875
2357,8657667,8597959
2358,8339500,8289417
2359,7096958,7057750
2360,10429125,10368542
2361,7929209,7862667
2362,8526666,8441416
2363,7543959,7480750
2364,8166458,8116625
2365,8556333,8501083
2366,8635334,8560084
2367,8004833,7923208
2368,8460125,8401875
2369,7271333,7218000
2370,9019667,8956959
2371,8438750,8379125
2372,8121083,8075917
2373,8542792,8480209
2374,9245792,9192000
2375,7633958,7542791
2376,7307167,7254833
2377,8587666,8530666
2378,8603542,8557667
2379,8932083,8861875
2380,7101959,7067709
2381,8555416,8497458
2382,8653834,8576542
2383,8452875,8403875
2384,8161625,8121333
2385,8724916,8669291
2386,8437417,8372875
2387,8653542,8601667
2388,7690166,7629625
2389,8376500,8320709
2390,8328459,8266292
2391,8741125,8666041
2392,8880500,8805333
2393,7288333,7236000
2394,9763667,9689375
2395,7412166,7354958
2396,8499917,8424042
2397,7970417,7909125
2398,8510541,8454000
2399,9116292,9071792
2400,7741333,7690625
2401,7228167,7172750
2402,9230917,9172583
2403,8818375,8780291
2404,8526208,8462083
2405,7305667,7247167
2406,8536958,8464583
2407,8494958,8435792
2408,8572125,8515500
2409,7505250,7458375
2410,9662792,9581167
2411,7399500,7344083
2412,7870958,7816917
2413,8264250,8212959
2414,8409167,8356709
2415,8161167,8122750
2416,8280833,8234625
2417,8444208,8394917
2418,9061125,8999125
2419,8588125,8521459
2420,7251917,7193625
2421,9260375,9152500
2422,7196792,7138958
2423,9465833,9416000
2424,8175542,8116417
2425,9108083,9064875
2426,7566083,7504250
2427,9253667,9200000
2428,7714750,7672250
2429,8396833,8317542
2430,7816417,7756209
2431,8482625,8439375
2432,8941000,8874125
2433,7448708,7381917
2434,8163667,8116625
2435,9547083,9468167
2436,6934667,6883084
2437,8256125,8204417
2438,9112333,9022083
2439,8452542,8404542
2440,8002417,7948458
2441,8456958,8392708
2442,7920833,7863125
2443,8276375,8220542
2444,8516459,8464667
2445,9638083,9573708
2446,7311458,7242542
2447,8327667,8265000
2448,8002708,7916667
2449,8529042,8464917
2450,8976250,8914958
2451,7446917,7381083
2452,8410833,8354541
2453,8552333,8499958
2454,8811500,8743625
2455,7144334,7087709
2456,9316000,9227083
2457,7419500,7358041
2458,8717125,8624083
2459,8905791,8845166
2460,8265167,8204000
2461,8551208,8491583
2462,7425500,7371667
2463,8861250,8800875
2464,9225459,9177459
2465,7149041,7085583
2466,8643750,8576125
2467,8664250,8604667
2468,7473834,7422917
2469,8375416,8331791
2470,8537542,8482167
2471,8864167,8805417
2472,8240166,8181125
2473,7224625,7176417
2474,8825042,8753084
2475,8883542,8818917
2476,8816583,8740416
2477,8511833,8424625
2478,6844417,6787459
2479,8845542,8784500
2480,8795416,8744750
2481,7744959,7683917
2482,8591208,8530083
2483,8050667,8016542
2484,9034625,8983333
2485,7573000,7523916
2486,8614333,8566291
2487,9439875,9393667
2488,7615125,7569458
2489,8380167,8329250
2490,8176791,8131250
2491,8261500,8197084
2492,8346667,8296209
2493,8555417,8504250
2494,7614541,7554500
2495,8561750,8503750
2496,8086542,8026875
2497,8389750,8335417
2498,8394917,8344625
2499,8116125,8082500
2500,8352833,8303125
2501,8620167,8524208
2502,8557625,8490083
2503,8531750,8471125
2504,7331583,7282375
2505,8675292,8617167
2506,8476541,8420916
2507,8517042,8472250
2508,8192708,8145500
2509,8375250,8334542
2510,8678125,8626459
2511,8617084,8579667
2512,8412125,8321375
2513,7925750,7874000
2514,8281833,8234666
2515,8249792,8203542
2516,8750458,8693875
2517,7805000,7725125
2518,9097792,9027167
2519,7259541,7204958
2520,8435417,8384250
2521,8347458,8289667
2522,8798459,8735709
2523,9204375,9162875
2524,7291916,7247333
2525,8446084,8399209
2526,8174833,8124750
2527,8641208,8575833
2528,7283209,7233375
2529,7758583,7721166
2530,8643625,8617375
2531,8818875,8781833
2532,8312292,8284667
2533,7685666,7650250
2534,8863834,8827209
2535,7563875,7530875
2536,8675166,8641625
2537,8750875,8714667
2538,8352000,8314084
2539,7742959,7702209
2540,8740500,8706750
2541,8751291,8716208
2542,7647000,7610042
2543,8641917,8605417
2544,8302083,8271542
2545,8959084,8920084
2546,7667791,7634708
2547,8831875,8792959
2548,7635459,7598875
2549,8828166,8791416
2550,9045917,8999750
2551,8142167,8089458
2552,8018916,7982500
2553,8180334,8136292
2554,8317333,8264666
2555,8253750,8203875
2556,8568500,8519125
2557,8345625,8294625
2558,8371375,8321042
2559,8197292,8134667
2560,8571041,8513958
2561,8716500,8652917
2562,7917375,7872625
2563,8466917,8411125
2564,8680292,8592208
2565,9868416,9778833
2566,6234417,6185709
2567,9425625,9341917
2568,6877583,6843042
2569,8468000,8415667
2570,8665625,8611334
2571,8169500,8115125
2572,9531709,9451917
2573,7633583,7566958
2574,8259833,8200542
2575,8503000,8451209
2576,8754500,8705125
2577,7427375,7376000
2578,8741542,8664750
2579,9325500,9246583
2580,7397542,7345625
2581,8586166,8532708
2582,7180709,7127542
2583,8493791,8460250
2584,8618125,8553334
2585,8586334,8499167
2586,8488291,8399291
2587,8804750,8744375
2588,7209917,7159459
2589,8406625,8350750
2590,8436500,8355833
2591,8294583,8229542
2592,9097792,9053334
2593,7103250,7053167
2594,9684167,9628917
2595,7092291,7043291
2596,8339834,8288292
2597,8305083,8252541
2598,9258500,9208667
2599,8552458,8499625
2600,7237917,7182500
2601,8219375,8167583
2602,9396125,9353875
2603,8216000,8162625
2604,7432208,7388417
2605,8165834,8118625
2606,9370541,9319208
2607,8309084,8259084
2608,8193000,8145916
2609,8320333,8256583
2610,8188667,8136333
2611,8143791,8094250
2612,8286292,8225500
2613,8243250,8180667
2614,8675375,8591208
2615,8296708,8214417
2616,8650084,8601417
2617,8496916,8449750
2618,8297875,8255834
2619,8379334,8321417
2620,8160625,8116375
2621,9040875,8980375
2622,7571541,7499916
2623,8478500,8429417
2624,8454084,8391750
2625,9074791,9007000
2626,7489375,7428584
2627,8799417,8746875
2628,6895167,6837542
2629,9744750,9684666
2630,7478291,7415416
2631,8228000,8176709
2632,7706584,7662125
2633,8976875,8944458
2634,7464291,7431125
2635,8658000,8632375
2636,9065417,9030459
2637,8217208,8176292
2638,8378500,8339709
2639,8117417,8072667
2640,8731875,8677125
2641,7931042,7898917
2642,8429166,8387500
2643,8365584,8326542
2644,8362000,8322416
2645,8533375,8472541
2646,8169708,8119333
2647,8423958,8378042
2648,8294250,8259875
2649,9553334,9504959
2650,7448500,7388666
2651,8480375,8436041
2652,8404750,8345500
2653,7530750,7471291
2654,8318500,8262583
2655,7694541,7658000
2656,8743292,8717417
2657,7304917,7291417
2658,8401750,8387708
2659,9576958,9539625
2660,7337917,7319583
2661,9115000,9078833
2662,8201125,8163375
2663,8135708,8097541
2664,7831458,7795375
2665,8590584,8568709
2666,8361708,8349458
2667,8411250,8397042
2668,8944542,8912208
2669,8141458,8089583
2670,8783500,8733667
2671,8005708,7969208
2672,8342625,8301875
2673,8288667,8243709
2674,8531875,8481250
2675,8708958,8646417
2676,8189334,8135625
2677,8324166,8280416
2678,8410375,8374209
2679,8276542,8244542
2680,8846167,8778000
2681,7357500,7306916
2682,10115750,10044333
2683,7120958,7082333
2684,8678000,8627500
2685,7364750,7292083
2686,8442375,8397000
2687,8432250,8361125
2688,9332458,9284125
2689,7175917,7122250
2690,8225042,8175875
2691,8100875,8053125
2692,9670166,9615750
2693,7023834,6976834
2694,9035750,8977208
2695,8140750,8083458
2696,8388458,8331333
2697,8599792,8550750
2698,8232791,8166750
2699,8412709,8361084
2700,8802333,8752458
2701,7337333,7282375
2702,8262250,8114750
2703,8180000,8117042
2704,9299584,9249084
2705,8419208,8370541
2706,7352333,7300917
2707,8049709,8012042
2708,9165916,9134208
2709,8460959,8395375
2710,8455541,8404833
2711,8252792,8192334
2712,8791000,8740167
2713,7218500,7162542
2714,8708958,8655875
2715,8315209,8252375
2716,8730083,8647416
2717,8327583,8264000
2718,8297959,8245959
2719,8891375,8833333
2720,7615583,7563791
2721,8787292,8719292
2722,8598250,8541375
2723,7347458,7294708
2724,8508833,8448208
2725,8487542,8418334
2726,8571000,8513000
2727,8398208,8336833
2728,8425875,8381792
2729,8449709,8400209
2730,7871166,7826958
2731,8163875,8107500
2732,8478625,8422709
2733,8594375,8539250
2734,8288250,8243500
2735,8388042,8335625
2736,7402250,7351792
2737,8261542,8210833
2738,8637291,8574875
2739,8461584,8406667
2740,8325750,8272250
2741,8374875,8315000
2742,9072541,9028333
2743,7031959,6987459
2744,9623333,9577208
2745,7150542,7100125
2746,8836125,8787625
2747,8224083,8162125
2748,9193000,9145958
2749,7209417,7156458
2750,8543458,8494291
2751,8423833,8378000
2752,8449500,8384042
2753,8423834,8375292
2754,7978125,7912833
2755,8409791,8355166
2756,8341709,8298000
2757,9015083,8940750
2758,8222542,8189583
2759,7838708,7792166
2760,7497083,7462083
2761,8794542,8761334
2762,7792542,7758917
2763,8832500,8801625
2764,7678666,7645333
2765,8869417,8838084
2766,8471375,8438792
2767,7735750,7706292
2768,8802833,8772042
2769,8749000,8710209
2770,7600125,7570459
2771,8753000,8719959
2772,8535750,8505584
2773,7426584,7407209
2774,8665208,8637166
2775,8697667,8671417
2776,8507333,8489583
2777,7143042,7129333
2778,9611500,9592750
2779,8531875,8501000
2780,7417041,7396333
2781,8737709,8708334
2782,8637125,8605875
2783,7431041,7412208
2784,8763875,8728250
2785,8314667,8283959
2786,8611417,8589125
2787,7325250,7310208
2788,9177291,9128833
2789,8638500,8607292
2790,8601417,8568084
2791,7701708,7664167
2792,8745417,8707667
2793,7618292,7584667
2794,8718916,8686791
2795,8544292,8512209
2796,8243042,8214125
2797,7574375,7543125
2798,8735958,8703291
2799,8682583,8647417
2800,7616542,7587750
2801,9105792,9064417
2802,8880375,8842916
2803,7606416,7571583
2804,8658875,8626042
2805,7645084,7609125
2806,8637875,8602000
2807,8781875,8732375
2808,8465416,8432250
2809,7513125,7480292
2810,8658459,8622500
2811,8619958,8587791
2812,7614167,7581125
2813,8619833,8588541
2814,8490375,8456167
2815,8784208,8732250
2816,7411750,7382542
2817,8571292,8544167
2818,8676667,8645333
2819,7594166,7558083
2820,8716500,8688917
2821,8179500,8153625
2822,8630209,8599250
2823,8721041,8690250
2824,7446500,7421875
2825,8655709,8621375
2826,8351416,8320416
2827,8479917,8464250
2828,8392708,8377500
2829,8633667,8605417
2830,7329667,7312500
2831,8336791,8318833
2832,8558084,8535209
2833,8285375,8246375
2834,8547375,8526666
2835,8649125,8630208
2836,8297875,8279791
2837,8406000,8390500
2838,8149250,8131958
2839,8556750,8531791
2840,8427958,8409958
2841,7176125,7164708
2842,9456208,9440292
2843,8248709,8239000
2844,7929375,7915958
2845,8343041,8328500
2846,8359792,8343834
2847,8466042,8449375
2848,8421416,8405041
2849,8464375,8444875
2850,8014375,8001000
2851,8418834,8402292
2852,8957875,8921875
2853,7956750,7918875
2854,9600500,9545500
2855,7010166,6972083
2856,8876875,8824084
2857,8561167,8501084
2858,8578625,8530417
2859,8267500,8203333
2860,8169333,8118875
2861,8680250,8610250
2862,7715625,7652459
2863,8621834,8559125
2864,8591416,8523083
2865,8875417,8810167
2866,7059750,7009000
2867,8800375,8745667
2868,8540625,8495125
2869,8588292,8526250
2870,7604708,7538750
2871,8383750,8334667
2872,8467208,8390500
2873,9086875,9028167
2874,7325125,7266167
2875,8151375,8097625
2876,8201542,8156542
2877,9105500,9025792
2878,9070417,9009333
2879,6934041,6898500
2880,8284584,8233334
2881,8394166,8348625
2882,8147459,8098792
2883,9949208,9913083
2884,6971667,6871333
2885,8164625,8117375
2886,9073250,9021000
2887,8282250,8230458
2888,7598375,7554125
2889,8012291,7971833
2890,9486959,9436375
2891,8211875,8157708
2892,8450333,8403833
2893,8225042,8172667
2894,8242458,8199208
2895,8453333,8401083
2896,8210834,8175875
2897,8391041,8331125
2898,7895334,7843584
2899,8300458,8243666
2900,8554292,8503542
2901,8583916,8528916
2902,8536959,8478792
2903,8491041,8437333
2904,8562542,8480584
2905,7541458,7489958
2906,8521709,8469500
2907,8377833,8337166
2908,8468958,8421208
2909,8731459,8651875
2910,7507166,7449666
2911,8015667,7972334
2912,7954875,7926917
2913,9460833,9412417
2914,8594834,8500959
2915,7132041,7085166
2916,8541625,8497709
2917,8028000,7992000
2918,9449750,9398875
2919,8510625,8445042
2920,6509000,6475750
2921,8597625,8567875
2922,8336959,8304959
2923,8659958,8631791
2924,8594458,8563750
2925,7487500,7458917
2926,8456000,8438125
2927,8534459,8514917
2928,8060208,8035625
2929,8560333,8535625
2930,8695500,8667959
2931,8621792,8596709
2932,7360250,7341125
2933,8511250,8493125
2934,8252583,8227500
2935,8534500,8510917
2936,8372959,8361584
2937,8360833,8349875
2938,8468708,8453500
2939,8422500,8405584
2940,7850000,7834125
2941,8330000,8315334
2942,8381667,8369167
2943,8539250,8519167
2944,8546292,8521958
2945,8590125,8559458
2946,8376375,8337958
2947,7536916,7504958
2948,8692375,8659875
2949,8923584,8879209
2950,7545500,7515375
2951,8635458,8606458
2952,9084125,9037875
2953,8186833,8150292
2954,8235000,8190792
2955,8131459,8089417
2956,8136833,8085458
2957,9474375,9417625
2958,7336625,7277875
2959,8157792,8104792
2960,8803875,8746666
2961,7577166,7540375
2962,8674625,8642417
2963,8887417,8850834
2964,8230542,8184833
2965,7516416,7489166
2966,8602917,8573042
2967,8410167,8390375
2968,8509333,8483291
2969,7522625,7488667
2970,8551125,8528417
2971,8320958,8292625
2972,8579625,8553542
2973,8670750,8642042
2974,7541250,7513125
2975,8652375,8622417
2976,8011750,7994375
2977,8408500,8391584
2978,8465167,8449875
2979,8535833,8513000
2980,8646792,8625042
2981,8585917,8562083
2982,8431875,8403125
2983,7863041,7824125
2984,9602459,9555375
2985,7648833,7597583
2986,8132458,8080000
2987,8177292,8131417
2988,8489417,8434833
2989,7609583,7575666
2990,9405125,9356125
2991,8200417,8158042
2992,8025625,7979208
2993,8371916,8323541
2994,8772167,8723959
2995,8353292,8301000
2996,8424208,8363708
2997,8249208,8202375
2998,8478125,8418584
2999,8415459,8366542
3000,8495708,8434291
3001,8608417,8548958
3002,7526958,7477708
3003,8448167,8401250
3004,9275458,9181750
3005,7535875,7472833
3006,8485042,8429042
3007,8450041,8393250
3008,8296542,8252709
3009,8259333,8198250
3010,9287334,9213375
3011,7227208,7180833
3012,8243333,8179625
3013,8690709,8646000
3014,8181416,8127041
3015,7706375,7670000
3016,7686917,7646375
3017,8903458,8866250
3018,8369500,8341000
3019,7698042,7661792
3020,8817125,8776125
3021,7697583,7658125
3022,8742750,8709750
3023,8607125,8574334
3024,8442125,8400125
3025,8284125,8236417
3026,8177959,8130542
3027,8121833,8083916
3028,9265833,9227667
3029,8177000,8116959
3030,8219250,8167542
3031,8267000,8209625
3032,8382917,8326959
3033,8269958,8229667
3034,8039250,7994375
3035,8515250,8463292
3036,8899625,8851917
3037,7988167,7952584
3038,8804708,8766458
3039,8600125,8536209
3040,7397417,7344750
3041,8380833,8339708
3042,8566417,8519709
3043,8590917,8538208
3044,8433958,8379250
3045,8824083,8763958
3046,7499459,7438167
3047,8323833,8272416
3048,8011042,7980417
3049,7656458,7620583
3050,8753750,8722583
3051,7522583,7501000
3052,8523042,8501250
3053,8629667,8609708
3054,8271583,8242875
3055,8608750,8581208
3056,8699417,8671167
3057,7693666,7659458
3058,8774417,8753000
3059,7606083,7578208
3060,8661292,8633167
3061,8268875,8243417
3062,8649583,8617167
3063,8467834,8451417
3064,7299833,7281458
3065,8479917,8459208
3066,8528958,8509458
3067,8128208,8106833
3068,8347209,8327542
3069,8484083,8458041
3070,8380250,8360083
3071,8434500,8410792
3072,8279667,8250375
3073,8335708,8315916
3074,8594000,8559958
3075,8572375,8548708
3076,8437208,8416083
3077,7431375,7410917
3078,8645917,8618209
3079,8244125,8216708
3080,8450833,8434125
3081,8394959,8381000
3082,8309541,8297875
3083,8315667,8304292
3084,8099208,8076208
3085,8531334,8503417
3086,8315916,8302166
3087,8582000,8553167
3088,8485334,8467334
3089,8424125,8407375
3090,8111250,8091833
3091,8646708,8624083
3092,7191917,7180333
3093,9484958,9470041
3094,7481542,7457292
3095,8514125,8489083
3096,8510791,8491166
3097,8078000,8061042
3098,8322709,8311250
3099,8449625,8430166
3100,8481583,8462416
3101,8385708,8368667
3102,8321750,8298792
3103,8411750,8394625
3104,8449459,8427917
3105,8529875,8509083
3106,9200791,9155833
3107,7417292,7398292
3108,8771583,8732958
3109,7939084,7899750
3110,8282791,8237833
3111,9195542,9165917
3112,8012292,7987000
3113,8087291,8038958
3114,9699417,9632875
3115,7178708,7133250
3116,8114125,8079792
3117,8145334,8096459
3118,8209666,8159041
3119,9306834,9263209
3120,7663875,7607666
3121,8188291,8138041
3122,8216542,8168709
3123,9506625,9462833
3124,6948250,6889708
3125,10071792,10019625
3126,7365250,7313166
3127,8120791,8078708
3128,7939167,7908500
3129,9842000,9792958
3130,7944000,7885458
3131,8610083,8564500
3132,8020709,7969500
3133,7884500,7845500
3134,9144458,9099083
3135,7559125,7503750
3136,8334458,8297875
3137,8835917,8792125
3138,8199458,8146042
3139,8311542,8247167
3140,8783625,8720375
3141,7875625,7814792
3142,9022917,8972000
3143,7277000,7230416
3144,8175083,8113166
3145,8339208,8291625
3146,8817334,8761875
3147,9341083,9272208
3148,8091083,8029208
3149,7765584,7672875
3150,8080416,8027833
3151,8358625,8312959
3152,8878459,8819000
3153,8179666,8143250
3154,7049834,6999292
3155,10524791,10464500
3156,6786084,6739250
3157,8391708,8347083
3158,7993458,7962542
3159,8778959,8728542
3160,8865833,8817333
3161,6965125,6922625
3162,8953917,8902500
3163,8404916,8358000
3164,8701542,8603292
3165,8487375,8428792
3166,7634500,7598958
3167,8865708,8817250
3168,8483459,8412417
3169,7368083,7313250
3170,8873583,8821083
3171,8583792,8529834
3172,8471250,8442375
3173,9599417,9517375
3174,7043625,6992666
3175,9524708,9417083
3176,6153125,6102417
3177,8363792,8314708
3178,8495125,8438250
3179,8393916,8347291
3180,7778625,7739042
3181,9678417,9632875
3182,7339333,7291833
3183,8077500,8041459
3184,10691042,10627917
3185,7665750,7600917
3186,6756875,6717083
3187,8460958,8411583
3188,8928167,8875250
3189,8587292,8539375
3190,7703625,7668916
3191,7647583,7615916
3192,8346333,8316917
3193,8768459,8734709
3194,7694000,7657583
3195,8659500,8633041
3196,8702875,8672666
3197,7418500,7400875
3198,8411000,8396708
3199,8233583,8212541
3200,8515708,8496250
3201,8377917,8363792
3202,8648875,8623833
3203,8422042,8405625
3204,7942791,7930916
3205,8522084,8501250
3206,8470833,8452375
3207,8249000,8233125
3208,8320333,8309375
3209,8425625,8407417
3210,8410125,8382084
3211,8492000,8470292
3212,7489834,7473000
3213,8652958,8628291
3214,8512042,8486917
3215,8761333,8730208
3216,8150208,8125708
3217,8509250,8490917
3218,7443584,7418375
3219,8780250,8742541
3220,8553666,8517416
3221,8553292,8529292
3222,8281458,8260667
3223,7479709,7455125
3224,8469916,8453208
3225,8546000,8522792
3226,8313334,8302125
3227,8543250,8524666
3228,8058083,8042708
3229,8469500,8452000
3230,8527625,8506833
3231,8408083,8394083
3232,8335667,8323167
3233,9059917,9026250
3234,8526750,8474750
3235,8123791,8079166
3236,8096042,8058167
3237,8148042,8107583
3238,8191083,8150750
3239,9127000,9089167
3240,7658875,7597542
3241,8150417,8113000
3242,9274750,9239291
3243,8082541,8049500
3244,7943250,7905625
3245,8454000,8399584
3246,8225250,8174667
3247,8289709,8237084
3248,8065541,8024375
3249,9324500,9271167
3250,8237209,8183500
3251,8292208,8229541
3252,8449417,8398333
3253,8375625,8334000
3254,8325916,8268708
3255,8065750,8015375
3256,8276459,8205959
3257,8341083,8295666
3258,8629417,8575625
3259,8070291,8008791
3260,8075834,8035375
3261,8322625,8275041
3262,8484833,8410458
3263,8072375,8026417
3264,8397125,8349583
3265,8025833,7996542
3266,8220334,8179292
3267,9541250,9499583
3268,7235750,7201500
3269,8448416,8406250
3270,8656542,8607084
3271,8265750,8228000
3272,8148750,8104083
3273,8443083,8392125
3274,8164167,8120084
3275,8197125,8157458
3276,9753333,9674667
3277,6880084,6841709
3278,9527166,9475250
3279,6551792,6515584
3280,9195750,9146667
3281,8082708,8032917
3282,8297125,8251917
3283,9184792,9141125
3284,7988167,7931125
3285,8111458,8059250
3286,8245167,8202458
3287,8199666,8161125
3288,8690959,8640917
3289,8237500,8189541
3290,8333750,8278458
3291,8596250,8541125
3292,8608291,8556250
3293,8499250,8449792
3294,7837709,7770000
3295,8246791,8205208
3296,8482250,8409084
3297,8463125,8389667
3298,8604084,8538042
3299,8233666,8196416
3300,8169834,8097042
3301,8185000,8140166
3302,8609541,8562458
3303,8612625,8548500
3304,6811667,6785792
3305,9763208,9691542
3306,8243875,8192875
3307,8191125,8159584
3308,8285500,8241417
3309,8120125,8075167
3310,8377917,8306750
3311,8649292,8575000
3312,8271875,8209250
3313,8565000,8505708
3314,8552416,8498500
3315,7795250,7709875
3316,9009209,8949084
3317,7517000,7462291
3318,8172791,8127583
3319,8141209,8089375
3320,9070583,9001708
3321,8495375,8437042
3322,6935833,6887917
3323,9381917,9326125
3324,8246250,8201417
3325,7837875,7802500
3326,8132583,8086542
3327,8253084,8211209
3328,9307625,9258250
3329,8253875,8192750
3330,7629833,7583625
3331,8221042,8174042
3332,8080041,8037541
3333,9639709,9582250
3334,7064625,7025291
3335,9321708,9268083
3336,7535875,7482833
3337,9514125,9460625
3338,7022292,6986000
3339,8787083,8753583
3340,7333625,7312917
3341,9253125,9209250
3342,8441417,8389375
3343,8185083,8133125
3344,8178542,8127125
3345,8219375,8118708
3346,8326333,8277333
3347,9337875,9290833
3348,7726958,7676292
3349,8202542,8144417
3350,8402958,8341917
3351,8533667,8485334
3352,8102375,8047083
3353,8555042,8499417
3354,8641625,8580541
3355,8344666,8287708
3356,8195500,8132792
3357,8573584,8485125
3358,8223708,8175625
3359,8159042,8112375
3360,8673958,8619375
3361,8066708,8021708
3362,8318959,8274459
3363,8722041,8634625
3364,8129167,8093125
3365,8095458,8047167
3366,8650375,8605125
3367,8219167,8123917
3368,8543167,8500292
3369,8516541,8473583
3370,6986417,6951375
3371,9832917,9761792
3372,7508833,7439083
3373,8477833,8418083
3374,8106750,8046084
3375,8135334,8092542
3376,8442166,8367625
3377,8344834,8266834
3378,9263666,9183250
3379,7016917,6967792
3380,9077708,9045125
3381,8185667,8140250
3382,8239000,8194167
3383,8251750,8199833
3384,8348542,8301292
3385,8001708,7964625
3386,8197750,8147375
3387,9261250,9204667
3388,8205708,8146833
3389,8236042,8157709
3390,8086500,8028083
3391,8492958,8434167
3392,8217500,8173875
3393,8312584,8245792
3394,8607666,8541708
3395,8133750,8103125
3396,8620792,8572250
3397,7876333,7836625
3398,8164209,8120792
3399,8242166,8204583
3400,8062209,8043209
3401,9283958,9243458
3402,7898583,7857375
3403,8365542,8280625
3404,8916333,8847750
3405,8972584,8904750
3406,7327375,7255833
3407,7969000,7937458
3408,9374125,9318125
3409,7359875,7308625
3410,8685916,8633625
3411,8311084,8275167
3412,8029708,7971125
3413,8719875,8632042
3414,8488083,8439125
3415,8093334,8062417
3416,8681166,8626208
3417,8183000,8135375
3418,8202125,8154459
3419,8417459,8341834
3420,8113291,8061708
3421,9093584,9035750
3422,7288583,7237250
3423,8305792,8255125
3424,8327250,8273958
3425,8283958,8234958
3426,8746542,8702833
3427,8001916,7957083
3428,8449292,8405125
3429,8459167,8415500
3430,8378250,8329791
3431,8357500,8312458
3432,7839583,7785291
3433,8393750,8339958
3434,9279958,9201625
3435,8630959,8586125
3436,7921250,7862291
3437,8713708,8623500
3438,7448958,7385833
3439,8109000,8060917
3440,7651292,7616417
3441,8540083,8519375
3442,8310000,8299375
3443,8949542,8913417
3444,8014625,7968542
3445,8100750,8057833
3446,9166292,9134000
3447,8081125,8049250
3448,8324708,8272166
3449,8343583,8291208
3450,8657875,8607375
3451,8334709,8282709
3452,8235833,8179916
3453,8368083,8311833
3454,8234459,8197834
3455,8171125,8142250
3456,9130791,9073166
3457,7928000,7887834
3458,8117834,8069750
3459,8170833,8122333
3460,7969500,7938417
3461,8200000,8151458
3462,8452125,8409708
3463,8211750,8159125
3464,9158333,9130250
3465,8026750,7986667
3466,8231542,8185584
3467,7825500,7799917
3468,8676042,8617208
3469,8844541,8786041
3470,8413334,8371834
3471,9151916,9077666
3472,6899042,6861084
3473,8745875,8678958
3474,8230542,8174333
3475,8127250,8079291
3476,7685000,7651625
3477,8578208,8555708
3478,8654625,8630875
3479,7408375,7387292
3480,8451458,8430625
3481,8200334,8177459
3482,9068083,9028625
3483,9218333,9176333
3484,8119500,8082500
3485,8247500,8199959
3486,8592209,8542459
3487,8187958,8132625
3488,8313083,8262125
3489,8181875,8140459
3490,7983084,7949125
3491,8368333,8326083
3492,9128833,9075625
3493,8247709,8198459
3494,8172250,8122333
3495,8238958,8187791
3496,8161083,8118500
3497,8234709,8181834
3498,8191708,8133375
3499,8166917,8112208
3500,8398375,8349625
3501,8248875,8211958
3502,8368583,8314625
3503,8103375,8053542
3504,9805208,9750042
3505,7069250,7021375
3506,8432500,8389917
3507,8394209,8360334
3508,8469916,8418708
3509,8478375,8428875
3510,7818167,7766125
3511,9374083,9328875
3512,8375167,8317167
3513,9320542,9268042
3514,7142541,7087125
3515,8559459,8496209
3516,7865666,7817458
3517,8273334,8209459
3518,8421750,8362208
3519,8129708,8084625
3520,8569375,8523917
3521,8886167,8825375
3522,8059458,7999500
3523,8137875,8090333
3524,8165292,8130000
3525,8409125,8361583
3526,9229500,9181708
3527,6981333,6943333
3528,8794125,8744458
3529,8396958,8335375
3530,8344709,8309084
3531,8183625,8142833
3532,8504208,8446875
3533,9222042,9133708
3534,6861375,6820500
3535,8098416,8049750
3536,9257584,9220917
3537,8349625,8301000
3538,9121250,9031333
3539,7432500,7378041
3540,7973208,7918125
3541,8481500,8425750
3542,8543833,8473417
3543,8543167,8485875
3544,8509458,8447167
3545,7257792,7187250
3546,9045375,9003375
3547,7953167,7906208
3548,9444375,9390416
3549,7780250,7729833
3550,8423791,8375458
3551,8722209,8666709
3552,6984750,6930750
3553,8200625,8148666
3554,9424833,9364250
3555,8792375,8737042
3556,8055792,8017042
3557,7489083,7439750
3558,8085500,8015625
3559,8456000,8402208
3560,8555125,8508083
3561,9660500,9594583
3562,7144167,7082333
3563,8311416,8266458
3564,8054250,7994459
3565,8213750,8176167
3566,9325167,9250542
3567,7014333,6982958
3568,10527792,10449625
3569,7440542,7382667
3570,8051666,8004666
3571,8051750,8019334
3572,8063000,8018375
3573,8586667,8519667
3574,8415417,8360417
3575,8186083,8149916
3576,8527542,8480542
3577,8270375,8213333
3578,8424791,8377000
3579,9074292,9013459
3580,7570292,7504667
3581,8139916,8085333
3582,8657709,8601334
3583,8254375,8197375
3584,8378208,8330416
3585,8444583,8396750
3586,8643667,8579250
3587,6838375,6798125
3588,9331292,9282333
3589,8206041,8154250
3590,8198375,8149125
3591,7621042,7588209
3592,8681042,8655250
3593,7606916,7575958
3594,8502875,8480792
3595,8198042,8174500
3596,8423417,8408000
3597,8456250,8439458
3598,8568375,8547958
3599,8305083,8288166
3600,8461625,8430000
3601,7899208,7865875
3602,9174542,9135542
3603,8156792,8104708
3604,8072583,8033583
3605,9189125,9133625
3606,7664833,7617000
3607,8083250,8037209
3608,9425167,9375750
3609,8078833,8038917
3610,8155584,8108500
3611,8443583,8396416
3612,7768792,7713958
3613,8460750,8408458
3614,9633833,9588916
3615,7479542,7430583
3616,8369208,8331000
3617,8169375,8121375
3618,8382542,8335250
3619,8131041,8085375
3620,9124292,9081500
3621,7472167,7407417
3622,8240166,8163958
3623,9006125,8914584
3624,7918209,7855959
3625,8344125,8290041
3626,8913791,8842583
3627,8430917,8379584
3628,7992375,7941042
3629,8579250,8520292
3630,7828625,7769708
3631,8268417,8226250
3632,8201458,8155083
3633,9228042,9157667
3634,7578416,7530708
3635,9162792,9075417
3636,7874750,7815917
3637,8389833,8337042
3638,7717334,7683000
3639,7588750,7552208
3640,8638083,8610500
3641,8565042,8543167
3642,8275041,8247000
3643,9036375,8988542
3644,8144792,8101375
3645,8170750,8121917
3646,8220250,8170208
3647,7977958,7939500
3648,8509750,8468375
3649,8369209,8320542
3650,8500416,8447416
3651,8423167,8367375
3652,8192667,8151417
3653,8782000,8721166
3654,8168250,8115583
3655,7683208,7649083
3656,8591083,8568500
3657,7518709,7490667
3658,8632833,8607291
3659,8443750,8426958
3660,8227833,8198958
3661,8479209,8458792
3662,8739083,8702333
3663,7464583,7444833
3664,8589000,8556084
3665,8538042,8515250
3666,8270125,8243958
3667,8587458,8563542
3668,8592542,8567917
3669,7338458,7320000
3670,8504292,8484500
3671,8492875,8473583
3672,8012167,7994250
3673,8458125,8431875
3674,8452625,8428333
3675,8648791,8618375
3676,8679500,8647125
3677,7221125,7204000
3678,8673917,8643000
3679,8152250,8128500
3680,8631625,8617333
3681,8311042,8299708
3682,8571791,8547000
3683,8502250,8478667
3684,8159084,8136584
3685,8568416,8548125
3686,8297500,8288125
3687,8434167,8415167
3688,8505458,8486500
3689,7281917,7266709
3690,8340542,8327333
3691,9033375,9020291
3692,8504958,8485333
3693,8462250,8442417
3694,7146792,7136583
3695,9560000,9540875
3696,7845166,7832041
3697,8509084,8485625
3698,8548041,8526500
3699,7263667,7249375
3700,8227208,8218917
3701,9355500,9347959
3702,8070542,8054292
3703,8560292,8536250
3704,8206333,8193875
3705,8245792,8236083
3706,8218166,8207625
3707,8282375,8271334
3708,8623667,8588500
3709,9269167,9225083
3710,8179000,8138625
3711,8183875,8143416
3712,8271250,8215250
3713,8540291,8477541
3714,8718709,8673667
3715,8236833,8191333
3716,8340417,8300542
3717,8270708,8215541
3718,8546042,8489125
3719,8644708,8598083
3720,8069708,8018500
3721,8310959,8271084
3722,8159583,8112500
3723,9240875,9190500
3724,7258458,7204167
3725,9152084,9096667
3726,6969958,6919166
3727,8217583,8163167
3728,8297375,8239250
3729,9397334,9348292
3730,8063333,8014041
3731,8442500,8398708
3732,8591500,8546292
3733,7175000,7133292
3734,8257458,8209333
3735,9276500,9229917
3736,8822667,8777000
3737,6968083,6917583
3738,9134667,9074542
3739,8249458,8196208
3740,8104167,8058709
3741,8849542,8763875
3742,8331000,8266375
3743,8768916,8712333
3744,8007875,7954375
3745,7759792,7694917
3746,9527042,9470125
3747,7178166,7121625
3748,8097000,8051917
3749,8397875,8347417
3750,8487000,8421417
3751,8145084,8102292
3752,8227916,8165458
3753,8898625,8808417
3754,9476667,9424792
3755,7357542,7313875
3756,7291708,7254833
3757,9885375,9844917
3758,8017167,7931583
3759,7263750,7224958
3760,8733166,8657166
3761,8335917,8288750
3762,7954833,7900875
3763,8928875,8868084
3764,8425875,8390125
3765,8254750,8218125
3766,8214667,8188875
3767,8338375,8292167
3768,8706000,8668917
3769,8107000,8054042
3770,8216375,8132458
3771,8290042,8239542
3772,8383958,8338916
3773,9039792,8982042
3774,8129916,8076000
3775,7106334,7054750
3776,9497458,9460750
3777,8517458,8466000
3778,7056334,7016209
3779,8184458,8141541
3780,9269750,9225083
3781,8333000,8288042
3782,8270875,8225917
3783,8233125,8202375
3784,7628542,7598417
3785,8811791,8782000
3786,7309459,7280959
3787,8706041,8676000
3788,8717875,8690750
3789,7653292,7622167
3790,8675292,8647500
3791,9252791,9209875
3792,7703709,7672750
3793,8010458,7964875
3794,9182708,9135000
3795,8215209,8169625
3796,7645250,7612500
3797,8708916,8674375
3798,8361375,8331000
3799,8076625,8031167
3800,7885250,7856792
3801,9264625,9225250
3802,8142875,8096125
3803,8088792,8051750
3804,8455250,8407875
3805,8247917,8205042
3806,8245875,8213833
3807,8730166,8695250
3808,7460875,7434334
3809,8612292,8586042
3810,8266417,8239917
3811,8703750,8668083
3812,7551250,7520291
3813,8721750,8688500
3814,8522291,8501583
3815,8531375,8507000
3816,8042334,8019792
3817,8576166,8542666
3818,8444459,8422334
3819,7241416,7225708
3820,8733334,8705584
3821,8507958,8484666
3822,8360750,8329208
3823,8594375,8567625
3824,8424125,8401167
3825,8597083,8575125
3826,7268917,7255292
3827,8630125,8603667
3828,8300458,8272708
3829,8759459,8729834
3830,8746291,8712416
3831,7508667,7479375
3832,8672917,8646167
3833,8699291,8668375
3834,8367125,8339834
3835,7448584,7425042
3836,8831333,8804458
3837,8707250,8679125
3838,7384708,7364000
3839,8636792,8610292
3840,8202708,8178083
3841,8655917,8623000
3842,8705542,8674000
3843,7458416,7433708
3844,8655084,8624750
3845,8583500,8561833
3846,8250208,8221625
3847,8525708,8497333
3848,8637084,8609292
3849,7554500,7526166
3850,8645375,8612375
3851,8637875,8611750
3852,8352541,8322375
3853,7404750,7384917
3854,8571459,8547542
3855,8681791,8648958
3856,9241084,9193709
3857,8094833,8043166
3858,7530333,7500833
3859,8694792,8663709
3860,9229500,9184083
3861,8248083,8198917
3862,8165167,8124125
3863,8190667,8145125
3864,8574875,8531541
3865,8219208,8172916
3866,8021792,7988958
3867,7898708,7871166
3868,9428500,9386667
3869,8443000,8385125
3870,7419542,7370917
3871,8367583,8300708
3872,8462292,8418333
3873,8601833,8543500
3874,8276917,8222833
3875,8300750,8228916
3876,8365625,8299416
3877,8286041,8231250
3878,8299709,8240375
3879,8381750,8313541
3880,8196041,8143833
3881,8270875,8219000
3882,8920917,8860000
3883,8301208,8239125
3884,8384459,8329750
3885,8508416,8446875
3886,8295834,8235375
3887,8164416,8114458
3888,8068792,8016209
3889,8188917,8124917
3890,8147125,8091125
3891,8223416,8182291
3892,8346959,8295000
3893,8423041,8355916
3894,9218625,9167417
3895,7305375,7231542
3896,8407125,8345750
3897,8231792,8187084
3898,9727875,9635458
3899,7167125,7114042
3900,8562375,8511542
3901,8254625,8204083
3902,8547583,8490875
3903,8488792,8394500
3904,8158333,8098125
3905,8365334,8308959
3906,7998875,7942125
3907,8161583,8109875
3908,8081000,8039417
3909,9638333,9583375
3910,7049584,6986917
3911,9495291,9425458
3912,7327292,7277375
3913,8063542,8020792
3914,9284041,9221666
3915,8241042,8173500
3916,8095000,8044125
3917,8131000,8069167
3918,9443792,9363375
3919,7057250,7000125
3920,9321708,9250416
3921,8397917,8340583
3922,8169666,8103333
3923,8327625,8260167
3924,7480042,7430625
3925,8402250,8339875
3926,8698250,8622542
3927,8229000,8168500
3928,8238708,8176417
3929,8245625,8180417
3930,8566292,8523209
3931,8400333,8349458
3932,8193500,8146750
3933,8147625,8088334
3934,8073584,8023542
3935,9267583,9213250
3936,7214500,7169417
3937,9261750,9207208
3938,8479042,8416042
3939,8480208,8384583
3940,8169042,8097375
3941,8438625,8330291
3942,7751458,7696625
3943,8266958,8210667
3944,8128792,8070209
3945,8141833,8080875
3946,8203625,8155792
3947,9055417,9013709
3948,8511917,8445583
3949,7983125,7939625
3950,7916041,7867375
3951,9212209,9160667
3952,8168750,8108250
3953,8374083,8275666
3954,7847542,7793083
3955,8231708,8175458
3956,7923208,7888208
3957,8903875,8860459
3958,7622042,7588209
3959,8725042,8692833
3960,8200000,8179583
3961,8668375,8638041
3962,7414666,7393375
3963,8400084,8383584
3964,8189250,8177166
3965,8539875,8517250
3966,8557500,8533250
3967,8347666,8324666
3968,8529084,8503334
3969,8710666,8680500
3970,7421667,7393417
3971,8602458,8561875
3972,8224209,8192375
3973,8981666,8946708
3974,9061667,9012167
3975,8078208,8030125
3976,8324417,8254042
3977,8214833,8164750
3978,8609292,8548000
3979,8169208,8126625
3980,8451542,8383959
3981,8484083,8413083
3982,8262667,8206042
3983,8527083,8468083
3984,7541917,7476667
3985,8207583,8151500
3986,9508167,9453209
3987,8474500,8384083
3988,6989792,6927417
3989,9450583,9392833
3990,8155958,8084208
3991,8488375,8398834
3992,8616167,8565667
3993,7403583,7345250
3994,8246042,8184084
3995,8300792,8209792
3996,8031666,7971708
3997,8277834,8218084
3998,9418291,9363500
3999,8344917,8297917
4000,8313708,8257625
4001,8455917,8396459
4002,7684167,7619750
4003,8112166,8059291
4004,8104834,8055750
4005,8144666,8090875
4006,9915209,9847042
4007,7021291,6954541
4008,9255084,9198417
4009,8429625,8369833
4010,7434416,7364125
4011,9031375,8973250
4012,8680792,8623584
4013,7551792,7476375
4014,9005625,8948541
4015,7230375,7171333
4016,8806583,8739208
4017,8419958,8346333
4018,8583209,8518584
4019,8132958,8100041
4020,7918167,7865750
4021,8034791,7975458
4022,8790792,8727000
4023,8229125,8178125
4024,8347875,8290583
4025,8543542,8454125
4026,8310541,8259625
4027,8156084,8113959
4028,8694875,8640291
4029,8592333,8549500
4030,7998792,7945708
4031,8974166,8922625
4032,8082417,8021500
4033,8092458,8040583
4034,8230875,8187167
4035,7639167,7606875
4036,8657792,8630500
4037,7335250,7317333
4038,8488333,8469708
4039,8216667,8191833
4040,8937250,8892416
4041,9295000,9247125
4042,8169875,8120916
4043,7856916,7822416
4044,8475000,8424250
4045,8117000,8067000
4046,8318792,8270792
4047,8137000,8096667
4048,9390917,9348208
4049,8297666,8244416
4050,7903167,7854584
4051,8170333,8127583
4052,8169792,8133167
4053,8078208,8041917
4054,9330542,9269875
4055,8422667,8366208
4056,7909291,7855333
4057,8172584,8122417
4058,8703416,8639166
4059,9248917,9182209
4060,6914333,6886292
4061,8783042,8706000
4062,8253083,8205458
4063,8428917,8384667
4064,8581792,8503375
4065,8900875,8820250
4066,7386208,7332666
4067,8121542,8087542
4068,9257500,9185208
4069,7485291,7407416
4070,8592792,8537834
4071,8537917,8472167
4072,7999416,7960333
4073,8026250,7985625
4074,8343875,8301250
4075,8196625,8148500
4076,8069417,8038417
4077,8153125,8119167
4078,9343875,9294167
4079,7902833,7866958
4080,8753750,8704875
4081,8380167,8336584
4082,8636500,8591583
4083,7261125,7214958
4084,7630750,7599333
4085,8702083,8673083
4086,8400500,8365459
4087,8700459,8662875
4088,7640125,7604583
4089,8552166,8525000
4090,8538584,8516792
4091,8529250,8506958
4092,8076000,8058500
4093,8360541,8345541
4094,8663792,8633000
4095,7404667,7386500
4096,8766875,8733708
4097,8802333,8762333
4098,8449417,8418917
4099,7442250,7416541
4100,8686208,8640708
4101,8737000,8700125
4102,7237583,7220792
4103,8325542,8312959
4104,8436667,8412875
4105,9343208,9314958
4106,7289667,7271792
4107,8410416,8394083
4108,8879667,8845042
4109,9088917,9055667
4110,8352500,8307958
4111,8218916,8164875
4112,7820084,7791625
4113,9001375,8963458
4114,8075166,8027958
4115,8456584,8400625
4116,8510750,8449333
4117,8340708,8295250
4118,8152042,8112292
4119,8308500,8271375
4120,8102041,8064666
4121,8311375,8241250
4122,8764667,8704000
4123,9284250,9221750
4124,7050875,7008292
4125,9591042,9502333
4126,7163583,7106666
4127,8475875,8415208
4128,8359375,8301000
4129,8377125,8331125
4130,8104667,8041458
4131,8494291,8445083
4132,8469417,8420667
4133,8682583,8623375
4134,8194375,8145667
4135,8051709,7991334
4136,7930125,7904833
4137,9317166,9271750
4138,7307459,7258459
4139,8274500,8222250
4140,8509875,8452166
4141,8250000,8200416
4142,8512166,8456583
4143,8321459,8261250
4144,8238958,8180958
4145,8200792,8149125
4146,8784083,8730375
4147,8319542,8266000
4148,8206625,8144375
4149,8165291,8099875
4150,8129917,8081542
4151,8246250,8193958
4152,8603417,8540875
4153,8108041,8051625
4154,8576375,8525667
4155,8357500,8299792
4156,8099667,8036209
4157,8217042,8164958
4158,8597541,8545166
4159,8197584,8097959
4160,8465833,8402000
4161,8417125,8341083
4162,8364958,8304750
4163,8174042,8118000
4164,8955042,8903292
4165,8170375,8112583
4166,8269375,8208666
4167,8125250,8070500
4168,8386000,8326791
4169,8312791,8252250
4170,8669042,8614917
4171,8132458,8076250
4172,8119125,8061209
4173,8435750,8370375
4174,8317542,8254084
4175,8168083,8081917
4176,9398334,9310459
4177,6994708,6945625
4178,9347625,9288958
4179,8300208,8241583
4180,8416542,8343667
4181,8596833,8539000
4182,7810584,7765959
4183,8255750,8213166
4184,8280791,8231541
4185,8719959,8616459
4186,8381500,8329750
4187,8153416,8120541
4188,8126250,8075625
4189,8068292,8033625
4190,8406083,8373583
4191,8480125,8410709
4192,8675042,8620625
4193,9369833,9314583
4194,6289250,6233250
4195,9389584,9334459
4196,8202875,8131875
4197,8181291,8137500
4198,8303500,8233250
4199,8233542,8169750
4200,7662958,7612750
4201,9327542,9273334
4202,8286167,8211375
4203,8189125,8132083
4204,8048000,7989541
4205,8760875,8719208
4206,8759708,8706041
4207,7392000,7322750
4208,8426458,8374875
4209,8445834,8395542
4210,8907708,8824916
4211,8152042,8103917
4212,8623041,8569250
4213,7059709,6985125
4214,9467208,9421250
4215,8275125,8221042
4216,8023542,7978958
4217,8191666,8129458
4218,8510167,8444084
4219,8135750,8060042
4220,8207542,8141208
4221,8283291,8224875
4222,8260167,8175542
4223,8218417,8169667
4224,8649041,8579208
4225,8022209,7973000
4226,8366541,8313625
4227,8346459,8274625
4228,8345333,8275708
4229,8088792,8041375
4230,9174583,9119041
4231,8378875,8323667
4232,8717500,8669875
4233,7116708,7065208
4234,8804875,8730250
4235,7911625,7871750
4236,8659667,8570334
4237,8166375,8103292
4238,8141833,8099125
4239,8039584,7996709
4240,9408750,9366458
4241,8272625,8210625
4242,7792041,7737875
4243,9000917,8932584
4244,8295583,8252625
4245,8581292,8521292
4246,8358500,8318792
4247,7520167,7459792
4248,8353458,8298833
4249,7904917,7865542
4250,9540875,9498625
4251,7062458,7022958
4252,9909833,9839417
4253,7026834,6985209
4254,8538708,8497875
4255,8387750,8333000
4256,8621417,8563042
4257,8608750,8519708
4258,8369416,8295291
4259,8381709,8333209
4260,7959750,7913041
4261,8564791,8486500
4262,8501000,8437584
4263,8082084,7994500
4264,8251625,8215750
4265,8396875,8341083
4266,8324791,8269833
4267,8236084,8182167
4268,9085541,9034416
4269,7615500,7556000
4270,8371125,8314084
4271,8096459,8056000
4272,8665666,8609625
4273,8374250,8331125
4274,8272125,8225042
4275,8439292,8395625
4276,8508500,8437708
4277,6946625,6907917
4278,9876000,9822167
4279,7007583,6966250
4280,9807917,9740334
4281,7079667,7040125
4282,9040375,8982250
4283,8128916,8097500
4284,8142375,8086042
4285,8568542,8498459
4286,8312000,8265000
4287,8373042,8314917
4288,8092125,8022250
4289,8576291,8523666
4290,8049625,7994375
4291,8299000,8246042
4292,8283250,8239625
4293,8325334,8285834
4294,8333958,8278416
4295,9202083,9150833
4296,7922375,7871459
4297,8381250,8336167
4298,8385750,8334334
4299,8233750,8192209
4300,8323500,8273125
4301,8878375,8807042
4302,7068667,7009834
4303,8600542,8545000
4304,8862416,8810666
4305,8763625,8707875
4306,7803750,7718959
4307,9027375,8963834
4308,8011625,7963917
4309,7275542,7231000
4310,9171375,9122917
4311,8267333,8217000
4312,9090875,9020709
4313,7240917,7185250
4314,8795500,8749083
4315,8160375,8122167
4316,8466958,8390583
4317,8411500,8352750
4318,8722834,8637500
4319,7024958,6963625
4320,8988917,8926042
4321,9327416,9265625
4322,7150750,7108084
4323,8110584,8079500
4324,8753833,8679291
4325,9234833,9159292
4326,7229834,7167709
4327,8096208,8049125
4328,8274833,8233208
4329,8325625,8285125
4330,8195834,8117375
4331,8497916,8457958
4332,8657459,8597959
4333,8175625,8127500
4334,8535250,8484291
4335,9052166,8965916
4336,7267042,7215959
4337,8281458,8234208
4338,9626084,9566875
4339,7141833,7093333
4340,7775500,7743292
4341,9337125,9293167
4342,8093042,8061208
4343,7899000,7874083
4344,8688875,8640750
4345,7867958,7836500
4346,9101667,9065333
4347,8307208,8257458
4348,8335792,8284500
4349,8459916,8400125
4350,7735834,7673459
4351,8422875,8363750
4352,8180750,8147583
4353,9639958,9581875
4354,7498875,7445875
4355,8163417,8136417
4356,8089458,8029875
4357,8172542,8128542
4358,9219041,9181333
4359,8148792,8090667
4360,9364042,9275542
4361,7251666,7201375
4362,8642542,8595084
4363,7136000,7088500
4364,10279708,10216583
4365,7142375,7078709
4366,8113625,8067084
4367,9546084,9462834
4368,7476250,7425041
4369,8754708,8693333
4370,7189000,7151125
4371,8743833,8679500
4372,8850417,8784209
4373,8858000,8767250
4374,7947542,7900083
4375,7115750,7067833
4376,9639541,9568750
4377,7764750,7709500
4378,9172417,9093584
4379,7125625,7073792
4380,8352167,8292292
4381,8459083,8404041
4382,8198958,8153292
4383,8502209,8464292
4384,8964125,8896458
4385,7279083,7225666
4386,9410375,9353083
4387,7269083,7215167
4388,9087584,9026584
4389,8959708,8892416
4390,8033792,7962708
4391,7241166,7194625
4392,8864917,8816625
4393,8331542,8278833
4394,8037125,7997875
4395,9203625,9143458
4396,7162541,7108916
4397,8870000,8817417
4398,8403917,8349084
4399,8292375,8251792
4400,8300583,8256042
4401,9021209,8908000
4402,7475541,7415333
4403,8444375,8382292
4404,7724250,7671584
4405,9409625,9349292
4406,8772250,8722625
4407,8078292,8003875
4408,7567750,7531333
4409,8285583,8242708
4410,8274334,8228875
4411,8450000,8394791
4412,8209333,8172333
4413,8066208,8008875
4414,9977459,9884709
4415,8038750,7972041
4416,7586750,7537166
4417,8366625,8311000
4418,8331666,8274208
4419,8069584,8028167
4420,8165125,8108958
4421,8555833,8493750
4422,8609875,8559125
4423,7586917,7551292
4424,8489250,8466250
4425,7284000,7270208
4426,8372500,8358458
4427,8250916,8242708
4428,9275000,9265084
4429,8102000,8081417
4430,8904125,8843750
4431,8085167,8040750
4432,8109750,8068458
4433,9214083,9170250
4434,7512459,7463875
4435,8755916,8716541
4436,7427542,7399542
4437,8991167,8948542
4438,8064208,8019750
4439,9051125,9016875
4440,8422417,8364042
4441,8007250,7966541
4442,7945708,7914208
4443,9154958,9127000
4444,8119917,8062709
4445,8202583,8155500
4446,8666250,8591709
4447,8481500,8419375
4448,8087417,8037542
4449,7984667,7949917
4450,8927958,8863416
4451,8521917,8455000
4452,7922625,7878791
4453,8050541,8011041
4454,7989542,7944959
4455,9515375,9459083
4456,6952167,6893500
4457,9742791,9683291
4458,8341542,8291625
4459,7056750,7015792
4460,9635208,9557750
4461,7467000,7393375
4462,8161542,8103375
4463,8761125,8699625
4464,8524625,8474875
4465,8487333,8454833
4466,9288209,9244959
4467,7658250,7577791
4468,7566666,7498208
4469,8639375,8585834
4470,7752917,7697042
4471,8109792,8071125
4472,9163958,9118708
4473,8508833,8446542
4474,8261792,8227500
4475,8265625,8216833
4476,7332292,7286292
4477,9218416,9159541
4478,8121292,8047792
4479,9003583,8942042
4480,7356375,7295209
4481,8259500,8217709
4482,9298042,9243667
4483,8439375,8370125
4484,8387792,8327750
4485,8066666,7984708
4486,8450459,8390000
4487,8484708,8422458
4488,8294542,8206292
4489,7010708,6959291
4490,9321708,9260292
4491,8362209,8304917
4492,8540083,8464333
4493,8167000,8110000
4494,7728000,7669583
4495,8148083,8089792
4496,8223959,8170375
4497,8609416,8537416
4498,8488417,8430042
4499,8490292,8433833
4500,8111416,8054833
4501,8283750,8231375
4502,8796375,8730875
4503,8742875,8674584
4504,7250667,7195667
4505,8143792,8086292
4506,8886708,8837875
4507,8459333,8392542
4508,8115042,8028667
4509,8149417,8062375
4510,8136500,8079833
4511,8328375,8277875
4512,9067625,9007666
4513,8149208,8074791
4514,8173458,8123833
4515,8168125,8089959
4516,8113834,8062167
4517,8042541,7993083
4518,8594000,8539959
4519,8083750,8031375
4520,9453042,9385750
4521,8672667,8620792
4522,6996291,6942250
4523,9322584,9274125
4524,8507375,8455166
4525,8230916,8175333
4526,8154250,8106042
4527,8096584,8035834
4528,8188166,8129208
4529,8103750,8052792
4530,8616792,8556292
4531,8106292,8054833
4532,8026250,7963291
4533,9400083,9350916
4534,8137083,8093375
4535,7941709,7895875
4536,8121166,8076916
4537,8006334,7960750
4538,9187750,9132791
4539,8009875,7960750
4540,8026000,7977791
4541,8018666,7974958
4542,8630084,8579292
4543,8092375,8042291
4544,9150250,9099666
4545,8282666,8217583
4546,8131459,8064292
4547,8079875,8031166
4548,9709666,9638541
4549,6862084,6814667
4550,8166916,8114791
4551,9251334,9190292
4552,8011958,7908041
4553,8076333,8014333
4554,8484917,8422000
4555,8068333,8017458
4556,7990917,7943750
4557,10535292,10468125
4558,6988833,6929875
4559,8136167,8072750
4560,8263333,8198375
4561,8002667,7959500
4562,9384708,9316166
4563,8297625,8246375
4564,8179542,8121917
4565,8156958,8091041
4566,8531625,8483917
4567,8642917,8576500
4568,6898000,6850583
4569,10252166,10191500
4570,6882459,6833042
4571,8076500,8029000
4572,8419250,8368125
4573,8118875,8061291
4574,9154833,9094750
4575,8016542,7963333
4576,7913541,7871416
4577,9184917,9135625
4578,8263292,8219750
4579,7977833,7929583
4580,9568250,9499042
4581,7570792,7507833
4582,7961583,7909541
4583,7882042,7837458
4584,8607750,8548333
4585,7950291,7908875
4586,9322875,9276125
4587,8099584,8039875
4588,8117208,8070208
4589,7908125,7862792
4590,8332250,8279292
4591,9296833,9232125
4592,8071167,8024334
4593,8034292,7976375
4594,7963416,7905541
4595,8081709,8035500
4596,8440333,8391291
4597,9311167,9259833
4598,8116291,8056916
4599,7867625,7822792
4600,8162292,8087584
4601,8420417,8371208
4602,8631000,8584791
4603,8146083,8091666
4604,8155667,8105458
4605,8362416,8313916
4606,8199917,8153334
4607,9231250,9188292
4608,7824000,7745042
4609,7906583,7858083
4610,9560417,9514084
4611,8225958,8164333
4612,8366750,8313625
4613,9053875,8969334
4614,7043125,6994250
4615,8285375,8234917
4616,8176542,8126667
4617,7630583,7598750
4618,8465334,8437667
4619,8762750,8729333
4620,8562500,8516875
4621,7602750,7571291
4622,8676000,8641375
4623,8675125,8638583
4624,7657916,7620000
4625,9574459,9533417
4626,7510041,7470791
4627,7660959,7625292
4628,8855958,8819833
4629,8636958,8602458
4630,7606917,7572667
4631,8591542,8557458
4632,8779916,8737250
4633,7629375,7589334
4634,8716250,8683792
4635,8661292,8626375
4636,7525792,7491208
4637,8553250,8522958
4638,8309666,8270041
4639,8737292,8703250
4640,8673458,8641875
4641,7401167,7370250
4642,8637500,8607708
4643,8831083,8778208
4644,8465292,8429917
4645,7415000,7394417
4646,8700167,8670708
4647,8711000,8680041
4648,7499458,7465833
4649,8663125,8628042
4650,8743875,8694125
4651,7544375,7509542
4652,8514708,8494458
4653,8442917,8421292
4654,8495500,8475250
4655,8574458,8550542
4656,8345375,8312834
4657,8539459,8521625
4658,7498791,7463791
4659,8542875,8510917
4660,9150125,9099959
4661,8059459,8014459
4662,8382375,8330666
4663,8033000,7987166
4664,9210583,9168500
4665,8326208,8282292
4666,8364042,8316292
4667,8039458,7986000
4668,8202000,8136334
4669,8237792,8185125
4670,7564083,7534417
4671,9048459,9010584
4672,8057083,8012791
4673,9449875,9396958
4674,7225208,7177333
4675,9052375,9008667
4676,8176084,8129500
4677,8184583,8139666
4678,8296000,8253250
4679,8210292,8168167
4680,9409083,9351375
4681,7045000,7000750
4682,8656792,8615000
4683,8416250,8369791
4684,8328250,8281083
4685,8343666,8285125
4686,7847250,7801917
4687,9815459,9749209
4688,7213500,7160625
4689,8025166,7984666
4690,9151417,9101334
4691,8236792,8192250
4692,8201458,8146666
4693,8194917,8156417
4694,8296750,8255541
4695,7961083,7917041
4696,9864667,9773875
4697,7986250,7927041
4698,7496625,7454583
4699,8252875,8192333
4700,9585625,9492125
4701,7152000,7092000
4702,8321541,8275291
4703,8237834,8200459
4704,9337166,9280250
4705,7101667,7069417
4706,8860292,8789458
4707,8660250,8600333
4708,8402041,8356416
4709,8830500,8743042
4710,8028667,7980750
4711,7117250,7064125
4712,10051750,9998125
4713,7118792,7063375
4714,8278500,8225500
4715,8577000,8522958
4716,7973958,7925916
4717,8131333,8094375
4718,8196584,8162750
4719,10247666,10169333
4720,8156167,8087042
4721,7183458,7133375
4722,8435750,8385625
4723,8349417,8290959
4724,8337417,8283417
4725,8448333,8362500
4726,8185833,8135667
4727,9201750,9126334
4728,7704750,7655959
4729,8172042,8137250
4730,8612958,8565125
4731,8144125,8092542
4732,8316917,8233625
4733,8891000,8818917
4734,7241500,7193750
4735,8310333,8257333
4736,9263209,9185625
4737,8653791,8604250
4738,6838667,6795959
4739,10276000,10204958
4740,6772000,6723167
4741,8390875,8339167
4742,8441792,8393875
4743,8095875,8057500
4744,8679000,8618583
4745,8897916,8848166
4746,7699334,7648334
4747,7937375,7889791
4748,7573708,7539750
4749,8416250,8395000
4750,8523750,8500042
4751,8498833,8475417
4752,8153292,8126500
4753,8370833,8354083
4754,8386834,8372667
4755,8920666,8885750
4756,8061250,8017292
4757,8155500,8105500
4758,8471000,8424000
4759,8148084,8100334
4760,9498625,9451458
4761,8386333,8340416
4762,8213958,8183833
4763,8356709,8305625
4764,8665000,8594750
4765,7289458,7235583
4766,8602375,8554875
4767,8178708,8138500
4768,8261542,8227625
4769,8461250,8388333
4770,8982458,8928958
4771,8864834,8815292
4772,7539541,7487041
4773,8614167,8561459
4774,8395542,8345042
4775,8716750,8655958
4776,7254750,7194666
4777,8353458,8311583
4778,8359750,8312042
4779,8342083,8283750
4780,8074625,8031500
4781,8340667,8295542
4782,8775708,8720042
4783,7993667,7950792
4784,8215750,8166000
4785,8392833,8331750
4786,8181875,8132625
4787,9463750,9375125
4788,8075625,8024292
4789,8372084,8319959
4790,8314791,8274875
4791,8297292,8226959
4792,8182792,8135875
4793,8503041,8455166
4794,8592959,8532584
4795,7065208,7013000
4796,10008083,9936208
4797,7170459,7098250
4798,8482458,8396916
4799,8092792,8046000
4800,8554541,8498083
4801,8319834,8278334
4802,8206083,8169625
4803,8465000,8421458
4804,9447250,9372667
4805,7844000,7784125
4806,8079792,8028542
4807,8268708,8218458
4808,8090750,8036875
4809,7608667,7568875
4810,8648666,8622000
4811,7370917,7351417
4812,8492250,8470958
4813,8003042,7985500
4814,8496541,8476750
4815,8884167,8847292
4816,9247792,9201292
4817,8015750,7968916
4818,8354958,8309500
4819,8052417,8005708
4820,8177541,8129541
4821,7917750,7886459
4822,9331084,9283709
4823,8318166,8259666
4824,7855625,7804625
4825,7920584,7886375
4826,9482458,9434791
4827,8340292,8293125
4828,8543333,8484458
4829,9251875,9178833
4830,6991750,6941167
4831,8162042,8099542
4832,8493125,8434166
4833,8433958,8377458
4834,8525708,8485667
4835,8990584,8949292
4836,7183208,7127375
4837,8054583,8011542
4838,8447209,8401584
4839,9179000,9108000
4840,8886000,8820666
4841,7246000,7207541
4842,9497416,9427708
4843,7063375,7018834
4844,8631417,8546375
4845,8268292,8209458
4846,9210041,9139041
4847,7083417,7044334
4848,8783833,8733625
4849,8291459,8245584
4850,8223458,8177333
4851,7883167,7836833
4852,8263041,8214958
4853,8124375,8073459
4854,9102209,9057625
4855,8318375,8248333
4856,9559666,9494583
4857,7484209,7431667
4858,8493416,8431125
4859,7149250,7096417
4860,8988875,8910584
4861,8056250,8013209
4862,8638209,8589959
4863,8221000,8128666
4864,9294000,9183958
4865,7275916,7203166
4866,8952042,8866500
4867,8386792,8324875
4868,6636333,6596875
4869,10117750,10034500
4870,7037708,6985000
4871,9993125,9917959
4872,7602625,7529125
4873,8269834,8226500
4874,8608750,8530166
4875,8187416,8134750
4876,8960792,8891917
4877,7881375,7816708
4878,7519125,7456583
4879,8564667,8453333
4880,9194083,9133041
4881,7353458,7289583
4882,8992500,8903417
4883,8865792,8801125
4884,6893750,6834042
4885,8129667,8076667
4886,9723166,9665958
4887,7035125,6992000
4888,7771667,7735167
4889,9828583,9738042
4890,9125584,9061042
4891,6772916,6728125
4892,8137459,8079375
4893,8127625,8077708
4894,9601166,9545750
4895,8154375,8112500
4896,8005167,7950125
4897,8159750,8119042
4898,8381542,8329750
4899,8499416,8425916
4900,8413125,8352459
4901,8785125,8717375
4902,8164709,8115084
4903,8336250,8262166
4904,8796958,8759541
4905,7297958,7253917
4906,8328167,8277042
4907,8492292,8433500
4908,7950458,7899916
4909,7925333,7873333
4910,9770084,9711000
4911,6836041,6801083
4912,9269959,9217000
4913,8183333,8129291
4914,8638792,8558875
4915,8129208,8066625
4916,8195542,8133583
4917,8548833,8491708
4918,8402333,8357208
4919,8542959,8507959
4920,7672708,7627958
4921,8003292,7963833
4922,8339333,8292000
4923,9439458,9402458
4924,8162375,8110209
4925,8556875,8510709
4926,8118667,8073250
4927,8202583,8150542
4928,8102500,8050042
4929,8418334,8375959
4930,8161125,8096458
4931,8202541,8139875
4932,8340875,8241292
4933,7879709,7842917
4934,9678500,9619375
4935,6930791,6876291
4936,9851834,9755167
4937,6940208,6888583
4938,8703250,8667208
4939,8048083,7994125
4940,8192750,8151959
4941,9154709,9116417
4942,8139750,8095458
4943,7908166,7870791
4944,8527292,8486625
4945,8113917,8067833
4946,8169916,8123750
4947,9734000,9662375
4948,7013667,6971250
4949,9692250,9640917
4950,6924833,6888083
4951,9131167,9086292
4952,8222542,8141875
4953,8330000,8284916
4954,8454083,8410791
4955,8195417,8140792
4956,9381166,9294333
4957,7035000,6984750
4958,8059292,8021167
4959,8040792,7997333
4960,9406625,9326375
4961,8859708,8800541
4962,7982792,7930208
4963,8221250,8162500
4964,8550083,8498750
4965,7244208,7192042
4966,8354167,8302917
4967,8134292,8087042
4968,8979541,8920458
4969,8300250,8252084
4970,8443917,8399917
4971,7929667,7896125
4972,8766916,8699833
4973,8622750,8527125
4974,7989375,7947875
4975,8360250,8297750
4976,8511542,8459750
4977,8013000,7964000
4978,8729958,8670000
4979,8274834,8219959
4980,8332791,8282000
4981,8230542,8188125
4982,8703458,8648625
4983,8239750,8198625
4984,8455792,8382667
4985,8676583,8615542
4986,7273167,7218125
4987,7929542,7885833
4988,8329958,8280333
4989,10041208,10006500
4990,7434292,7384959
4991,8119958,8062208
4992,8188250,8136084
4993,8177500,8138292
4994,8504875,8443709
4995,8184334,8141459
4996,8590208,8510125
4997,8006208,7968458
4998,8690334,8639709
4999,8321583,8275583
5000,7953292,7910250
5001,7866041,7835333
5002,9750209,9699625
5003,7044583,7005583
5004,8892042,8836125
5005,8786000,8719375
5006,8386291,8346166
5007,9086250,9013417
5008,8364042,8271917
5009,7921042,7862333
5010,7714375,7649333
5011,7967791,7921125
5012,8319250,8265750
5013,8067792,8028875
5014,8095583,8029750
5015,9578542,9502667
5016,8557417,8501792
5017,7090500,7040958
5018,9382125,9324416
5019,8165583,8124416
5020,8744375,8677750
5021,8043542,7962833
5022,8321333,8283208
5023,8136708,8093083
5024,8412459,8370584
5025,8937000,8847500
5026,7197583,7120125
5027,8321542,8275583
5028,8814916,8761250
5029,8600542,8544459
5030,8599375,8558208
5031,8200000,8137542
5032,7149208,7101833
5033,8283417,8249750
5034,8823000,8777708
5035,8645750,8558083
5036,9098083,9041417
5037,7375292,7327209
5038,8425208,8376292
5039,8784167,8717209
5040,8326042,8279208
5041,8307041,8262875
5042,8411917,8358500
5043,6970917,6918708
5044,9316000,9269875
5045,8602333,8548333
5046,7708667,7633125
5047,8549708,8486000
5048,8515792,8458792
5049,9008916,8948125
5050,7246875,7177500
5051,8293417,8203042
5052,8191167,8131250
5053,8121250,8075916
5054,8161916,8109250
5055,9783209,9701042
5056,6878666,6830750
5057,10655417,10569375
5058,6792500,6736250
5059,8217125,8138250
5060,8235417,8186000
5061,7980791,7923750
5062,8218750,8162167
5063,10178375,10091167
5064,7705000,7639667
5065,7180459,7130042
5066,8125125,8072166
5067,9637291,9595750
5068,8716209,8645417
5069,6968375,6916375
5070,8859458,8810333
5071,8320375,8248792
5072,9248542,9167333
5073,7543833,7479791
5074,8304625,8247500
5075,8248500,8190958
5076,9012542,8940458
5077,7001208,6946208
5078,8133375,8079208
5079,9588083,9536542
5080,8305959,8243375
5081,8123333,8071333
5082,8759917,8704042
5083,7005958,6946875
5084,9391917,9336833
5085,8232291,8183833
5086,8607209,8532500
5087,6933458,6894458
5088,8992750,8933375
5089,8247250,8193167
5090,8948750,8869042
5091,8289375,8219417
5092,8918083,8821958
5093,7519875,7434167
5094,8255792,8196542
5095,8128500,8074333
5096,7523375,7486250
5097,8547250,8520083
5098,8733708,8706792
5099,7468667,7445125
5100,8619167,8596375
5101,8230333,8203791
5102,8400833,8381708
5103,8628125,8594000
5104,8516250,8491000
5105,7494417,7464917
5106,8560417,8536167
5107,9157541,9125750
5108,7479000,7448750
5109,8539875,8519000
5110,8458292,8439084
5111,8638917,8607958
5112,7961916,7943666
5113,8467292,8444625
5114,8519625,8495250
5115,8498875,8470083
5116,7448125,7425125
5117,8522375,8499833
5118,8070083,8049792
5119,8752792,8730625
5120,8335583,8322125
5121,8315334,8303125
5122,8264000,8252916
5123,8270666,8260166
5124,7933250,7916250
5125,8424125,8402792
5126,8254709,8244209
5127,8276500,8265916
5128,8253041,8243125
5129,8263084,8248084
5130,9333166,9323625
5131,7788167,7774709
5132,8122167,8110292
5133,8225750,8215833
5134,8369791,8354625
5135,8452500,8433542
5136,8401834,8382500
5137,9113958,9096041
5138,8199958,8190000
5139,8265334,8254042
5140,8211041,8200291
5141,8378000,8357542
5142,7958250,7939875
5143,8271250,8260709
5144,8245250,8234792
5145,9075167,9031417
5146,9291042,9241542
5147,8140708,8087791
5148,8277833,8228500
5149,7352667,7330709
5150,8474375,8461667
5151,9628042,9581042
5152,7063250,7019000
5153,9081458,9034583
5154,8492125,8439833
5155,8163458,8113333
5156,7934625,7899042
5157,8141334,8095334
5158,8400083,8329000
5159,8345708,8275500
5160,8504750,8460334
5161,8200042,8143959
5162,10774167,10713917
5163,5521750,5435250
5164,2414750,2352458
5165,5687625,5654541
5166,544458,534333
5167,9529833,9391583
5168,2111417,2083500
5169,2967000,2937500
5170,443667,425958
5171,6380000,6285291
5172,1176000,1138791
5173,5880625,5849833
5174,428791,399500
5175,8767959,8648334
5176,1036875,1010208
5177,6802000,6764791
5178,1667166,1612000
5179,7097667,6969709
5180,1608375,1573000
5181,6668458,6557708
5182,2269042,2230084
5183,4904833,4888333
5184,261042,254584
5185,9361042,9225000
5186,1633458,1577291
5187,6669917,6568000
5188,1585541,1550541
5189,6803834,6710292
5190,1349541,1313166
5191,6073375,6042959
5192,346834,338792
5193,9020250,8943958
5194,2541791,2508041
5195,4579042,4552417
5196,291667,283958
5197,24974583,24885500
5198,1944458,1876958
5199,2735000,2675125
5200,3277750,3237917
5201,410625,399042
5202,9645125,9527875
5203,1799334,1770875
5204,5008750,4975333
5205,312625,303416
5206,8797000,8694500
5207,1902250,1813791
5208,5763041,5729666
5209,410500,382875
5210,8759042,8636167
5211,1384750,1338208
5212,6352125,6300583
5213,1555000,1526500
5214,6284125,6267417
5215,1845292,1803208
5216,6623291,6592500
5217,323959,315917
5218,9137208,8978458
5219,1787667,1746792
5220,5322541,5296041
5221,304917,296959
5222,9150667,9025083
5223,1602500,1565083
5224,6354791,6311833
5225,1308834,1255000
5226,6550708,6521666
5227,1838000,1802292
5228,7102333,7054750
5229,1795334,1762125
5230,6460083,6417208
5231,1546625,1484083
5232,6408333,6368083
5233,408292,396709
5234,8390875,8331583
5235,1870417,1811542
5236,5837750,5801625
5237,355041,346583
5238,8571459,8521750
5239,2523125,2483291
5240,5732041,5671791
5241,1597167,1549292
5242,6168125,6142375
5243,321083,313917
5244,8854375,8803667
5245,1380292,1256167
5246,6841625,6709667
5247,1702000,1662208
5248,5951042,5927083
5249,333750,325166
5250,8852041,8813041
5251,2155292,2119042
5252,5293667,5265125
5253,374125,362458
5254,8774375,8629833
5255,1771458,1708000
5256,5666583,5634917
5257,324209,315584
5258,8964291,8912833
5259,1207417,1082000
5260,6730250,6685042
5261,1349000,1309208
5262,6477042,6449458
5263,1670375,1654875
5264,6486750,6465375
5265,323041,316416
5266,8481667,8446959
5267,342375,333833
5268,8245000,8201292
5269,1475083,1428542
5270,6001459,5984834
5271,291041,283291
5272,8965875,8836000
5273,2097542,2012625
5274,6822625,6697000
5275,2166583,2118000
5276,5325375,5290584
5277,364500,356500
5278,8500417,8449875
5279,898792,865000
5280,7105041,7065791
5281,1518875,1470834
5282,6895584,6801875
5283,1579000,1492958
5284,6435541,6393958
5285,1460334,1405000
5286,6620041,6595416
5287,1273000,1240459
5288,7289125,7256542
5289,345917,337084
5290,8648250,8599875
5291,1249708,1142333
5292,6660125,6610875
5293,1733334,1626000
5294,6293916,6253708
5295,1325292,1256209
5296,7299583,7217625
5297,1081917,1000625
5298,6913542,6896958
5299,2218041,2180750
5300,5685542,5665750
5301,323417,314583
5302,8448000,8400291
5303,1279875,1229833
5304,7698916,7650291
5305,1215250,1141000
5306,6669292,6639959
5307,828958,817000
5308,7629084,7579667
5309,1229750,1109416
5310,7090958,7043458
5311,2500667,2480125
5312,5499250,5401208
5313,1804250,1775958
5314,5950833,5940208
5315,310667,303625
5316,8599458,8549833
5317,957042,946250
5318,10116541,10049458
5319,1822084,1786042
5320,3236958,3220500
5321,347250,337750
5322,5689833,5582667
5323,1723542,1706334
5324,3527208,3509167
5325,289125,281542
5326,7093584,7053292
5327,1239583,1119958
5328,5036167,5014667
5329,275541,268291
5330,2747750,2720125
5331,1657459,1615292
5332,3436291,3415083
5333,339834,325500
5334,2771166,2724625
5335,679209,660000
5336,4963250,4950208
5337,307708,301833
5338,9338167,9278667
5339,885916,861916
5340,842084,827667
5341,5581375,5525375
5342,2557916,2526666
5343,1197917,1154625
5344,3920833,3899458
5345,292250,284042
5346,2879459,2854250
5347,403416,381000
5348,3667917,3651167
5349,264042,257750
5350,3932500,3910083
5351,341625,333125
5352,5965625,5927250
5353,1096541,963333
5354,6435667,6414125
5355,305583,298500
5356,2929209,2907125
5357,513458,499541
5358,5370708,5330000
5359,1142000,1035459
5360,3444709,3375625
5361,2194250,2170916
5362,736666,724583
5363,1220250,1179292
5364,2842750,2829250
5365,389875,374084
5366,4413000,4392792
5367,291542,283584
5368,3616375,3597000
5369,355917,342792
5370,3844458,3828416
5371,281958,274833
5372,5570500,5534959
5373,691042,679667
5374,2046875,2024208
5375,326750,314083
5376,3792583,3759000
5377,661709,633500
5378,3352250,3341833
5379,287916,280250
5380,3610375,3596917
5381,370167,354125
5382,4890875,4855083
5383,1516667,1464375
5384,5665375,5647958
5385,1262333,1250291
5386,2217625,2202125
5387,1938708,1895625
5388,3271625,3220084
5389,1753417,1709417
5390,1773167,1734208
5391,756791,722666
5392,3850042,3815417
5393,353208,344208
5394,2845042,2814084
5395,553333,532250
5396,4508625,4470917
5397,1134709,1016459
5398,2688250,2619958
5399,1330416,1295333
5400,2002542,1979625
5401,330375,321542
5402,3519000,3494500
5403,553958,534375
5404,4981834,4959417
5405,299583,292875
5406,18613208,12156958
5407,2182834,2155709
5408,6990041,6955041
5409,13654334,13615209
5410,8252208,8213750
5411,8603625,8566958
5412,8271500,8232167
5413,8401125,8360375
5414,8265500,8226792
5415,8583458,8494750
5416,8020334,7978209
5417,8354916,8313541
5418,2680125,2632667
5419,701375,671917
5420,2055625,2017042
5421,1356584,1329542
5422,1279791,1259833
5423,1297875,1257250
5424,2328792,2294584
5425,4866875,4834833
5426,520875,511167
5427,1584625,1562208
5428,959667,945208
5429,1344041,1315083
5430,1660375,1636167
5431,1918875,1905209
5432,791875,777292
5433,1107875,1085334
5434,1083459,1058709
5435,1124625,1106166
5436,1552416,1537250
5437,2788917,2770209
5438,656542,645875
5439,875708,854958
5440,716917,708083
5441,545666,539041
5442,729417,714375
5443,739625,728083
5444,997750,986750
5445,2892708,2879083
5446,794084,781542
5447,949166,926500
5448,791000,776000
5449,796292,776084
5450,699417,686167
5451,685916,672875
5452,676292,667084
5453,1413125,1388375
5454,334333,324958
5455,1407709,1389917
5456,945791,920291
5457,7547459,7520834
5458,579333,564666
5459,1004958,989958
5460,798709,784375
5461,671166,660375
5462,861459,845667
5463,778125,757416
5464,3619750,3587041
5465,634916,619541
5466,954250,931209
5467,856667,837584
5468,598583,589292
5469,734459,720292
5470,658791,645500
5471,762834,730417
5472,661166,642125
5473,728334,698084
5474,835291,817833
5475,996500,978417
5476,533167,522459
5477,673875,665208
5478,561417,550458
5479,735250,720291
5480,537625,525708
5481,711125,699583
5482,635791,624416
5483,480125,472209
5484,612125,603167
5485,682042,667750
5486,837125,828958
5487,9489125,9461292
5488,902292,861792
5489,914625,896875
5490,439625,428916
5491,1121791,1103083
5492,358959,350334
5493,1128625,1111500
5494,1378916,1359958
5495,309042,293500
5496,1310542,1281833
5497,512000,500750
5498,982625,970250
5499,373166,363166
5500,1354834,1334959
5501,333625,325291
5502,1577958,1559708
5503,318833,309667
5504,1515792,1497584
5505,380208,370958
5506,2025167,1999792
5507,397292,388542
5508,1536000,1510958
5509,392041,383291
5510,1452834,1431834
5511,321083,312958
5512,1431667,1417875
5513,321250,314166
5514,1529291,1514083
5515,294875,281292
5516,1020084,1000334
5517,435458,423208
5518,960083,947583
5519,344667,334125
5520,1594500,1574500
5521,353292,343542
5522,1187375,1176250
5523,352083,341833
5524,1446458,1423167
5525,321209,312584
5526,942708,924625
5527,568833,556667
5528,883292,868834
5529,358333,349500
5530,1249750,1233667
5531,266125,259917
5532,1339167,1324750
5533,278750,273292
5534,1538625,1519500
5535,329958,321792
5536,1556959,1543417
5537,279875,270916
5538,1385583,1374083
5539,262375,256417
5540,1507333,1488333
5541,295042,283875
5542,1445250,1426875
5543,301750,291417
5544,1270917,1253250
5545,307541,296750
5546,1516542,1503625
5547,267375,260375
5548,1433208,1417125
5549,273917,264917
5550,1266625,1249667
5551,295208,284417
5552,1537542,1518500
5553,1252583,1240625
5554,245750,239500
5555,1214500,1193667
5556,625375,615917
5557,940625,929125
5558,326584,319875
5559,1292250,1274291
5560,317666,308333
5561,1460792,1443667
5562,282250,274500
5563,1329875,1316917
5564,259500,252250
5565,1584458,1564333
5566,329875,321334
5567,1368042,1348709
5568,357875,348458
5569,1544875,1519208
5570,400583,390833
5571,1509167,1474792
5572,382333,372083
5573,1320042,1300792
5574,664667,644583
5575,1142583,1123083
5576,349792,341458
5577,1193875,1173750
5578,316333,308500
5579,1435333,1419750
5580,302709,295834
5581,1303375,1289583
5582,274166,265750
5583,1218584,1208042
5584,801416,783666
5585,532792,522042
5586,1143375,1126750
5587,344875,338042
5588,1185083,1170583
5589,266750,259917
5590,1573709,1548875
5591,331041,322416
5592,1443292,1428084
5593,261333,255458
5594,1677167,1658667
5595,323167,315667
5596,1452541,1436083
5597,282667,273250
5598,1330250,1317375
5599,287250,278083
5600,1420083,1399667
5601,296375,287209
5602,1388667,1368042
5603,336042,328208
5604,1556625,1542208
5605,268666,263208
5606,1313542,1303334
5607,262833,254375
5608,1555917,1540959
5609,292417,281917
5610,1211750,1201625
5611,1174750,1163500
5612,242333,236833
5613,1264542,1243167
5614,628208,611875
5615,1043542,1029125
5616,304416,294250
5617,1399625,1384709
5618,313292,304584
5619,1433833,1412958
5620,296959,288834
5621,1478000,1443750
5622,400666,388750
5623,1699375,1675959
5624,341584,333459
5625,1420333,1403333
5626,312333,303708
5627,1463000,1446000
5628,305250,295209
5629,1375667,1355125
5630,355833,346000
5631,1265584,1251709
5632,781250,760875
5633,596250,578458
5634,871458,852000
5635,412167,401625
5636,1344875,1315708
5637,422375,412375
5638,1280916,1257000
5639,342584,333625
5640,1310916,1295916
5641,278875,269875
5642,1595125,1581334
5643,277834,269250
5644,1530833,1512958
5645,313000,305458
5646,1344292,1327792
5647,293958,281375
5648,1468625,1456875
5649,274542,267042
5650,1351875,1337416
5651,286125,279000
5652,1486708,1475750
5653,256083,250958
5654,1536459,1518292
5655,317416,310500
5656,1378417,1361084
5657,300083,291625
5658,1353167,1337792
5659,289792,282583
5660,1145041,1129958
5661,294667,287917
5662,1615417,1595250
5663,326000,319250
5664,1375041,1360833
5665,250917,245000
5666,1516333,1496417
5667,318459,311167
5668,1314500,1304166
5669,1190666,1178708
5670,226625,221042
5671,1246250,1224334
5672,666917,651959
5673,741000,730958
5674,592167,580125
5675,791583,778541
5676,407958,399792
5677,1286625,1272125
5678,279459,271250
5679,1428458,1411041
5680,306500,299167
5681,1367792,1355833
5682,269333,262125
5683,1424375,1406625
5684,356125,348958
5685,1292708,1279417
5686,267209,258334
5687,1642250,1620333
5688,332375,322416
5689,1351541,1338458
5690,290250,282834
5691,1773500,1753750
5692,304792,297834
5693,1210708,1198875
5694,260584,255125
5695,1225208,1212250
5696,254292,248458
5697,1484375,1466250
5698,283583,274791
5699,1519833,1504167
5700,292042,283709
5701,1522417,1504750
5702,295041,286000
5703,1354084,1338625
5704,299000,292625
5705,1366083,1346541
5706,334458,325083
5707,1393042,1374792
5708,286875,276375
5709,1541208,1519583
5710,334542,323917
5711,2227500,2199667
5712,353958,344167
5713,1481542,1467542
5714,280042,270417
5715,1519041,1494333
5716,316834,307834
5717,1295083,1271166
5718,405208,397375
5719,1432875,1419750
5720,261834,254292
5721,1426583,1407916
5722,299667,292750
5723,1283250,1265250
5724,288583,280333
5725,1520083,1497958
5726,1245500,1232500
5727,245584,239500
5728,1355666,1326083
5729,405667,394792
5730,1245042,1229708
5731,286750,276375
5732,1289333,1274791
5733,295792,287250
5734,1351291,1335500
5735,281792,274709
5736,1406708,1391667
5737,294167,285459
5738,1399708,1381042
5739,559167,547417
5740,991833,980375
5741,249625,244709
5742,1296625,1284125
5743,292834,284417
5744,1245541,1236291
5745,282125,275584
5746,1320167,1309834
5747,240875,235667
5748,1340667,1326500
5749,288375,281333
5750,1453333,1441000
5751,244750,240000
5752,1280500,1267042
5753,241958,237167
5754,1239375,1229292
5755,260334,254500
5756,1409458,1393875
5757,272208,264708
5758,1420875,1403542
5759,313334,303750
5760,1562791,1548333
5761,283667,274792
5762,1393958,1380542
5763,289000,282459
5764,1393584,1380959
5765,284666,276583
5766,1419792,1400167
5767,327792,319542
5768,1196875,1185458
5769,265375,257958
5770,1624958,1604416
5771,299292,290625
5772,1302958,1289791
5773,272833,264625
5774,1275167,1261542
5775,275708,269292
5776,1275417,1263000
5777,257250,251750
5778,1467917,1452333
5779,323333,313833
5780,1441042,1428417
5781,279166,271458
5782,1329417,1314709
5783,257042,251458
5784,1399750,1382583
5785,303333,294833
5786,1256167,1245250
5787,1310750,1292833
5788,259000,252541
5789,1161958,1144000
5790,662917,648458
5791,772708,762750
5792,416375,407542
5793,913875,898625
5794,369458,360833
5795,1287125,1269167
5796,334292,326500
5797,1111875,1102042
5798,273083,265333
5799,1301084,1287792
5800,275000,268333
5801,911666,896416
5802,690500,673042
5803,699792,686959
5804,596542,583333
5805,812375,798291
5806,381041,372000
5807,1175625,1166584
5808,259667,253792
5809,3445500,3432792
5810,777292,762667
5811,806875,793958
5812,463708,455791
5813,830750,819417
5814,440667,428333
5815,914625,903208
5816,327166,319458
5817,945209,929959
5818,308916,300583
5819,991500,975417
5820,308250,301042
5821,1427584,1411084
5822,267583,259625
5823,855917,844708
5824,15559375,15527416
5825,929541,903625
5826,7454834,7410709
5827,1311833,1292916
5828,285750,272375
5829,1118583,1099750
5830,509625,496084
5831,917417,901500
5832,364958,357042
5833,1030667,1014459
5834,301792,294708
5835,1107416,1089375
5836,302792,295000
5837,1197208,1185417
5838,259959,254334
5839,1331250,1311916
5840,271125,264833
5841,1404708,1381916
5842,311333,303417
5843,1410917,1394917
5844,274917,267125
5845,1276666,1261833
5846,302792,296959
5847,1524125,1508042
5848,278125,270625
5849,1309167,1292500
5850,264458,258750
5851,1287458,1273375
5852,265375,259667
5853,1373584,1359292
5854,274125,267916
5855,1549500,1529791
5856,307708,299750
5857,1672083,1650042
5858,300875,293542
5859,1338125,1325167
5860,266625,260125
5861,1407292,1392584
5862,305042,296958
5863,1354125,1341083
5864,255250,249958
5865,1208916,1197375
5866,248709,243334
5867,1578333,1565375
5868,283542,276375
5869,1283750,1272166
5870,266791,260000
5871,1381875,1366917
5872,298292,287750
5873,1426250,1407625
5874,332458,325875
5875,1411584,1394292
5876,310250,302791
5877,1302541,1289000
5878,258292,252292
5879,1180667,1169250
5880,248583,243125
5881,1366125,1346875
5882,321792,312333
5883,1307541,1294791
5884,1167042,1156125
5885,232417,227042
5886,1234208,1215375
5887,512667,503292
5888,969250,959708
5889,284958,275208
5890,1481958,1459875
5891,301875,293292
5892,1319792,1302709
5893,279000,270958
5894,1129667,1118042
5895,247958,241958
5896,1199833,1185708
5897,288334,279000
5898,1402916,1386458
5899,274417,265334
5900,1422583,1406917
5901,318750,310125
5902,1468917,1454167
5903,300417,293958
5904,1443958,1429958
5905,276167,267542
5906,1377500,1363625
5907,608250,587541
5908,899708,888750
5909,351292,339208
5910,1225875,1210833
5911,309375,301541
5912,1318875,1300041
5913,309666,301916
5914,1468084,1448292
5915,313916,306000
5916,1292792,1275625
5917,332125,323292
5918,1401375,1386500
5919,303958,295958
5920,1530792,1511500
5921,314625,306708
5922,1429458,1410792
5923,315792,309084
5924,1373917,1359042
5925,276041,268083
5926,1266334,1255084
5927,614958,604125
5928,1021125,1004292
5929,307000,300417
5930,1255500,1242417
5931,262667,257042
5932,1209875,1197416
5933,245791,240208
5934,1344750,1329875
5935,297667,289917
5936,1288750,1274875
5937,279042,273875
5938,1729875,1711208
5939,312208,305375
5940,1602917,1580792
5941,308333,301083
5942,1338667,1326458
5943,288916,282791
5944,1207000,1192584
5945,1124417,1114042
5946,230125,224500
5947,1734292,1722583
5948,267958,259750
5949,1175125,1166167
5950,251375,246833
5951,1382917,1365250
5952,300666,288958
5953,1398084,1385167
5954,274916,267083
5955,1529542,1509292
5956,307875,301042
5957,1713792,1685167
5958,347958,333583
5959,1299125,1284625
5960,280625,272375
5961,1269042,1255583
5962,280458,272833
5963,1445375,1424542
5964,306250,297875
5965,1341083,1319833
5966,357709,349000
5967,1498500,1482541
5968,287208,278375
5969,1375500,1357000
5970,294083,287125
5971,1324417,1308959
5972,299500,289417
5973,1293583,1280417
5974,294292,284417
5975,1361625,1346875
5976,254125,247750
5977,1399875,1385458
5978,255500,248458
5979,1387417,1368458
5980,295333,286791
5981,1498417,1475792
5982,303541,294916
5983,1209792,1197459
5984,257917,251042
5985,1412625,1393750
5986,301583,293041
5987,1507833,1488583
5988,401459,390834
5989,1442666,1421708
5990,298750,288667
5991,1297667,1280417
5992,295708,288375
5993,1395542,1378000
5994,320417,278958
5995,1401916,1379041
5996,491500,455334
5997,1044542,1010917
5998,359292,347875
5999,1129333,1118333
6000,248875,242083
6001,1374750,1359625
6002,274667,268167
6003,1147458,1136333
6004,1097042,1087042
6005,244208,237833
6006,1143417,1131500
6007,848333,828500
6008,583250,571042
6009,776833,754583
6010,569667,558667
6011,868917,856708
6012,441083,431666
6013,1242875,1228792
6014,253333,247083
6015,3131209,3116042
6016,525250,511750
6017,793250,783458
6018,700708,685333
6019,564833,554917
6020,562542,549542
6021,602792,590375
6022,520083,510875
6023,602667,589417
6024,622708,608666
6025,2658792,2647500
6026,616166,601458
6027,879917,863500
6028,566500,557000
6029,547833,537375
6030,605542,596334
6031,451500,442792
6032,610000,600083
6033,786125,774083
6034,3390708,3373958
6035,639875,627709
6036,827042,807584
6037,576708,565083
6038,521709,513709
6039,490625,482166
6040,577625,569791
6041,452375,445000
6042,647208,636500
6043,832875,822250
6044,2687292,2677500
6045,680541,671250
6046,851459,832625
6047,666583,654333
6048,612208,604125
6049,558667,551584
6050,427542,419250
6051,653000,641708
6052,882625,875208
6053,2990458,2979458
6054,694917,680042
6055,731958,720333
6056,654333,643625
6057,550459,541500
6058,671958,661791
6059,443042,434083
6060,631083,622750
6061,753500,737167
6062,3221458,3210083
6063,731834,713375
6064,1000458,981208
6065,712042,696583
6066,638625,626916
6067,608791,598916
6068,611459,604292
6069,659583,649208
6070,741292,733458
6071,2601375,2589791
6072,681166,668375
6073,881250,867417
6074,631875,621709
6075,534709,524209
6076,629625,619708
6077,574916,565833
6078,617792,607709
6079,786542,777458
6080,2951708,2941083
6081,654167,641667
6082,836416,824458
6083,739459,727459
6084,561458,553083
6085,597875,587167
6086,504958,495708
6087,586792,577875
6088,947417,940000
6089,2947333,2937916
6090,556125,544917
6091,993958,978750
6092,719542,709584
6093,731292,721792
6094,661416,652666
6095,529584,519709
6096,805958,796291
6097,3569542,3549000
6098,631208,616541
6099,948708,934250
6100,663625,654834
6101,768292,755375
6102,686250,675125
6103,876042,861083
6104,3724250,3705250
6105,682958,661750
6106,884750,866625
6107,730667,719500
6108,695041,685500
6109,535167,523375
6110,693625,677708
6111,792000,778042
6112,1254042,1238000
6113,2235916,2211791
6114,534375,519834
6115,761875,748042
6116,670209,659125
6117,717375,708875
6118,612916,602833
6119,651875,639167
6120,1281084,1256584
6121,3230000,3202125
6122,446083,427833
6123,1616583,1559542
6124,765125,746417
6125,779209,761167
6126,770791,750250
6127,658250,646834
6128,713875,702500
6129,790667,774625
6130,1510042,1484625
6131,8606375,8574958
6132,589666,571291
6133,7726375,7700959
6134,659375,642459
6135,1370500,1351709
6136,1154000,1132042
6137,1225875,1203042
6138,1708167,1680375
6139,1980125,1960667
6140,741625,729583
6141,1193625,1166625
6142,1010250,989250
6143,1220958,1194333
6144,1708042,1686417
6145,2540833,2515042
6146,1047417,1021917
6147,1261083,1239958
6148,913375,892709
6149,1093375,1068084
6150,822834,807542
6151,671625,652458
6152,801750,778541
6153,635500,623166
6154,1080583,1055125
6155,830750,809792
6156,655083,642625
6157,847417,828125
6158,705333,694583
6159,644417,630084
6160,774667,760042
6161,1060250,1043583
6162,2932416,2901250
6163,944334,917042
6164,899166,877000
6165,692375,670709
6166,740750,724459
6167,595584,586250
6168,630250,617208
6169,594541,584708
6170,708792,679167
6171,681375,662000
6172,804917,787875
6173,610125,594958
6174,846541,826666
6175,748167,725625
6176,804958,783667
6177,775750,753792
6178,1196209,1171584
6179,379666,366791
6180,1494625,1471000
6181,326584,316542
6182,1693416,1668208
6183,345584,337000
6184,1581166,1556750
6185,386334,376500
6186,1481125,1466333
6187,275875,268666
6188,1464166,1443416
6189,321167,312500
6190,1563000,1531083
6191,371583,355333
6192,1798209,1765584
6193,411500,400458
6194,1432166,1412750
6195,330625,320417
6196,1049417,1021667
6197,457000,447875
6198,1274250,1254625
6199,1222833,1208750
6200,260667,254500
6201,1231167,1210708
6202,842375,821000
6203,526125,515500
6204,1258458,1233291
6205,342875,334375
6206,1614833,1593708
6207,332417,318292
6208,779250,765500
6209,869083,849917
6210,587667,569375
6211,1567917,1542625
6212,403875,394250
6213,1673458,1644125
6214,393167,383458
6215,898583,874041
6216,715625,693958
6217,865958,850000
6218,1016500,990959
6219,443250,431667
6220,1608625,1579875
6221,349667,340709
6222,1326583,1303542
6223,384875,375084
6224,1488375,1466334
6225,365917,357084
6226,1066417,1043875
6227,364625,355875
6228,1305375,1290041
6229,266958,261208
6230,1778125,1747458
6231,441833,427667
6232,1464667,1440917
6233,352708,344667
6234,1265584,1246375
6235,314583,306666
6236,1254583,1236375
6237,314167,305750
6238,1241708,1225167
6239,295125,285500
6240,1905250,1876250
6241,414334,404084
6242,1352000,1334916
6243,279291,271583
6244,1339834,1320625
6245,281791,275000
6246,1061125,1044000
6247,513792,500542
6248,921292,902833
6249,455708,442916
6250,1593750,1572042
6251,330208,321375
6252,1449500,1428709
6253,329584,321459
6254,1450625,1426541
6255,308208,300833
6256,1299667,1286583
6257,275833,269291
6258,1366292,1338667
6259,370875,361583
6260,1357916,1336666
6261,314417,306167
6262,1393375,1371292
6263,313875,305167
6264,1267833,1252500
6265,284959,272375
6266,1559166,1532208
6267,344459,335334
6268,1693791,1677125
6269,280792,273542
6270,1745292,1719292
6271,408250,396041
6272,1332875,1314083
6273,321166,312875
6274,1828167,1798625
6275,401208,388625
6276,1620875,1603209
6277,303834,291834
6278,1457791,1434291
6279,357625,348375
6280,1504292,1480709
6281,354042,343750
6282,1452291,1430875
6283,344250,334084
6284,1460917,1434125
6285,424875,415125
6286,1719250,1699500
6287,393458,382125
6288,1161334,1139375
6289,475250,460125
6290,1468625,1447208
6291,449875,435875
6292,1350875,1330541
6293,311541,303416
6294,1607584,1583209
6295,336500,328791
6296,1473541,1453708
6297,319042,309792
6298,1422333,1404875
6299,294375,285375
6300,895959,878542
6301,538416,516125
6302,1072417,1055959
6303,292083,282208
6304,1819167,1791000
6305,355750,347750
6306,1440375,1422000
6307,296500,287542
6308,1296000,1282458
6309,268167,257958
6310,1399250,1386083
6311,1330333,1308625
6312,276958,270250
6313,1217167,1198209
6314,629917,602792
6315,1471458,1446875
6316,364250,355250
6317,1340625,1323458
6318,336250,328625
6319,1289917,1276833
6320,284625,274166
6321,1379083,1361250
6322,304833,293375
6323,1748167,1728292
6324,303000,293542
6325,1336208,1323208
6326,265584,259834
6327,1261416,1244958
6328,294500,285792
6329,1306459,1290959
6330,296708,286791
6331,1409083,1388625
6332,317375,309417
6333,1455834,1441625
6334,268000,261833
6335,1267333,1252958
6336,287292,279000
6337,1356583,1338875
6338,286667,278833
6339,1291166,1278333
6340,284375,276209
6341,1339500,1325709
6342,259875,253500
6343,1947709,1926584
6344,354791,345666
6345,1547584,1528667
6346,309916,301333
6347,1316875,1300042
6348,290709,279375
6349,1579875,1556375
6350,352916,344583
6351,1344375,1325667
6352,330084,321209
6353,1625666,1606041
6354,324542,316125
6355,1588417,1556750
6356,342833,334375
6357,1381292,1363833
6358,304875,291166
6359,1425500,1404500
6360,323958,316291
6361,1857500,1836292
6362,382000,373000
6363,1483917,1459333
6364,339041,330708
6365,1436375,1411334
6366,356125,346584
6367,1607209,1585042
6368,1336625,1317500
6369,273125,266375
6370,1235708,1209750
6371,663583,645917
6372,1064917,1045542
6373,340417,331542
6374,1310625,1295000
6375,294791,283541
6376,1590625,1567459
6377,299042,290917
6378,1625208,1601333
6379,319292,309875
6380,833500,815333
6381,853333,831792
6382,616375,600375
6383,921167,903375
6384,317125,309542
6385,1426583,1410708
6386,300959,293584
6387,1438041,1415875
6388,319875,312709
6389,1632959,1604959
6390,377166,368958
6391,1484000,1465625
6392,317292,303667
6393,1557833,1533958
6394,348167,339292
6395,1320833,1299500
6396,342209,334250
6397,1374583,1353166
6398,321708,313792
6399,1691000,1675000
6400,1181209,1161459
6401,575625,559000
6402,1222541,1198375
6403,400875,391250
6404,1553292,1529209
6405,402167,392917
6406,1568041,1545208
6407,422500,410125
6408,1848875,1819459
6409,404667,394625
6410,837208,812375
6411,711834,691750
6412,731166,698916
6413,903917,883750
6414,637958,620583
6415,971375,795959
6416,663417,644542
6417,1194458,1169583
6418,958500,933625
6419,992000,968209
6420,1095042,1075000
6421,35961625,6373250
6422,1483625,1456708
6423,627167,609625
6424,10995000,10920750
6425,7635666,7571416
6426,7236042,7198792
6427,8293375,8257625
6428,7933708,7895500
6429,914250,890792
6430,920459,900375
6431,937166,915791
6432,859417,838417
6433,781417,766417
6434,1057375,1037291
6435,702750,686791
6436,1540250,1511375
6437,1302000,1276958
6438,971916,951791
6439,6991209,6958875
6440,734625,720125
6441,7902000,7858916
6442,17114875,17072500
6443,1237041,1216291
6444,6099500,6059959
6445,540584,521667
6446,1285666,1258458
6447,417375,407084
6448,1379000,1356334
6449,486334,469959
6450,1315625,1294875
6451,608083,595458
6452,974292,961083
6453,785375,772458
6454,813083,789291
6455,864292,843083
6456,902416,877666
6457,722834,697167
6458,1485041,1464416
6459,321792,313292
6460,1905042,1871792
6461,353458,340791
6462,1016417,989417
6463,1073666,1052166
6464,818584,793667
6465,1020000,996208
6466,792458,770166
6467,1363833,1342542
6468,316875,307209
6469,1325250,1310292
6470,637042,621542
6471,2261833,2230000
6472,386459,376292
6473,1712541,1689708
6474,401917,392959
6475,1655458,1635792
6476,312917,305667
6477,1559250,1539750
6478,292417,285333
6479,1724250,1705208
6480,547000,530125
6481,1632333,1611166
6482,341833,333250
6483,1613292,1597459
6484,297708,290667
6485,1496084,1480792
6486,298291,290958
6487,2088084,2073125
6488,293875,287541
6489,1894250,1860291
6490,405000,394625
6491,1782958,1762083
6492,292500,282792
6493,1407625,1395667
6494,254625,248833
6495,2092875,2068833
6496,306708,298792
6497,1086667,1072875
6498,1224458,1215208
6499,430709,424209
6500,1356083,1341166
6501,592542,578500
6502,1419666,1402708
6503,311875,303625
6504,9408834,9385292
6505,628000,615166
6506,1790000,1775416
6507,294500,286750
6508,1696125,1677500
6509,366958,355875
6510,1671125,1645875
6511,327000,318458
6512,2012833,1985042
6513,17078334,17045375
6514,949583,930416
6515,6399667,6369708
6516,383958,374458
6517,1524750,1499917
6518,1004583,989292
6519,1191167,1173459
6520,1804625,1789875
6521,2318667,2302500
6522,816708,797875
6523,1001583,986583
6524,1112209,1093042
6525,1224833,1203083
6526,1414167,1394208
6527,2790375,2765166
6528,813083,796291
6529,1385000,1354042
6530,993250,968833
6531,1249917,1224417
6532,1648708,1629875
6533,2392583,2369042
6534,763584,749625
6535,1437291,1411875
6536,1057459,1036542
6537,1249750,1223958
6538,1809291,1785208
6539,1812834,1794375
6540,759416,744500
6541,1116417,1096125
6542,1023542,1006167
6543,1272791,1241875
6544,1841209,1805584
6545,2218708,2206500
6546,5114125,5089458
6547,13663875,13625750
6548,6555208,6528000
6549,780209,764917
6550,1102416,1087458
6551,888500,872875
6552,849917,835042
6553,546250,535583
6554,793250,776292
6555,1358708,1344750
6556,1913792,1895375
6557,735500,722667
6558,1237792,1220083
6559,931666,918000
6560,706000,695000
6561,811792,798375
6562,1028833,1017125
6563,2719625,2701084
6564,761000,748000
6565,939625,903542
6566,1201709,1171250
6567,688000,676375
6568,874416,860666
6569,745709,737542
6570,545958,533500
6571,1174292,1163875
6572,1243833,1231750
6573,840667,822417
6574,918125,902250
6575,858375,843791
6576,668875,652916
6577,819500,797416
6578,1061416,1048708
6579,3288667,3275084
6580,840333,824250
6581,958625,939334
6582,847792,829834
6583,740250,729167
6584,610208,599167
6585,733875,724334
6586,723375,710917
6587,539625,528959
6588,722250,711292
6589,764292,753792
6590,9449250,9420708
6591,767625,748333
6592,981250,960000
6593,769083,757542
6594,787167,775959
6595,830542,815958
6596,618791,610708
6597,1154375,1140250
6598,534459,520584
6599,1879416,1857000
6600,715375,704209
6601,826667,815500
6602,805917,795292
6603,1202250,1187875
6604,341250,332583
6605,1537000,1516750
6606,316000,307625
6607,1584875,1571375
6608,305416,298625
6609,1112917,1091875
6610,1474542,1452333
6611,309166,295541
6612,1661750,1643667
6613,315584,305667
6614,1580958,1562750
6615,297667,290417
6616,1683708,1669708
6617,294083,283583
6618,1686875,1669375
6619,472000,455834
6620,1469417,1454042
6621,357375,349083
6622,1561375,1543708
6623,297458,287667
6624,1556417,1535417
6625,351875,341500
6626,1655750,1643208
6627,275917,268375
6628,1616416,1594083
6629,363750,355250
6630,1656375,1640167
6631,306459,293000
6632,1621291,1602208
6633,362375,354459
6634,1898959,1872959
6635,443833,428750
6636,1989333,1967833
6637,5278709,5259167
6638,1194541,1177791
6639,620584,612917
6640,1154958,1146750
6641,445333,437208
6642,1354917,1338500
6643,1276500,1262583
6644,468375,454875
6645,2332667,2297125
6646,384125,372500
6647,1024291,1005666
6648,1239792,1217834
6649,308500,294833
6650,1685833,1662250
6651,347500,338625
6652,1826167,1806292
6653,310917,300792
6654,1827125,1805416
6655,342916,331416
6656,902250,885917
6657,1374875,1334000
6658,322542,313084
6659,4535750,4504667
6660,648125,632292
6661,7599625,7573583
6662,741792,729333
6663,1397125,1378916
6664,310666,301666
6665,1772750,1752667
6666,335375,326459
6667,1725209,1705000
6668,335041,326916
6669,1543334,1528417
6670,462000,452416
6671,1413916,1401750
6672,515542,502875
6673,1448333,1434583
6674,295125,288542
6675,8018209,4459542
6676,17942541,14438125
6677,1315417,1291250
6678,4585917,4560667
6679,6829708,6803791
6680,8384125,8349583
6681,9159208,9122500
6682,8355417,8320709
6683,7514958,7483500
6684,9311167,9273750
6685,9309083,9266417
6686,6294542,6259959
6687,8377292,8344167
6688,8683500,8645875
6689,7772791,7742875
6690,8731209,8694000
6691,8692916,8654166
6692,8644459,8608209
6693,8211875,8158000
6694,8219000,8176625
6695,8317500,8269250
6696,8270416,8220291
6697,8887375,8841959
6698,8218584,8167125
6699,8200500,8163791
6700,8460875,8405375
6701,9017416,8946083
6702,8218000,8168292
6703,8471125,8405500
6704,8116000,8047375
6705,8461250,8404584
6706,12080375,12022334
6707,4392875,4304125
6708,13905209,13825167
6709,3304458,3238416
6710,7532583,7477000
6711,8158667,8118042
6712,18250000,18197833
6713,6125458,6073833
6714,8458834,8360584
6715,9041666,8959000
6716,9097334,9016042
6717,7739416,7692708
6718,8668792,8612959
6719,7335583,7284417
6720,10014959,9925959
6721,8258791,8200166
6722,9584709,9505667
6723,5788458,5737583
6724,8416167,8374042
6725,7665208,7622250
6726,9140042,9053083
6727,7927916,7874083
6728,9195292,9139167
6729,7904750,7826167
6730,9090458,8996667
6731,7905500,7851542
6732,8076125,8045375
6733,10440959,10278917
6734,5997916,5957000
6735,9311209,9260209
6736,3098583,3045625
6737,1235917,1149917
6738,5200583,5141750
6739,1196083,1141500
6740,5260084,5205375
6741,1783083,1697250
6742,16838333,16799375
6743,359500,350125
6744,10621500,10574125
6745,2703625,2659292
6746,4983417,4945750
6747,350833,343208
6748,11161834,11126375
6749,404666,389041
6750,7385625,7324042
6751,526209,508500
6752,8497416,8457250
6753,418834,406375
6754,8043625,8001583
6755,692833,661625
6756,7158750,7120750
6757,1773792,1751792
6758,7656750,7602666
6759,1005083,979833
6760,6029583,6003125
6761,597000,581542
6762,8050667,8016917
6763,2107458,2068417
6764,6235417,6191584
6765,426875,416792
6766,7856333,7824083
6767,443250,415250
6768,8879125,8770709
6769,2276042,2232625
6770,5118458,5083958
6771,482084,466417
6772,16123750,16080000
6773,670708,656000
6774,7849083,7809625
6775,683667,665792
6776,8422583,8353333
6777,897375,863167
6778,6418667,6382459
6779,1497167,1476625
6780,6629541,6600041
6781,465959,456042
6782,8007500,7974375
6783,410000,387208
6784,10143750,9962708
6785,7490125,7456250
6786,8576416,8540583
6787,7628667,7584709
6788,8308500,8271000
6789,8572375,8537208
6790,8854125,8807333
6791,7467875,7438083
6792,8349875,8316375
6793,8519875,8487250
6794,8358458,8314875
6795,8548584,8516917
6796,8504000,8477708
6797,8431916,8407250
6798,8592834,8555709
6799,7287708,7265416
6800,9386083,9350125
6801,7480084,7445875
6802,8578208,8544833
6803,8528208,8495583
6804,8595792,8563000
6805,7497375,7458333
6806,9425458,9382250
6807,7629334,7597875
6808,8630375,8600833
6809,8516166,8484500
6810,7598959,7557334
6811,8547583,8518750
6812,8148750,8116792
6813,8526542,8494500
6814,9524416,9447916
6815,7515042,7477584
6816,7957500,7911542
6817,9209750,9153833
6818,8583000,8526458
6819,8077667,8031083
6820,8098333,8043041
6821,8059333,7978042
6822,8843834,8803834
6823,7506125,7470666
6824,8264958,8231375
6825,8571208,8539375
6826,8859792,8811667
6827,7378750,7345917
6828,8473750,8448750
6829,8697417,8661167
6830,8322666,8280625
6831,8626459,8589209
6832,7507833,7472208
6833,8582708,8551792
6834,8794459,8750792
6835,7327916,7304583
6836,9320042,9293084
6837,7366875,7342667
6838,8694333,8655500
6839,8396875,8369417
6840,8378417,8357584
6841,9091042,9045500
6842,7742125,7704541
6843,9043333,8999291
6844,8070542,8019583
6845,7996833,7946916
6846,9316417,9251958
6847,7863625,7816375
6848,8586541,8536958
6849,7962375,7919709
6850,8306709,8240500
6851,8157208,8096416
6852,9149375,9099833
6853,8242750,8187708
6854,7559542,7490375
6855,8115833,8065875
6856,9479125,9427208
6857,8537375,8475042
6858,7583583,7490917
6859,8203542,8147167
6860,8755292,8706250
6861,8100041,8057041
6862,8462834,8411000
6863,7445083,7411333
6864,8482542,8458417
6865,8375291,8357416
6866,8188084,8148500
6867,8476958,8443375
6868,8406958,8387375
6869,8515542,8482209
6870,7345042,7319292
6871,8500875,8471000
6872,8220375,8190041
6873,8571083,8534791
6874,8574833,8532750
6875,8605834,8573209
6876,8310750,8295375
6877,8646083,8614583
6878,8524917,8289667
6879,7868458,7834708
6880,8964542,8924083
6881,7700500,7663666
6882,9188083,9141083
6883,7704125,7653625
6884,8132167,8102167
6885,8643125,8613166
6886,7670000,7629958
6887,8610541,8577416
6888,8546750,8514375
6889,7476459,7444250
6890,9215500,9187916
6891,7467208,7435750
6892,8680583,8646792
6893,8550750,8523542
6894,8646625,8608542
6895,7602459,7563042
6896,8225000,8195416
6897,8610500,8578083
6898,8537416,8506416
6899,8603084,8573042
6900,7578750,7542041
6901,8510208,8477125
6902,8140708,8108917
6903,8673334,8642542
6904,8634000,8601791
6905,8646791,8615666
6906,7572459,7536709
6907,8975750,8936000
6908,8256125,8223166
6909,8581500,8548291
6910,7463916,7430208
6911,8682209,8647625
6912,8562083,8534875
6913,8589208,8558708
6914,8161750,8125959
6915,7428125,7396417
6916,8605209,8572125
6917,8513666,8488750
6918,8618834,8585334
6919,8445000,8422750
6920,8225458,8195000
6921,8554958,8522292
6922,7451625,7420584
6923,8584584,8549834
6924,8767750,8729708
6925,8585416,8558625
6926,8167667,8138042
6927,7468083,7438667
6928,8601625,8565542
6929,8647250,8613917
6930,8659834,8622500
6931,7562916,7525333
6932,9345417,9313167
6933,7478375,7455417
6934,8626917,8597958
6935,8633583,8601208
6936,8455375,8422583
6937,7428958,7400125
6938,9378375,9342167
6939,7496875,7471750
6940,8641459,8611125
6941,8473666,8449291
6942,8552542,8515334
6943,7424875,7399750
6944,9270750,9236167
6945,7935875,7891750
6946,9180458,9126458
6947,8118459,8066584
6948,8102041,8052000
6949,8056209,8010000
6950,8631625,8573041
6951,8091666,8037416
6952,9229209,9184750
6953,8050625,8003000
6954,8132125,8077291
6955,8007375,7958125
6956,7990000,7930083
6957,8708458,8663583
6958,7521458,7487750
6959,8775625,8732542
6960,8581625,8551959
6961,8628500,8599500
6962,8184542,8155917
6963,7166417,7154458
6964,8620416,8597375
6965,8428834,8411209
6966,8625625,8595958
6967,8590083,8561708
6968,8248250,8218875
6969,8508792,8485500
6970,8737250,8704625
6971,7497541,7469166
6972,8515875,8494709
6973,8515250,8492209
6974,8097584,8077167
6975,8418791,8402958
6976,8518875,8498500
6977,8435959,8418334
6978,8540416,8509750
6979,7393625,7372917
6980,8161875,8140917
6981,8418709,8402542
6982,8515791,8494041
6983,8480667,8456709
6984,9275042,9226792
6985,7928166,7881375
6986,7518500,7493084
6987,8609042,8576625
6988,8553917,8528083
6989,8684500,8611625
6990,7424250,7392916
6991,8678750,8650000
6992,8381250,8341541
6993,8568166,8542125
6994,8820334,8784750
6995,7353166,7330166
6996,8598625,8566209
6997,8401250,8385459
6998,8133667,8104875
6999,8420958,8399667
7000,8275667,8265250
7001,8426375,8404042
7002,8530750,8502083
7003,8407208,8389167
7004,8043250,8025667
7005,8282417,8269375
7006,8446792,8427417
7007,8426083,8408291
7008,8399458,8382500
7009,8662417,8634000
7010,8154750,8129667
7011,8503958,8481917
7012,7373625,7351417
7013,8514875,8493042
7014,8431334,8402042
7015,8653041,8623916
7016,8236792,8214709
7017,8548917,8524292
7018,8914083,8877541
7019,7415458,7385333
7020,8528167,8503167
7021,8658042,8632917
7022,8110916,8075916
7023,8520834,8498084
7024,8516291,8486291
7025,7417625,7395042
7026,8510375,8486250
7027,8556667,8529750
7028,8271792,8249083
7029,8731041,8703875
7030,8527625,8500250
7031,7369209,7346000
7032,8654000,8621000
7033,8433541,8412666
7034,8099834,8071459
7035,8402625,8384625
7036,8321125,8294708
7037,8761375,8717500
7038,8518041,8494083
7039,7407834,7377709
7040,9180375,9156875
7041,8350333,8331041
7042,8510833,8484125
7043,7281834,7264625
7044,8383250,8365625
7045,8344250,8330333
7046,9235833,9205500
7047,7375250,7344083
7048,8360875,8345167
7049,8462875,8436833
7050,8509667,8477667
7051,8411833,8391958
7052,8234083,8201667
7053,8542917,8518709
7054,8573833,8543000
7055,8264917,8244709
7056,8307375,8294333
7057,8431417,8405083
7058,8055250,8033583
7059,8448583,8420833
7060,8274167,8263917
7061,8231125,8221375
7062,8313583,8301625
7063,9042417,9004292
7064,9087041,9015041
7065,8126667,8067834
7066,7431625,7400625
7067,8576500,8545542
7068,7147167,7132958
7069,8616041,8586291
7070,9284209,9257375
7071,7402000,7381833
7072,8454791,8434833
7073,8265750,8254334
7074,8515750,8479834
7075,9141084,9088334
7076,7621333,7594166
7077,8526000,8500792
7078,8627625,8599958
7079,7326083,7304583
7080,9256042,9239917
7081,7450750,7424208
7082,9289625,9263833
7083,7462583,7436292
7084,8501209,8476000
7085,8491458,8467666
7086,8592500,8561333
7087,8490833,8465375
7088,8038334,8018125
7089,8720166,8683333
7090,7321625,7297792
7091,8217625,8203959
7092,8581209,8551625
7093,8308666,8291541
7094,9188750,9162292
7095,7980167,7937917
7096,9304375,9251417
7097,8115250,8074375
7098,7455917,7425583
7099,8292000,8280750
7100,8185791,8163208
7101,8277792,8266584
7102,8469417,8447500
7103,8967916,8927583
7104,8090834,8032792
7105,9165333,9120500
7106,7922625,7890875
7107,8000542,7962875
7108,9300333,9249125
7109,7768375,7695167
7110,7428833,7398375
7111,8550167,8514709
7112,8218750,8191417
7113,8255000,8239500
7114,8359417,8344542
7115,8279666,8267541
7116,8292292,8276542
7117,8931708,8893500
7118,7584500,7556125
7119,9093959,9049792
7120,8188500,8143458
7121,9153500,9110083
7122,7418708,7389791
7123,9068000,9014208
7124,7543625,7510292
7125,9012000,8976083
7126,8075750,8023833
7127,7947583,7909375
7128,9066750,9036750
7129,7943375,7912375
7130,8418667,8360375
7131,8034792,7992167
7132,9410125,9354000
7133,8013916,7966291
7134,8229000,8166000
7135,8301084,8259209
7136,8234833,8176208
7137,8344625,8292000
7138,8114000,8070375
7139,8372292,8304958
7140,8227250,8165541
7141,8511500,8452458
7142,9355666,9304583
7143,7012292,6958042
7144,8731917,8695083
7145,7528125,7491958
7146,8586958,8551541
7147,8478625,8456125
7148,8266750,8236083
7149,8736750,8702750
7150,7472208,7436000
7151,8702084,8663584
7152,8666333,8627083
7153,7438542,7401917
7154,9384625,9342500
7155,7529166,7489916
7156,8606792,8568459
7157,8577042,8542958
7158,8572875,8536541
7159,7607208,7567708
7160,8411375,8371292
7161,8708375,8670625
7162,8879125,8707208
7163,7497458,7466875
7164,8522834,8497542
7165,8740916,8706041
7166,8217834,8191042
7167,7554041,7522125
7168,8613459,8587459
7169,8579875,8553833
7170,8640750,8609833
7171,7346083,7326916
7172,9296917,9273250
7173,7314583,7295333
7174,8476125,8456083
7175,8522667,8497542
7176,8465125,8444916
7177,8506500,8486125
7178,8241083,8214166
7179,8445333,8425667
7180,8523667,8500584
7181,7382125,7360292
7182,8496042,8465958
7183,8604875,8576416
7184,8110583,8091000
7185,8427625,8409792
7186,8318208,8293583
7187,8333625,8317542
7188,8341709,8327792
7189,8255541,8245541
7190,9121917,9099542
7191,7303750,7281917
7192,8550250,8520750
7193,8356792,8341167
7194,8655125,8619208
7195,8668250,8623291
7196,8191875,8161541
7197,8581125,8550125
7198,7401916,7371666
7199,8576125,8547959
7200,8508334,8483334
7201,8666250,8629500
7202,8082666,8042041
7203,8499709,8469917
7204,8506083,8475875
7205,8582083,8551333
7206,7273625,7246959
7207,8520834,8491792
7208,8215291,8181375
7209,8651959,8615375
7210,8579708,8548583
7211,8530333,8503500
7212,8423209,8399084
7213,7489208,7459750
7214,9193042,9168375
7215,7316041,7291791
7216,8370042,8352584
7217,8334292,8315333
7218,8623125,8593625
7219,8452875,8430458
7220,8194125,8168208
7221,8609791,8583166
7222,8639834,8608875
7223,8530541,8502500
7224,7333250,7312125
7225,8706292,8667834
7226,8311417,8287708
7227,8524875,8502083
7228,8437208,8417500
7229,8534458,8509708
7230,7570500,7540334
7231,8550875,8524375
7232,8253167,8225375
7233,8469583,8448958
7234,8486000,8461834
7235,8516625,8493500
7236,8433584,8414042
7237,8473208,8447250
7238,8076292,8054750
7239,8594625,8564208
7240,7522125,7494750
7241,8420500,8405125
7242,8529916,8499750
7243,8472209,8450375
7244,8267708,8208875
7245,8468750,8443792
7246,8570458,8536458
7247,7359334,7336209
7248,8363875,8343291
7249,8488041,8465541
7250,9241792,9215250
7251,7252583,7236417
7252,8361084,8342250
7253,8582250,8547916
7254,8528666,8499333
7255,8455042,8433959
7256,8231167,8200833
7257,8454500,8432791
7258,8463250,8439916
7259,8258250,8246875
7260,8334000,8319041
7261,8326916,8312083
7262,8068209,8041167
7263,8394125,8369500
7264,9006625,8969500
7265,8177750,8124958
7266,8187833,8132541
7267,9491875,9446625
7268,7778833,7733833
7269,8053667,8009209
7270,7417042,7385625
7271,9087625,9049000
7272,7276375,7261000
7273,9136958,9092541
7274,8518750,8497250
7275,8410375,8391917
7276,7367125,7344958
7277,8529000,8504958
7278,8500958,8478250
7279,8492125,8465250
7280,8134167,8113084
7281,8483625,8458000
7282,8535708,8508542
7283,8424125,8405375
7284,8456167,8437375
7285,8435792,8415458
7286,8103208,8078250
7287,8466042,8446250
7288,8279875,8265625
7289,8362916,8347208
7290,8438625,8419500
7291,7272709,7254125
7292,9268208,9240291
7293,8307458,8294500
7294,8528250,8505042
7295,7170625,7122792
7296,9196625,9143667
7297,9336500,9275209
7298,8328500,8278000
7299,8148500,8096000
7300,7482417,7451584
7301,9049583,9007208
7302,8022292,7968584
7303,8174833,8113208
7304,8831792,8778084
7305,8032833,7982458
7306,8224709,8167625
7307,8198333,8143000
7308,8220875,8166625
7309,9419250,9370083
7310,7382208,7327333
7311,8236709,8186459
7312,9380666,9322000
7313,8111500,8061959
7314,8165875,8115750
7315,8190500,8138917
7316,8524250,8486667
7317,7375167,7354667
7318,8609167,8581708
7319,8330750,8310958
7320,8473916,8455166
7321,7293334,7275417
7322,9631125,9599458
7323,7451083,7416041
7324,8655375,8611458
7325,8473667,8440958
7326,8929708,8877208
7327,7477375,7438125
7328,8347500,8308000
7329,8596583,8547292
7330,8721375,8677250
7331,7997625,7943334
7332,8292709,8236542
7333,8312958,8247166
7334,7939375,7876292
7335,6919542,6868042
7336,1181833,1132666
7337,14966375,14891667
7338,371667,361833
7339,8775375,8725375
7340,1487416,1444833
7341,7181625,7119292
7342,2165792,2139250
7343,5045208,5009667
7344,364375,345209
7345,7877042,7850667
7346,350042,341750
7347,8044750,8015916
7348,343791,336375
7349,9018334,8944834
7350,1460500,1421125
7351,6712708,6645166
7352,1291125,1260875
7353,5938875,5913458
7354,1602458,1572792
7355,6949167,6921750
7356,348875,341708
7357,7892292,7871708
7358,351500,341541
7359,9049958,8993625
7360,1453833,1422417
7361,5732750,5704334
7362,337459,328584
7363,8122833,8099333
7364,325958,316958
7365,8257542,8219042
7366,1907500,1880917
7367,6188875,6166458
7368,344292,335833
7369,7819208,7799250
7370,316458,308958
7371,8781375,8724375
7372,1614500,1533292
7373,6396792,6360250
7374,401750,386750
7375,8325292,8192167
7376,1834375,1783000
7377,5700083,5666500
7378,1846083,1810125
7379,7277917,7230292
7380,1490125,1454250
7381,6040750,6023667
7382,325750,318625
7383,8703917,8619875
7384,1038458,1015250
7385,7509458,7371875
7386,1739500,1685375
7387,6033584,5997625
7388,365833,357125
7389,9393500,9306250
7390,1651125,1623958
7391,4832542,4806875
7392,311250,302333
7393,8512166,8474208
7394,341667,334167
7395,8215042,8179792
7396,344291,335416
7397,7770542,7751792
7398,308750,301667
7399,7725542,7708167
7400,306791,300083
7401,8149459,8124667
7402,1122708,1112458
7403,8385917,8327583
7404,1776291,1721875
7405,5521375,5494292
7406,333375,326334
7407,8972209,8812625
7408,1234000,1199208
7409,6690833,6620041
7410,1407667,1355208
7411,6206125,6182375
7412,284208,277416
7413,7931417,7910542
7414,1658583,1642000
7415,6844583,6816917
7416,334000,324875
7417,9115709,8963500
7418,1269208,1213708
7419,5919542,5894042
7420,303916,297166
7421,9199084,9039125
7422,1812583,1781500
7423,5799667,5749333
7424,1531041,1457000
7425,6498209,6456125
7426,2086666,2057583
7427,6548584,6511000
7428,369291,359875
7429,8757500,8700834
7430,1743125,1638959
7431,5787125,5758500
7432,332709,322959
7433,8348375,8292458
7434,1537416,1483125
7435,6130250,6092375
7436,362625,353125
7437,8841292,8689334
7438,2078375,2020083
7439,5294292,5262625
7440,344541,335708
7441,8069000,8029959
7442,377834,366792
7443,8605375,8520625
7444,1484791,1454416
7445,6058625,6031334
7446,336042,328000
7447,9011292,8867833
7448,1908916,1869250
7449,6709792,6568709
7450,2243083,2211500
7451,4905667,4868709
7452,363792,355625
7453,8009416,7972041
7454,347292,339292
7455,7974375,7937375
7456,359500,348667
7457,8966583,8830417
7458,1630792,1582750
7459,6630667,6477417
7460,1734750,1696625
7461,5665041,5631833
7462,1864125,1841167
7463,6830875,6795625
7464,363792,355167
7465,7624125,7586917
7466,340917,331750
7467,7840083,7811333
7468,301667,293125
7469,8489666,8456750
7470,422834,410834
7471,7375583,7347583
7472,306333,298958
7473,9674959,9614875
7474,2823583,2776708
7475,3966750,3929625
7476,486083,456250
7477,7493834,7463875
7478,315791,306875
7479,8354667,8326209
7480,333583,325083
7481,9085042,9038167
7482,1113167,1060417
7483,6996583,6941750
7484,1094708,982167
7485,6370917,6347292
7486,1378083,1341417
7487,7214875,7170084
7488,915167,864417
7489,7267708,7231583
7490,344292,334959
7491,8423750,8379000
7492,1194125,1148583
7493,7268625,7217375
7494,875833,803708
7495,7267875,7223250
7496,1283584,1145084
7497,6997708,6950625
7498,2974125,2928250
7499,6784125,6753958
7500,376750,361333
7501,5676542,5653958
7502,385166,371250
7503,7348459,7297084
7504,1880833,1816750
7505,3471333,3435417
7506,433292,413250
7507,6123167,6110000
7508,268625,262666
7509,5474416,5448625
7510,344250,336000
7511,3740375,3715375
7512,527125,502625
7513,3934209,3916209
7514,335083,327500
7515,3859792,3832833
7516,523583,499416
7517,3845167,3823542
7518,318625,311125
7519,7536291,7507125
7520,323500,315584
7521,3282750,3258500
7522,450375,441375
7523,3958917,3927375
7524,349250,338542
7525,5031125,4972875
7526,1412583,1380958
7527,1420417,1406500
7528,282333,273750
7529,3313084,3283375
7530,507000,488875
7531,4353833,4340708
7532,286250,279583
7533,4249750,4177708
7534,1280667,1255750
7535,2621625,2605125
7536,260416,253666
7537,8116667,8087625
7538,338292,329250
7539,3656250,3577791
7540,3974333,3955750
7541,254167,247750
7542,2842750,2811458
7543,345750,338875
7544,3745916,3729000
7545,288500,281209
7546,4892125,4840042
7547,659334,641334
7548,3772500,3753708
7549,314500,306583
7550,2730375,2700791
7551,374416,365916
7552,5591834,5547667
7553,1370916,1320750
7554,1601125,1553625
7555,541167,517459
7556,4168250,4155208
7557,1975667,1940500
7558,1525416,1506625
7559,647459,623459
7560,4764250,4678916
7561,1956083,1880916
7562,2893750,2825750
7563,3021917,3006833
7564,278666,272583
7565,8206584,8174292
7566,348500,339333
7567,2870625,2816000
7568,468666,448458
7569,4306709,4291667
7570,264791,259166
7571,3500542,3469792
7572,378250,358875
7573,4246750,4225500
7574,309208,301042
7575,3212625,3184875
7576,683250,651000
7577,4174959,4154417
7578,1798083,1755458
7579,1392958,1376750
7580,490000,471084
7581,3684292,3655584
7582,296208,289208
7583,3965792,3941250
7584,341500,331583
7585,5385792,5356542
7586,314083,305625
7587,16197458,10669583
7588,1487584,1437667
7589,8859833,8826625
7590,6841875,6803875
7591,7812583,7777917
7592,8326917,8289625
7593,8240833,8206500
7594,8257750,8222125
7595,7921625,7881000
7596,8244250,8209834
7597,8696500,8657417
7598,522834,508042
7599,1130125,1109750
7600,882833,867041
7601,826917,803917
7602,812083,777291
7603,676292,661750
7604,844208,822291
7605,692167,680792
7606,745208,729750
7607,1236125,1217958
7608,618792,605708
7609,925750,908333
7610,705541,695375
7611,665375,654542
7612,1097750,1080709
7613,598750,590167
7614,3267375,3253875
7615,893084,877042
7616,1309500,1286541
7617,455375,442666
7618,1321791,1299000
7619,544459,530917
7620,1381916,1356625
7621,341417,332542
7622,1574125,1546333
7623,574667,559208
7624,1269750,1245583
7625,472000,456500
7626,1218000,1206708
7627,654958,641375
7628,1345958,1328875
7629,339334,329167
7630,3103583,3089083
7631,675833,662500
7632,801750,790292
7633,752667,743792
7634,696917,688208
7635,771083,758416
7636,863250,854042
7637,3619792,3607917
7638,1149041,1133916
7639,783209,769959
7640,763041,752333
7641,647084,636875
7642,696833,688083
7643,935500,924417
7644,3414375,3401875
7645,639125,629625
7646,1260625,1233292
7647,811458,798625
7648,701459,688417
7649,646708,635000
7650,616417,607542
7651,648916,640041
7652,916125,907959
7653,2155000,2138417
7654,719834,707292
7655,7953166,7920666
7656,436917,426667
7657,1183333,1165500
7658,742875,730667
7659,587917,579584
7660,726083,715542
7661,1325375,1302209
7662,2981917,2966709
7663,678375,669750
7664,1359125,1343250
7665,798042,784375
7666,617791,606166
7667,795042,778500
7668,997500,982042
7669,3103417,3087500
7670,709333,696958
7671,1321250,1305833
7672,740500,728167
7673,765458,752125
7674,704750,695625
7675,590959,583875
7676,728750,717541
7677,1193208,1177666
7678,1623375,1603208
7679,902250,884417
7680,766917,755333
7681,1032500,1014583
7682,693916,684291
7683,613959,602375
7684,823625,805333
7685,1306583,1289458
7686,2171833,2158167
7687,832792,812834
7688,910208,890500
7689,571917,561625
7690,1030458,1008083
7691,555500,545917
7692,871625,850042
7693,619709,609542
7694,634166,624083
7695,640834,627250
7696,645000,633333
7697,1287291,1271958
7698,554750,542792
7699,1215917,1198584
7700,322083,314458
7701,1544792,1522750
7702,332000,325125
7703,1536708,1513792
7704,333500,324542
7705,1411584,1386125
7706,973166,940666
7707,603792,589459
7708,1324708,1299625
7709,367625,357209
7710,1459292,1433625
7711,426292,414500
7712,1842125,1809666
7713,449416,437625
7714,2652167,2618667
7715,624000,597125
7716,1715125,1683292
7717,347167,337333
7718,1342083,1313875
7719,342500,332833
7720,1473583,1438167
7721,593375,520667
7722,2277209,2241750
7723,426791,414291
7724,6964250,6930250
7725,1310750,1296292
7726,278125,271625
7727,1367875,1338584
7728,644500,629167
7729,1072417,1034042
7730,483542,471875
7731,2837666,2821000
7732,589292,576292
7733,904083,893125
7734,496667,485959
7735,1228417,1211583
7736,318208,311291
7737,1402625,1383500
7738,1169208,1156625
7739,249709,243125
7740,1988375,1970458
7741,321250,313208
7742,1429750,1413125
7743,315875,307833
7744,1442458,1426958
7745,298417,287750
7746,1892875,1864416
7747,391416,379916
7748,2128959,2117250
7749,768416,755041
7750,735292,712334
7751,693917,677000
7752,647708,632666
7753,653708,642250
7754,962042,947417
7755,281417,274583
7756,1275250,1259083
7757,305875,297666
7758,1394833,1376375
7759,461167,452250
7760,1020666,1005291
7761,453542,440334
7762,1152167,1136125
7763,263416,255791
7764,1492084,1468542
7765,304708,294041
7766,1443750,1428583
7767,297792,291625
7768,1362791,1346500
7769,558500,546709
7770,1014667,1000250
7771,276250,269250
7772,1333417,1317417
7773,296833,285375
7774,1398167,1380875
7775,334500,323791
7776,1626666,1606916
7777,2367000,2343292
7778,649792,632667
7779,1447958,1428042
7780,313000,303750
7781,1317250,1295625
7782,318542,311209
7783,1431125,1403042
7784,658792,647417
7785,1639375,1598625
7786,889958,869708
7787,8168167,8140583
7788,558416,541625
7789,962709,944584
7790,499291,489541
7791,783167,770709
7792,546333,534375
7793,1155875,1139125
7794,294292,284792
7795,1470917,1452500
7796,310833,304666
7797,1774792,1757625
7798,290833,281500
7799,1434708,1414708
7800,293375,284959
7801,1415959,1399167
7802,276416,269083
7803,1515667,1495084
7804,334042,325292
7805,1318875,1302833
7806,285458,278541
7807,1317833,1305708
7808,255292,249584
7809,1507667,1486875
7810,333916,326666
7811,1128750,1113167
7812,274625,265917
7813,1442834,1422209
7814,321250,309375
7815,1600583,1580500
7816,1179542,1163125
7817,259708,253041
7818,1461250,1441667
7819,319250,308250
7820,1146333,1125208
7821,435375,421125
7822,1048375,1033625
7823,309542,302834
7824,1262917,1251958
7825,275375,270125
7826,1280833,1261875
7827,723625,708125
7828,695208,684125
7829,550500,538625
7830,717459,708000
7831,600458,587333
7832,691625,676458
7833,515833,507833
7834,999667,982875
7835,292458,284875
7836,1362542,1346834
7837,286167,278875
7838,1680875,1664416
7839,296041,283916
7840,1416584,1398500
7841,340333,329666
7842,1355625,1330208
7843,366458,356583
7844,1517667,1499042
7845,338042,329167
7846,1286166,1266666
7847,319792,310542
7848,1309042,1293083
7849,289583,281208
7850,1367917,1350750
7851,276500,267916
7852,1484333,1465041
7853,305042,295708
7854,2128958,2104041
7855,341917,327250
7856,1467625,1456291
7857,830375,814375
7858,439250,429875
7859,1242375,1224250
7860,292000,284875
7861,1279375,1265166
7862,253375,247208
7863,1810583,1780625
7864,383000,369042
7865,2329417,2305125
7866,352666,343625
7867,1389125,1370084
7868,292209,282750
7869,1510875,1493833
7870,283166,275333
7871,1450917,1431209
7872,329250,322083
7873,1252083,1236458
7874,297459,287250
7875,1246375,1229833
7876,295416,288250
7877,1307334,1290834
7878,299291,290208
7879,1397917,1383709
7880,287375,280083
7881,1639292,1615750
7882,1196416,1184041
7883,1277000,1264334
7884,750875,743375
7885,605417,595417
7886,812375,799500
7887,446333,439417
7888,1116459,1102209
7889,289333,280708
7890,1817667,1791583
7891,365833,357291
7892,1384750,1365750
7893,844375,824708
7894,718958,689375
7895,754917,745584
7896,554208,533333
7897,885959,873375
7898,362583,353958
7899,1206000,1193458
7900,273208,266750
7901,1403875,1384792
7902,289917,281209
7903,2094750,2067167
7904,331125,320333
7905,1396333,1377833
7906,296667,284750
7907,1395083,1376792
7908,306500,294125
7909,1185875,1159167
7910,1047417,1030417
7911,741042,725625
7912,1197791,1187375
7913,8611375,8590209
7914,734209,721917
7915,1081875,1070541
7916,249791,243291
7917,1223209,1209875
7918,273416,266791
7919,1543709,1500667
7920,587666,577333
7921,2595459,2582334
7922,912708,894125
7923,943417,932542
7924,250166,244125
7925,1379959,1363375
7926,283916,277041
7927,1313625,1298084
7928,1147917,1137667
7929,254750,248500
7930,1228375,1215000
7931,444708,437958
7932,1389750,1375167
7933,295625,285500
7934,1306375,1296125
7935,262584,255459
7936,1369208,1353708
7937,288042,279667
7938,1301333,1288500
7939,265542,259208
7940,1492125,1479625
7941,259250,253750
7942,1365291,1351791
7943,283292,277084
7944,1386417,1371958
7945,287333,278583
7946,1800583,1770875
7947,439250,422709
7948,3166292,3146625
7949,648417,636667
7950,1276000,1261375
7951,282583,274708
7952,1452292,1434000
7953,299041,289166
7954,1758375,1731209
7955,392750,382500
7956,1692834,1673792
7957,9011958,8978958
7958,941667,901833
7959,1163375,1138083
7960,396916,385666
7961,1551000,1530834
7962,356625,346792
7963,1417000,1390959
7964,335417,327334
7965,1651125,1629417
7966,292292,284292
7967,1427958,1407208
7968,311583,303958
7969,1337625,1322209
7970,288292,278000
7971,1425542,1402833
7972,1285000,1271833
7973,272125,266375
7974,1706125,1688125
7975,296166,288958
7976,908042,890042
7977,15890958,15855917
7978,751875,739084
7979,7480125,7434959
7980,435125,422625
7981,1066917,1049834
7982,283500,272208
7983,971333,958333
7984,476000,463625
7985,839792,824917
7986,547625,537833
7987,755083,742958
7988,599584,569667
7989,855750,837375
7990,570083,552750
7991,1479917,1450500
7992,373583,363125
7993,1454375,1424917
7994,372292,362375
7995,1248416,1232208
7996,317875,310375
7997,1589209,1564959
7998,336166,326166
7999,1371209,1350834
8000,828208,816083
8001,584833,572125
8002,903209,888084
8003,412541,404375
8004,1269584,1256542
8005,263333,257708
8006,1451250,1430708
8007,1303333,1290333
8008,272000,263542
8009,1231209,1213375
8010,649750,637625
8011,886250,868708
8012,440000,431083
8013,1135083,1118541
8014,304875,297750
8015,1365125,1350292
8016,280500,270583
8017,1550292,1531375
8018,314875,306625
8019,2010375,1992458
8020,286375,278250
8021,1467666,1445875
8022,358959,350750
8023,1438875,1421666
8024,305500,298208
8025,1237750,1225291
8026,259625,253500
8027,1547041,1523500
8028,306500,298417
8029,1627917,1607125
8030,290667,281750
8031,940166,925875
8032,6614667,6586917
8033,16782042,16747125
8034,322000,313416
8035,11233291,11191375
8036,1911542,1891334
8037,12961000,12924667
8038,363208,350125
8039,7025500,6990709
8040,418625,408084
8041,7913125,7878834
8042,353167,340167
8043,10287750,10253792
8044,355250,346250
8045,5491042,5463292
8046,1622416,1607000
8047,7430750,7407292
8048,393375,385417
8049,8203334,8169959
8050,346000,336916
8051,7795958,7769250
8052,333375,325333
8053,8142375,8118500
8054,327917,319875
8055,8140750,8108791
8056,335666,326291
8057,8328000,8302459
8058,1440500,1417167
8059,6276917,6260750
8060,297417,290500
8061,8410333,8378500
8062,314833,306250
8063,7834875,7804417
8064,338542,331625
8065,8031000,8006750
8066,336167,329083
8067,7921750,7907708
8068,303083,296083
8069,9977292,9917000
8070,7319166,7287083
8071,8514292,8484834
8072,8571417,8539167
8073,8542583,8510333
8074,7375792,7346750
8075,8493250,8463791
8076,9350250,9299583
8077,8068125,8012666
8078,8320291,8261041
8079,8183209,8125959
8080,9360041,9301041
8081,8147959,8089084
8082,7630250,7579083
8083,8028291,7980125
8084,9231417,9180834
8085,8071500,8018208
8086,8220292,8146250
8087,8282625,8224541
8088,8469166,8420166
8089,8141875,8093625
8090,8123959,8067542
8091,9479875,9428541
8092,8088333,8034333
8093,8131958,8081875
8094,8898625,8844542
8095,7213542,7154667
8096,8224458,8165667
8097,9329625,9229334
8098,8145584,8088084
8099,8153833,8097375
8100,7937750,7881042
8101,8491208,8431125
8102,8291417,8238625
8103,8366250,8310958
8104,8224792,8168667
8105,8183000,8131583
8106,8852458,8794625
8107,8089792,8033500
8108,8161833,8113000
8109,8443083,8386917
8110,8278500,8234459
8111,8072500,8018667
8112,8583500,8532209
8113,8369542,8314792
8114,8237208,8182750
8115,8443167,8382042
8116,8257625,8198250
8117,8437708,8387958
8118,8756250,8692584
8119,7986209,7936209
8120,8377708,8312375
8121,8342917,8286250
8122,8351083,8285666
8123,8058167,8004000
8124,8565041,8517041
8125,8099167,8049375
8126,8266208,8216542
8127,9432542,9374542
8128,7166458,7110583
8129,8915000,8847709
8130,8496167,8434042
8131,8475458,8412042
8132,8345959,8287000
8133,8737416,8668458
8134,7633084,7569917
8135,9093083,8995000
8136,8166625,8107667
8137,7289583,7226500
8138,8673209,8612917
8139,8730958,8654750
8140,8313000,8249500
8141,8492958,8441083
8142,7611834,7562292
8143,8527083,8456916
8144,8173125,8119875
8145,8451125,8397583
8146,8060125,8003833
8147,8724500,8654958
8148,9022042,8953167
8149,7621041,7538083
8150,8737834,8680625
8151,8089916,8033875
8152,8248459,8194042
8153,8163375,8106250
8154,9025125,8964125
8155,7311416,7250833
8156,8245042,8193667
8157,8138375,8076000
8158,9816792,9761792
8159,7258666,7202291
8160,8565334,8508750
8161,8334791,8267125
8162,8793167,8713042
8163,8105417,8049250
8164,8072500,8019750
8165,8119791,8066750
8166,9415459,9353292
8167,7175291,7109416
8168,7584542,7548792
8169,8684250,8643125
8170,9120625,9084542
8171,7503167,7469083
8172,8160208,8130000
8173,8863625,8824375
8174,7568833,7529208
8175,8619542,8581292
8176,8714167,8675042
8177,8567250,8533833
8178,8311916,8264833
8179,7483709,7449709
8180,8576250,8541041
8181,8563750,8531875
8182,8866166,8790208
8183,7629500,7593625
8184,8293875,8255292
8185,8650209,8618417
8186,8643000,8571208
8187,7380833,7355000
8188,8630708,8601542
8189,9054667,9012167
8190,8886000,8825917
8191,8070875,8015375
8192,8084875,8031458
8193,8201542,8144583
8194,8584625,8516333
8195,8215791,8161583
8196,8613834,8554542
8197,8102666,8045875
8198,8754042,8669917
8199,8427208,8358375
8200,8255459,8208834
8201,8286208,8230875
8202,8342667,8260292
8203,8525958,8451083
8204,8251542,8207250
8205,8574541,8516416
8206,8409250,8282875
8207,7462542,7399875
8208,8066625,8012583
8209,8211417,8064458
8210,9968541,9916166
8211,7872750,7777709
8212,7182000,7121500
8213,8958209,8881959
8214,8414333,8278041
8215,8461167,8402042
8216,8387000,8324125
8217,8411375,8344041
8218,8538000,8471708
8219,8790250,8712541
8220,7218916,7159500
8221,9183250,9129667
8222,8414792,8352917
8223,7295625,7235333
8224,8390042,8330500
8225,8844333,8747375
8226,8335000,8274792
8227,8416000,8356500
8228,8329208,8282792
8229,8209584,8154834
8230,8727666,8656166
8231,7140792,7086084
8232,8722708,8662125
8233,8422292,8364667
8234,8673792,8613042
8235,7985583,7943041
8236,8092250,8044375
8237,7915917,7859167
8238,9162750,9038625
8239,8483166,8417541
8240,8652709,8594834
8241,7414458,7357375
8242,8797875,8728583
8243,8091792,8037750
8244,8649041,8585041
8245,8528209,8463500
8246,8830791,8764291
8247,7402292,7340959
8248,8462167,8399000
8249,8416458,8352750
8250,8309375,8227917
8251,8472125,8401708
8252,8657750,8579542
8253,7344125,7275625
8254,9364625,9314292
8255,7427667,7362375
8256,7992541,7934833
8257,8386000,8328292
8258,8543875,8402375
8259,8329459,8276334
8260,8730583,8665458
8261,8963000,8567417
8262,7384875,7353292
8263,8284583,8230250
8264,8449167,8376084
8265,8128500,8068583
8266,8127167,8070875
8267,9018541,8958708
8268,8507459,8447792
8269,8080458,8024541
8270,8178042,8078250
8271,7953375,7903291
8272,7987541,7933875
8273,9219334,9161500
8274,7789083,7733083
8275,8214042,8113750
8276,9116125,9061875
8277,7978166,7927625
8278,8097375,8042792
8279,8123875,8071334
8280,8375167,8320500
8281,8249375,8190083
8282,9064833,9017000
8283,8028084,7974792
8284,8203541,8139458
8285,8267000,8209500
8286,9056875,8964292
8287,8389417,8336000
8288,8105208,8038125
8289,8144667,8073500
8290,8270083,8204000
8291,8443167,8385042
8292,8847125,8798250
8293,8218750,8165667
8294,8065583,7984292
8295,8270500,8215417
8296,8051667,8001959
8297,8834667,8763875
8298,8643833,8593083
8299,7515667,7440375
8300,9160333,9074541
8301,7088083,7029458
8302,9146667,9068459
8303,8016667,7965625
8304,8422291,8373625
8305,8684625,8599792
8306,8741875,8695875
8307,7795417,7754500
8308,8184583,8139375
8309,8097917,8065125
8310,8805875,8735083
8311,8217125,8171375
8312,8598708,8542875
8313,8270459,8188417
8314,7976625,7939208
8315,8480750,8419416
8316,8651208,8566041
8317,8323333,8272083
8318,8412917,8359917
8319,8782875,8734708
8320,7442000,7391792
8321,8505250,8454250
8322,8103958,8050292
8323,8165584,8107209
8324,8722166,8650458
8325,8915209,8855834
8326,8036083,7987458
8327,8706042,8639958
8328,7743916,7687750
8329,8466584,8379167
8330,8853833,8805625
8331,6931958,6862500
8332,8598959,8551209
8333,8486833,8416833
8334,8520792,8467375
8335,8071708,8023333
8336,8272167,8209000
8337,7610750,7576541
8338,8669541,8633625
8339,7473209,7441584
8340,9245916,9219791
8341,7525834,7493625
8342,8752291,8717333
8343,8558084,8528875
8344,8673458,8644541
8345,7375458,7349500
8346,8352750,8319542
8347,8634875,8602667
8348,8657875,8624834
8349,8626709,8594209
8350,7512000,7479666
8351,8688875,8648708
8352,8924916,8872791
8353,8320459,8265542
8354,8393500,8334833
8355,8233666,8177291
8356,8079167,8025959
8357,8091750,8031708
8358,8733417,8677708
8359,8298291,8246083
8360,7904667,7860417
8361,9208208,9152500
8362,8073084,8019125
8363,8044916,7997208
8364,8337500,8286750
8365,9297167,9241959
8366,8167875,8116292
8367,8013500,7960042
8368,9165292,9112500
8369,7181750,7130416
8370,20258333,11072708
8371,889917,862750
8372,8588333,8548916
8373,9375583,9321375
8374,7704500,7652667
8375,8216667,8186209
8376,8649917,8616333
8377,7435833,7404625
8378,8463542,8427833
8379,8758666,8716583
8380,8637875,8605542
8381,8409375,8366792
8382,7467084,7430334
8383,8564791,8534250
8384,8569834,8537125
8385,8590291,8559291
8386,8011167,7960459
8387,7817042,7781458
8388,9241875,9188041
8389,8210875,8151833
8390,8192333,8133958
8391,9415042,9357500
8392,8305958,8252250
8393,7521292,7462750
8394,8303708,8249666
8395,8359375,8300167
8396,8537250,8469667
8397,8471875,8416875
8398,8160750,8097000
8399,8216792,8163792
8400,8461791,8186083
8401,8718500,8653792
8402,8093209,8040500
8403,8122833,8067500
8404,8447917,8393958
8405,9265291,9203208
8406,7276167,7215250
8407,8967042,8890750
8408,8965958,8873375
8409,7154542,7079042
8410,9028000,8961541
8411,8233125,8186041
8412,7585791,7552125
8413,7556959,7520459
8414,8732541,8694791
8415,8547209,8520334
8416,7603875,7573166
8417,13242625,8402375
8418,4059875,4031416
8419,8622708,8591958
8420,7391250,7365458
8421,8534458,8506250
8422,8592292,8561209
8423,8140375,8114583
8424,8428958,8408083
8425,8422584,8402500
8426,8244791,8229375
8427,8623750,8590792
8428,8447084,8424375
8429,8219375,8188375
8430,9228791,9161291
8431,8510125,8457834
8432,8160792,8104292
8433,8248000,8191750
8434,8319125,8241875
8435,8611250,8554417
8436,8463167,8411875
8437,7245583,7190208
8438,8529333,8460625
8439,8365750,8316292
8440,8714209,8638750
8441,7926791,7868166
8442,8438542,8371959
8443,8473250,8381917
8444,8991208,8929708
8445,7004667,6946625
8446,9470833,9405500
8447,7623042,7566250
8448,8283917,8230125
8449,8103500,8053875
8450,8122875,8076000
8451,9272291,9216041
8452,8314250,8258209
8453,8705292,8654542
8454,7987375,7930625
8455,8052625,8003792
8456,8159458,8112125
8457,8115375,8067584
8458,8202584,8146500
8459,8710291,8660666
8460,8285959,8229959
8461,8009041,7957083
8462,9056667,9004167
8463,8139375,8090458
8464,7945625,7901667
8465,8284958,8235208
8466,8409125,8350334
8467,7930042,7892709
8468,9047083,8995458
8469,8051167,7999084
8470,8064917,8016042
8471,8611041,8569333
8472,8079709,8032292
8473,9076375,9026958
8474,8066333,8016708
8475,8089875,8038417
8476,8081167,8030458
8477,8426541,8374833
8478,9111292,9062084
8479,7946333,7897542
8480,7961667,7911709
8481,9006875,8961333
8482,8256542,8200333
8483,8248708,8200541
8484,8045542,7993708
8485,8178375,8130458
8486,9257541,9204833
8487,8186750,8141375
8488,7860334,7828334
8489,8515625,8472458
8490,8057291,8003666
8491,8115375,8067084
8492,8045584,8003209
8493,9399166,9353416
8494,8466625,8370500
8495,8179959,8116125
8496,8059208,8008125
8497,8321375,8267208
8498,8176208,8129667
8499,8177625,8136750
8500,8034709,8001667
8501,8741833,8695166
8502,8121583,8074417
8503,8250417,8207125
8504,9058417,9016250
8505,8238791,8189500
8506,8532500,8443084
8507,8380375,8331625
8508,8196959,8164084
8509,8349250,8291375
8510,8546875,8464625
8511,8718041,8670750
8512,7052792,7017667
8513,8130750,8084375
8514,9129667,9075958
8515,8285416,8241833
8516,8162834,8127417
8517,7947291,7910541
8518,8342334,8266250
8519,9622625,9580833
8520,7363875,7315833
8521,8425958,8367333
8522,8049750,7996708
8523,8077458,8035958
8524,8622542,8530084
8525,9406000,9348708
8526,7075292,7022125
8527,8700625,8648875
8528,8232958,8185791
8529,8122917,8071250
8530,8086750,8033666
8531,9253541,9208166
8532,7931750,7883375
8533,7955625,7910834
8534,8053917,8001459
8535,9060500,9011917
8536,7916667,7870333
8537,9005291,8948000
8538,8075167,8025542
8539,7960083,7927250
8540,8231375,8193417
8541,8213750,8176875
8542,9346417,9297792
8543,7706083,7657125
8544,8202625,8165209
8545,8222000,8183084
8546,8177417,8136959
8547,9164542,9111458
8548,7892708,7858416
8549,8350292,8304208
8550,7935041,7888708
8551,9674084,9618792
8552,7186208,7141291
8553,8239583,8198417
8554,9440750,9335167
8555,7335375,7290084
8556,7988375,7945084
8557,9900459,9830000
8558,6955125,6901375
8559,9726750,9693541
8560,7370291,7321583
8561,8302500,8250667
8562,8037959,7990292
8563,8515416,8450041
8564,8345292,8302625
8565,8634750,8582042
8566,8489167,8411750
8567,8393208,8327333
8568,8406583,8357917
8569,8745459,8673709
8570,7694916,7622750
8571,8512750,8457042
8572,8615042,8550417
8573,8150125,8106667
8574,8179083,8128875
8575,8683334,8615584
8576,7996958,7960625
8577,8042583,7989208
8578,8904667,8806084
8579,7460208,7408458
8580,8106875,8074834
8581,9273834,9229125
8582,8573291,8477166
8583,7826459,7741834
8584,8374666,8325416
8585,8288917,8241084
8586,8274292,8218292
8587,7933875,7896958
8588,7965500,7930791
8589,9181125,9137375
8590,8105833,8052416
8591,9958500,9858083
8592,7335875,7273792
8593,8709417,8638458
8594,7335833,7271000
8595,8357875,8315000
8596,8333000,8287958
8597,8158875,8103458
8598,8435542,8382458
8599,8325416,8276291
8600,8743834,8684167
8601,8803000,8731916
8602,7475166,7402708
8603,9073375,9021417
8604,8274875,8223584
8605,8042125,7986792
8606,8072000,8023459
8607,8234875,8181209
8608,8151625,8096042
8609,8530542,8479959
8610,8103583,8047792
8611,8207834,8156584
8612,8266958,8218166
8613,9289583,9233667
8614,8167792,8115667
8615,8204667,8153208
8616,8002166,7957083
8617,8122167,8072209
8618,8101875,8054250
8619,9185208,9135375
8620,8109834,8056000
8621,8378750,8329500
8622,7813708,7770958
8623,8981125,8929000
8624,7942208,7890958
8625,7942792,7901625
8626,9405958,9308708
8627,8257084,8214375
8628,7953833,7922958
8629,8126667,8072417
8630,8085791,8046458
8631,8198792,8163417
8632,9501458,9438792
8633,8152209,8097542
8634,8181291,8126500
8635,8121500,8076292
8636,8125959,8068792
8637,8101625,8055333
8638,8168250,8069916
8639,8666125,8614041
8640,7979625,7941958
8641,9184750,9134000
8642,8763833,8672916
8643,7404667,7354083
8644,8340625,8290208
8645,8603083,8560375
8646,8181833,8134750
8647,8379750,8331584
8648,8126875,8089084
8649,8087959,8043875
8650,9843666,9752333
8651,6806459,6768375
8652,9217791,9173750
8653,7944667,7900709
8654,8117625,8063833
8655,8272875,8225958
8656,8239292,8196625
8657,8413833,8371458
8658,8082458,8026500
8659,9173042,9123584
8660,8761917,8696167
8661,6862125,6824291
8662,9741958,9674041
8663,7526875,7471875
8664,8533292,8458333
8665,8367458,8293833
8666,7933625,7885417
8667,8045167,8009875
8668,9357875,9314166
8669,7395000,7336041
8670,10147041,10053916
8671,6744250,6716334
8672,8043167,7997459
8673,9599542,9529542
8674,7028500,6985375
8675,9451750,9377666
8676,7988083,7946375
8677,8476333,8423000
8678,8828417,8754292
8679,8030333,7976917
8680,8900292,8834917
8681,7232958,7175292
8682,8419125,8355834
8683,8301459,8255625
8684,8648833,8586791
8685,9117208,9049417
8686,7388625,7308625
8687,8326167,8271459
8688,8263458,8221333
8689,8703209,8633209
8690,8296000,8247000
8691,8010541,7975041
8692,9154709,9075459
8693,7411083,7352333
8694,8330417,8259083
8695,9212250,9162875
8696,6959041,6906000
8697,9044250,8979209
8698,9159542,9075334
8699,7230333,7174000
8700,8333292,8290167
8701,8215458,8162333
8702,8704917,8649667
8703,8623917,8545375
8704,8481583,8427583
8705,7654208,7588958
8706,8098292,8041584
8707,8516792,8470125
8708,8671791,8631458
8709,8215417,8176542
8710,9663833,9571542
8711,6934084,6890000
8712,8764500,8696958
8713,8525250,8463708
8714,8314000,8262833
8715,7602625,7560250
8716,8586625,8552041
8717,8871375,8808541
8718,7004500,6961625
8719,9817416,9749625
8720,7025375,6967959
8721,9803792,9718167
8722,7178667,7132708
8723,8230416,8176791
8724,9199125,9122500
8725,8292625,8228250
8726,8148792,8099334
8727,8021792,7970458
8728,9172375,9100500
8729,7372250,7325291
8730,8217875,8165500
8731,8448541,8383791
8732,8038875,7987250
8733,8351292,8298709
8734,8095667,8012667
8735,9604333,9546958
8736,7729458,7693792
8737,8384042,8321334
8738,8301083,8252583
8739,9093959,9053334
8740,7001750,6968500
8741,9075833,9009916
8742,8356458,8300833
8743,7771625,7744500
8744,7985834,7952834
8745,9432666,9335125
8746,8616042,8568250
8747,7635417,7584125
8748,8424750,8369208
8749,8632250,8567875
8750,8320666,8265333
8751,9512417,9420542
8752,7303417,7241833
8753,7821375,7757708
8754,8451500,8389791
8755,8079625,8049208
8756,8284291,8239125
8757,8382084,8306292
8758,9032500,8948916
8759,8025291,7967083
8760,8011542,7984667
8761,8350542,8257208
8762,8974625,8888000
8763,7802916,7735125
8764,8114834,8068042
8765,9813500,9732291
8766,7149000,7097458
8767,8195625,8154666
8768,8337708,8301250
8769,8035083,7996125
8770,8288209,8230125
8771,9141833,9081083
8772,8235625,8195583
8773,8701292,8630583
8774,8196500,8112000
8775,7172208,7127750
8776,8600167,8575042
8777,8695291,8635208
8778,8127167,8082834
8779,8582458,8529250
8780,8220959,8141417
8781,8340916,8313208
8782,8598667,8505750
8783,7387042,7336833
8784,10170041,10126791
8785,7196542,7123834
8786,8357250,8304292
8787,8554958,8505750
8788,8961209,8907125
8789,7003041,6947708
8790,8257750,8198167
8791,8435375,8401417
8792,8016417,7972750
8793,10162292,10101458
8794,7532375,7458833
8795,8096083,8043750
8796,8195667,8144917
8797,8740500,8650708
8798,8356916,8298083
8799,8388584,8337292
8800,7949916,7915583
8801,9842792,9780167
8802,7347667,7271500
8803,7135291,7096125
8804,9595167,9541667
8805,7737458,7687000
8806,8075625,8021959
8807,8448000,8401167
8808,7904125,7865625
8809,8006167,7955417
8810,9880667,9792958
8811,7158708,7106416
8812,7961917,7931458
8813,8651458,8606708
8814,9675417,9618500
8815,7333583,7266708
8816,8272083,8230875
8817,8178709,8115459
8818,8541750,8450750
8819,8449625,8383708
8820,8260916,8171250
8821,8259459,8169792
8822,8682958,8622708
8823,9439000,9359208
8824,6686292,6657708
8825,8429208,8388041
8826,8103917,8054667
8827,8604583,8551125
8828,9253458,9170292
8829,7059084,7016625
8830,10330666,10209541
8831,7361292,7318084
8832,8943833,8909167
8833,6996250,6936834
8834,9161042,9109375
8835,8665167,8623792
8836,6750750,6696333
8837,8986291,8937250
8838,9296292,9233584
8839,6945667,6890958
8840,8181083,8143916
8841,9870917,9798958
8842,7084708,7037000
8843,9120500,9062917
8844,8234958,8186417
8845,7969250,7919459
8846,9116209,9038209
8847,7174666,7124958
8848,9137042,9091000
8849,8309292,8251917
8850,8075750,8015000
8851,8302916,8254958
8852,8281625,8238250
8853,8196167,8155250
8854,8632917,8557625
8855,8361750,8297708
8856,8295458,8253791
8857,8222667,8167417
8858,8351000,8300958
8859,9020125,8972875
8860,7380041,7317041
8861,8608375,8557292
8862,8129084,8084959
8863,8188916,8153000
8864,8504292,8437917
8865,8028417,7980750
8866,8374500,8323416
8867,8616125,8558000
8868,8173833,8136208
8869,8892917,8803542
8870,8216875,8168416
8871,8734958,8692166
8872,7670250,7625792
8873,8477458,8405500
8874,8305375,8244917
8875,8033834,7985125
8876,7807500,7772625
8877,9295458,9252041
8878,8433333,8336708
8879,8178167,8122375
8880,7967542,7925083
8881,8037958,8002666
8882,7568458,7526958
8883,8663334,8627167
8884,8703708,8664166
8885,8225208,8191917
8886,8599250,8561625
8887,7554959,7518625
8888,10040208,8596000
8889,7585417,7546625
8890,7175666,7152083
8891,9168792,9145959
8892,8479583,8454000
8893,7434750,7401959
8894,8482667,8458292
8895,8537333,8509833
8896,8564917,8532584
8897,8305875,8273083
8898,8627958,8591833
8899,7418792,7397209
8900,8507583,8479792
8901,8573334,8539334
8902,8502625,8471708
8903,8276416,8244041
8904,8561875,8535875
8905,9125625,9073209
8906,8163792,8101750
8907,8104792,8052958
8908,8079291,8032375
8909,8614334,8566000
8910,8098708,8049000
8911,7976042,7938125
8912,9356166,9297208
8913,8364500,8317959
8914,8208625,8134209
8915,7693584,7635584
8916,8253875,8198541
8917,8151083,8099708
8918,9277542,9215208
8919,8003083,7954291
8920,8185625,8149792
8921,9081792,9020208
8922,8757458,8692583
8923,7177750,7123792
8924,8909833,8837750
8925,8500209,8433042
8926,9210625,9112166
8927,6944708,6873833
8928,8279625,8223417
8929,8297375,8230708
8930,9496125,9396167
8931,7861708,7812583
8932,7541334,7501667
8933,8618416,8558291
8934,8108250,8058209
8935,7553000,7519417
8936,8374084,8355042
8937,8378958,8364541
8938,8283042,8271292
8939,7939291,7922750
8940,8622250,8594917
8941,8632250,8596084
8942,8339500,8322750
8943,8334292,8319709
8944,8247917,8237667
8945,8751583,8706333
8946,8152000,8095958
8947,8106875,8065833
8948,9214875,9157667
8949,8383792,8322167
8950,8727625,8660208
8951,7659625,7611625
8952,8561500,8506791
8953,8511000,8443916
8954,8418791,8360875
8955,8246417,8196334
8956,8084208,8031958
8957,9757042,9709084
8958,7047583,6970292
8959,9234250,9155042
8960,7260000,7203625
8961,8465084,8392834
8962,8746083,8682500
8963,8147958,8095292
8964,8568584,8511292
8965,7440833,7375583
8966,8134625,8079750
8967,8906583,8841458
8968,9150542,9085792
8969,8120083,8069417
8970,7086875,6994292
8971,9049459,9018459
8972,7957041,7915291
8973,8261000,8199750
8974,8363542,8303584
8975,8161042,8108417
8976,9863458,9799208
8977,7968542,7910792
8978,7333833,7277583
8979,8168667,8120417
8980,9306625,9245958
8981,8304291,8231666
8982,8478375,8417167
8983,7152375,7117250
8984,8278417,8234334
8985,9908292,9820375
8986,8241375,8171625
