frame,interval_ns,run_tick_wall_ns
0,7543708,7476583
1,8600333,8554458
2,8601834,8560625
3,8628333,8558833
4,7454250,7409708
5,8474667,8431833
6,8469958,8428833
7,8480833,8438083
8,8273542,8231459
9,8398917,8363375
10,8261666,8188625
11,8425209,8393000
12,8325000,8282208
13,8637875,8595916
14,8585208,8540041
15,7432625,7392458
16,8315792,8278250
17,8458250,8416291
18,8492958,8450625
19,8531125,8489333
20,8465417,8426500
21,8355250,8317250
22,8439416,8401666
23,7233959,7194459
24,8830500,8738416
25,8330125,8289541
26,8586583,8547041
27,8215458,8176917
28,8549959,8510500
29,8349875,8312916
30,8427125,8381958
31,8491958,8445708
32,8315958,8269958
33,7445125,7403500
34,8792042,8748292
35,8452333,8411333
36,8465959,8428542
37,8424958,8389666
38,8060167,8013708
39,8158958,8117458
40,7954667,7913500
41,8016208,7978458
42,9134625,9094792
43,7998250,7963958
44,7760333,7722125
45,9345959,9305292
46,8314625,8272541
47,8159750,8124125
48,8319208,8274291
49,8066333,8030875
50,7860625,7821167
51,9197000,9152542
52,8199209,8157417
53,7996375,7963958
54,8209250,8167166
55,8041500,8004250
56,8779791,8741250
57,8203375,8166167
58,8065834,8023459
59,8847750,8812833
60,7935250,7903041
61,8121458,8078000
62,9156542,9109958
63,8262333,8222125
64,8206833,8169458
65,8306250,8263667
66,8228792,8187542
67,8303125,8258750
68,7993333,7957583
69,9102750,9070042
70,8061917,8031042
71,8020833,7992875
72,8355209,8318542
73,8050708,8016375
74,8965417,8924958
75,8274083,8230041
76,8250958,8209583
77,8623084,8578709
78,8291375,8252541
79,8641458,8599875
80,8415042,8377583
81,8387416,8347875
82,8713167,8673334
83,7810208,7776125
84,8426750,8392209
85,8623500,8583875
86,8456834,8413084
87,7626125,7583291
88,8848916,8800291
89,7881084,7837375
90,8791291,8745416
91,7813709,7771750
92,8241791,8202333
93,8417209,8376292
94,8479250,8437958
95,8371208,8332291
96,8503917,8461458
97,8566416,8524125
98,8212375,8170792
99,7540459,7502875
100,8483000,8444000
101,8477583,8433791
102,8538250,8500292
103,8323250,8282458
104,8021625,7975958
105,8373750,8328625
106,8255375,8216208
107,8272583,8225708
108,8057250,8020500
109,13695459,7922500
110,3597625,3550125
111,9538125,9499000
112,8648333,8593916
113,9879542,9839500
114,6093750,6058125
115,25152583,25110541
116,8196542,8155542
117,8152666,8117791
118,8371000,8326167
119,8228917,8191375
120,7797583,7755292
121,9238417,9201834
122,8473042,8425167
123,7919666,7883875
124,8331667,8285750
125,8343917,8304792
126,8176583,8135875
127,7956833,7921042
128,8133834,8099667
129,8994291,8969666
130,8152209,8117875
131,8112208,8077791
132,8806708,8769500
133,8056959,8025084
134,8327750,8292083
135,8162375,8130125
136,8030625,7997250
137,9329416,9152041
138,7864000,7832750
139,8083959,8047417
140,8342791,8302041
141,8173334,8135625
142,9304083,9265708
143,8099708,8067667
144,8176417,8140125
145,8227750,8190583
146,8080292,8050250
147,7618958,7593083
148,8562125,8543792
149,8906042,8879708
150,8123791,8090375
151,8382542,8333542
152,9087375,9051750
153,9017458,8981667
154,7740292,7706667
155,8663417,8631083
156,8849708,8815833
157,7817125,7762875
158,8162042,8102917
159,8143166,8103708
160,8950375,8919709
161,7964750,7933959
162,9037334,9002250
163,7833208,7783291
164,7951917,7925750
165,24643375,24603041
166,8950000,8917333
167,7937875,7883666
168,9202750,9163708
169,7973000,7940291
170,8112875,8056875
171,7982041,7942625
172,8780167,8743584
173,7897625,7858667
174,9157708,9119083
175,7972125,7928750
176,8218959,8184500
177,7983458,7947333
178,8788625,8750958
179,7796375,7744000
180,9097375,9062833
181,8041208,7988708
182,8102459,8064750
183,8894416,8860083
184,8111417,8057959
185,8107667,8078667
186,8707250,8675958
187,7927375,7875041
188,9033583,8999666
189,7730542,7694250
190,9041250,9003125
191,7412500,7377541
192,24851625,24819708
193,8850083,8814750
194,7618750,7584167
195,9202750,9165292
196,7660000,7628708
197,25806792,25776125
198,7673375,7639375
199,24882333,24853708
200,9099708,9068208
201,7955167,7905125
202,8982417,8950583
203,7803250,7755208
204,25572083,24251208
205,7200167,7168625
206,8239500,7961833
207,8400833,8327666
208,8316667,8279125
209,9251000,8339125
210,7243708,7210125
211,7768542,7739708
212,8662916,8633958
213,8634250,8443459
214,7960167,7937167
215,8103042,8075625
216,8882666,8707750
217,8586042,8555667
218,8159375,8125375
219,8781542,8478542
220,8705333,8644916
221,10611167,7338583
222,5857541,5753500
223,7482334,7445834
224,9320583,9261541
225,10977750,7558333
226,6295792,6228583
227,7729083,7684541
228,7718875,7686375
229,10998000,8773542
230,6950708,6917125
231,8260459,8194625
232,7332958,7275875
233,8531083,8479625
234,7535000,7491959
235,8580584,8546042
236,11312416,8710541
237,4857625,4823292
238,8885584,8850250
239,8883583,8838791
240,7351333,7314667
241,8994125,8942334
242,8628459,8561042
243,7336250,7279291
244,8780500,8720666
245,8872958,8818791
246,6984792,6957083
247,25361833,25147916
248,8363625,8322750
249,8158208,8128292
250,8028084,8000292
251,9127166,9099833
252,7889792,7858084
253,8101833,8061917
254,9086500,9053167
255,7787500,7766084
256,7646750,7622584
257,9106042,9078625
258,8666750,8649708
259,7698583,7677000
260,8697000,8678334
261,8039542,8010542
262,8901917,8877375
263,8122208,8085500
264,8421167,8383083
265,8436583,8373041
266,8334250,8303542
267,7943500,7914500
268,7632667,7611125
269,8900416,8876250
270,9228125,9180917
271,8285250,8251459
272,8124209,8094334
273,8778916,8741250
274,8616584,8581625
275,7394083,7342083
276,8209208,8171792
277,7993209,7957584
278,9308291,9275958
279,8193625,8165917
280,7985375,7956834
281,8311417,8274917
282,8309208,8274583
283,8581250,8545292
284,8189209,8158250
285,8294166,8261958
286,8368584,8331500
287,8289416,8252250
288,8341584,8302875
289,8568250,8527750
290,8313083,8273125
291,8561917,8521833
292,8381916,8344291
293,8389084,8353417
294,8331041,8294708
295,8505584,8468542
296,7293708,7249625
297,8290083,8254417
298,8285875,8244209
299,8121250,8088209
300,9013542,8975417
301,7974292,7946375
302,8392083,8350750
303,8129333,8092125
304,8043292,8008709
305,9223458,9188625
306,8112375,8074750
307,8311792,8268459
308,8220375,8173292
309,8188667,8149792
310,8083791,8047625
311,9031459,8998250
312,8008291,7966291
313,8053417,8020334
314,9194167,9155375
315,8141916,8107916
316,7651042,7629334
317,8447708,8434125
318,8774042,8754959
319,7768042,7742792
320,8473208,8458541
321,7770125,7743542
322,8502958,8486917
323,8560084,8543542
324,8544791,8519291
325,7715125,7690917
326,8520292,8503334
327,9084583,9053375
328,8058042,8022709
329,7988042,7959875
330,8614000,8592125
331,7574708,7555208
332,8455625,8440458
333,8695000,8674667
334,8632125,8617417
335,7444625,7428042
336,8505083,8485250
337,8487584,8473209
338,8405875,8392166
339,8609458,8592666
340,8641292,8627083
341,7386833,7369916
342,8365792,8350208
343,8753458,8734375
344,8496458,8483958
345,8614709,8598584
346,7633666,7612333
347,8532500,8519500
348,8416500,8398709
349,8550334,8537250
350,8254000,8241541
351,8609416,8593833
352,7480375,7459625
353,8582709,8565625
354,8403166,8381541
355,8461334,8450167
356,8412958,8398250
357,8550125,8533750
358,7524458,7506917
359,8378375,8366334
360,9317750,9301125
361,7411959,7394792
362,8386500,8370875
363,8400250,8387541
364,8437958,8419375
365,8447583,8434750
366,8304750,8287125
367,8540917,8523667
368,8317875,8307208
369,8457917,8444917
370,8899041,8869708
371,7502167,7480917
372,8446708,8429917
373,8542125,8529042
374,7352084,7335000
375,8431541,8414208
376,8613542,8597084
377,8775750,8755458
378,8589417,8565458
379,7361333,7344041
380,8409417,8396083
381,8629875,8615416
382,8403125,8389625
383,8438041,8426333
384,8230250,8216250
385,8570167,8557000
386,8490625,8471417
387,8561042,8542292
388,7337750,7320708
389,8393541,8380166
390,8485750,8469875
391,8394709,8379042
392,8336291,8325250
393,8352334,8336417
394,8398000,8383875
395,8349791,8338083
396,8217167,8202042
397,8381583,8368833
398,8342375,8330834
399,8455542,8436209
400,8415333,8403917
401,8404917,8390584
402,8395708,8379792
403,8481625,8468667
404,7563834,7547250
405,8521458,8506791
406,8517500,8504917
407,8448833,8434375
408,8351250,8332459
409,8509750,8491959
410,8320792,8310417
411,8539458,8525042
412,7412042,7393167
413,8413708,8399458
414,8366459,8352625
415,8409000,8395375
416,8343125,8327375
417,8580791,8562125
418,8405584,8390667
419,8387750,8372125
420,8227875,8212000
421,8438916,8427208
422,8382709,8364709
423,8567416,8553583
424,7407334,7392084
425,8268916,8256708
426,9299834,9280917
427,7315875,7300250
428,8595583,8581500
429,8821292,8801375
430,8594375,8577333
431,7464291,7444541
432,9461917,9439625
433,7354250,7337958
434,8424750,8407167
435,8702875,8682583
436,8492042,8479792
437,8390250,8377875
438,8558708,8540500
439,7321000,7305833
440,8347208,8336250
441,8526292,8513334
442,9058167,9025208
443,7560333,7543083
444,8366208,8350250
445,8554542,8537834
446,8424417,8410875
447,8559500,8545000
448,8453916,8437250
449,7325709,7312625
450,9429291,9411083
451,7388209,7372459
452,8469625,8456875
453,8669250,8655916
454,8479125,8465125
455,8659166,8641458
456,8583084,8558459
457,7594833,7574875
458,8444167,8430667
459,8641375,8626041
460,7342083,7324375
461,8381958,8370500
462,9548375,9527167
463,7376500,7355209
464,8410334,8396792
465,8638250,8616750
466,8454291,8440958
467,8416250,8403709
468,8236709,8220709
469,8376875,8364291
470,8416000,8398000
471,7392291,7376250
472,8491500,8477459
473,8401834,8388250
474,8310208,8296583
475,8500083,8487542
476,8430750,8417334
477,8614959,8600500
478,8417000,8404333
479,8393333,8382583
480,8309417,8294708
481,8377958,8366458
482,8389458,8376250
483,7597125,7578625
484,8423042,8405667
485,8388667,8375625
486,8285375,8268041
487,8491958,8480208
488,8303000,8292458
489,8435542,8422375
490,8504583,8487166
491,8496208,8480708
492,8435125,8416167
493,7327250,7310792
494,8356750,8345167
495,8345625,8331167
496,8383042,8371167
497,8479042,8464708
498,8320458,8306791
499,8386542,8375500
500,8405375,8388666
501,8586791,8573000
502,8211000,8200084
503,8386125,8373459
504,8237584,8222125
505,8374250,8358666
506,8327791,8315958
507,8578959,8562917
508,8423541,8410875
509,8453417,8436125
510,8650375,8628667
511,7394167,7377458
512,8395041,8374833
513,8606000,8589750
514,8399709,8387250
515,8312375,8300791
516,8330291,8314583
517,8506667,8492625
518,8384458,8371750
519,8754875,8732084
520,7413667,7398917
521,8849417,8822917
522,8532416,8513791
523,7835459,7810792
524,8902625,8876666
525,8045916,8013458
526,9064750,9033917
527,8273500,8231250
528,8006500,7968084
529,8383625,8342167
530,8003334,7969334
531,8151000,8111666
532,9252916,9216541
533,8303042,8262709
534,7892333,7854875
535,8320667,8278417
536,8089875,8052708
537,10718292,10658125
538,6010416,5972625
539,28279334,28220459
540,5192625,5146000
541,28379875,28340708
542,5114500,5064916
543,27495333,27451000
544,5930167,5894500
545,27352458,27308916
546,5713375,5680667
547,27160333,27137542
548,6937834,6887292
549,8019125,7992250
550,7795000,7771041
551,7806916,7783958
552,8517667,8500792
553,8758917,8739292
554,8456208,8437375
555,7463750,7447500
556,8416625,8402667
557,8551000,8536292
558,8617667,8597875
559,7436458,7417958
560,8539750,8518708
561,8645125,8627583
562,8413583,8400167
563,8754667,8737000
564,7363500,7348833
565,8394208,8378958
566,9247000,9231667
567,7439334,7419417
568,8439625,8424500
569,8872458,8850833
570,8554417,8541875
571,7330916,7316000
572,10325042,10308417
573,6405292,6389542
574,29128875,29115541
575,5339333,5295333
576,26895750,26879875
577,6838458,6797292
578,7745792,7727542
579,7505542,7489875
580,8381333,8363625
581,8550875,8533083
582,8419083,8401250
583,8549625,8535334
584,8495167,8481667
585,9544833,9532042
586,8741834,8722292
587,6523125,6508500
588,8711708,8697875
589,7891083,7863083
590,8594042,8572000
591,7412667,7396292
592,8468166,8446041
593,8652292,8636167
594,8358000,8339292
595,8714417,8696250
596,7526333,7510125
597,8368250,8355250
598,9321125,9302125
599,7448750,7434083
600,8611583,8429417
601,8668084,8650917
602,8308666,8296833
603,8897625,8873542
604,7748167,7718084
605,9000125,8965167
606,7996333,7960375
607,7901584,7873167
608,9019416,8994583
609,7766584,7742792
610,8477208,8459000
611,7450708,7434000
612,8464917,8446959
613,8548583,8527875
614,8395542,8381459
615,8401708,8391042
616,8414000,8398375
617,8459584,8447209
618,8342958,8333791
619,8580375,8565125
620,7303167,7289083
621,8350875,8338416
622,9524416,9503041
623,7533250,7516209
624,8298542,8285959
625,8339667,8325458
626,8469750,8455833
627,8382958,8371833
628,8364708,8350125
629,8596375,8582750
630,8900875,8873750
631,7670959,7647709
632,8525791,8508333
633,7432625,7414625
634,9487417,9468959
635,7312292,7292625
636,8457083,8437958
637,8520917,8505125
638,8505791,8490708
639,8394334,8382542
640,8485625,8468708
641,8520333,8501583
642,7714708,7693708
643,8509917,8494709
644,8523750,8510875
645,8527875,8514583
646,8370792,8355542
647,7394250,7378083
648,8412416,8400958
649,8669750,8652584
650,8436834,8421334
651,8415833,8402583
652,8309875,8292458
653,8522417,8511125
654,8380958,8365541
655,7520708,7501750
656,8282417,8265875
657,8200833,8187708
658,9315417,9301417
659,7353833,7337958
660,8304459,8291875
661,8477583,8462458
662,8447750,8435125
663,8503250,8488875
664,8409167,8392125
665,8535958,8524708
666,8361625,8345125
667,8574542,8558750
668,7454583,7435541
669,8399833,8386875
670,9260917,9246250
671,7384333,7368000
672,8311334,8299000
673,8413291,8400875
674,8442917,8430417
675,8829917,8806542
676,8784125,8752458
677,7782291,7755625
678,8694750,8675084
679,7707709,7682250
680,8664291,8644375
681,8959167,8935625
682,7498125,7471500
683,8750083,8727875
684,7729667,7706459
685,8847500,8824500
686,8958375,8935208
687,7921000,7893958
688,8785625,8751792
689,7932500,7892792
690,8333458,8291833
691,8268375,8225834
692,8185292,8150834
693,9005083,8971958
694,8283000,8232459
695,8245959,8204209
696,8322166,8279708
697,8300209,8264584
698,7894458,7860125
699,8712417,8692042
700,7543041,7518291
701,8809625,8788917
702,7855084,7826375
703,8840791,8818750
704,7701959,7678084
705,8590875,8576458
706,8672541,8649958
707,7617834,7591375
708,8814750,8791750
709,9249583,9210833
710,7771792,7750250
711,7799416,7770541
712,8719042,8695042
713,7534667,7514625
714,8463916,8445750
715,8643834,8624125
716,8785666,8760416
717,7943625,7916625
718,8533042,8509750
719,8452000,8437750
720,7309417,7292000
721,8516458,8498875
722,8561375,8549458
723,8518917,8500583
724,8893416,8863375
725,7836875,7814125
726,8534000,8518959
727,8739167,8721875
728,7407250,7391750
729,8489750,8469167
730,8306875,8291458
731,8549375,8533625
732,8322917,8310167
733,8426583,8412750
734,8344250,8327542
735,8312750,8299917
736,8278333,8263542
737,8413709,8400959
738,8281708,8272916
739,8612625,8598792
740,7430958,7416625
741,8371584,8359500
742,9353416,9334458
743,7371834,7355292
744,8394375,8381125
745,8546791,8531208
746,8408875,8395209
747,8374834,8363000
748,8399958,8381500
749,8682792,8664917
750,7464166,7442666
751,8602834,8586334
752,8434625,8421000
753,9099083,9067000
754,7861125,7827625
755,9177542,9140875
756,8085625,8046583
757,8336375,8298375
758,7997875,7970083
759,8415791,8372291
760,7899834,7867292
761,8999458,8968458
762,8067625,8034833
763,7984542,7948125
764,8753875,8732291
765,8091916,8054000
766,8868750,8835292
767,8034750,7992500
768,8130542,8095667
769,8121375,8087208
770,8938708,8905875
771,7877292,7849959
772,8795833,8759333
773,8193542,8149542
774,7953875,7921458
775,9084625,9045958
776,8098417,8063750
777,7848500,7813208
778,8805000,8768166
779,8224166,8180708
780,8005292,7968209
781,9234083,9196333
782,7573667,7553584
783,7594375,7573167
784,8338167,8317750
785,8882250,8863083
786,8601250,8584291
787,7635375,7612791
788,8445166,8428208
789,8956167,8931417
790,8648667,8624667
791,7476041,7458083
792,8568625,8550584
793,8778875,8754292
794,7425000,7409209
795,8414292,8400709
796,8340083,8324458
797,8493459,8478917
798,8919625,8888875
799,7599375,7572541
800,8409458,8393166
801,8395750,8383333
802,8468792,8448583
803,8602000,8585958
804,7501958,7482250
805,8551500,8539542
806,8469292,8453667
807,8497416,8485958
808,8447209,8429584
809,8529000,8515666
810,7326125,7311125
811,8463291,8445708
812,8560417,8544542
813,8385042,8367875
814,8309500,8295375
815,8455041,8436250
816,8364334,8351125
817,8634208,8614041
818,8547833,8532708
819,7367792,7354542
820,8314542,8299542
821,8344875,8332750
822,8357208,8341833
823,8839917,8809333
824,8668833,8647750
825,7665292,7642500
826,8500416,8480958
827,8565584,8552542
828,8344958,8333250
829,8521708,8506792
830,8411167,8393250
831,7266458,7252625
832,9282709,9270250
833,8449458,8437083
834,8263625,8246583
835,8536792,8521292
836,7656000,7634791
837,8309458,8293250
838,8126750,8110958
839,8418375,8403958
840,8507167,8488542
841,8440291,8427208
842,8391375,8379084
843,8296042,8283792
844,8330958,8311125
845,8571709,8554542
846,8329541,8318000
847,8548375,8531375
848,7995375,7962292
849,8813167,8787875
850,8639208,8597917
851,7823250,7794209
852,7788250,7754584
853,8832875,8801917
854,9075125,9036584
855,7754792,7722917
856,8723292,8681958
857,7405166,7379791
858,8787625,8767459
859,7942792,7905542
860,9287250,9240500
861,8319792,8275292
862,7973333,7936291
863,8303667,8263917
864,8048208,8016208
865,9096208,9064417
866,7761334,7737750
867,7459250,7442125
868,8559541,8539666
869,9127375,9088917
870,7659084,7639417
871,8694958,8676583
872,8701042,8679583
873,7516208,7497291
874,8444417,8421083
875,9321875,9288666
876,8629541,8588958
877,8952459,8901417
878,7860416,7830958
879,24571875,24535084
880,9035834,9002042
881,7781125,7711083
882,9109000,9078541
883,7858291,7807666
884,8874209,8846875
885,7684416,7650000
886,24858500,24819834
887,8777959,8746875
888,8797458,8758791
889,7877750,7844792
890,8164667,8135375
891,7845791,7808041
892,8715042,8684834
893,8775667,8743000
894,7547875,7510750
895,25733083,25699958
896,7742917,7709042
897,25417041,25386500
898,8751250,8720000
899,7407042,7377334
900,25357167,25327667
901,8614250,8582458
902,7593458,7559333
903,25747917,25701208
904,7604541,7569416
905,9271292,9236500
906,7727250,7686000
907,8643625,8613333
908,7729375,7679750
909,8907292,8870750
910,8676833,8641125
911,7439958,7404875
912,8922042,8887042
913,7402958,7348667
914,8984709,8949417
915,8776750,8742625
916,7553416,7493166
917,9238000,9201792
918,7799709,7755167
919,8987375,8949375
920,7407333,7374791
921,9015125,8980500
922,7203875,7168333
923,25686417,25651583
924,8536291,8500208
925,7591875,7539917
926,8917292,8881625
927,8755833,8720750
928,7426625,7398167
929,25836584,25802167
930,8618833,8574166
931,7588917,7547833
932,9107375,9078541
933,7953125,7919541
934,7541041,7510250
935,9044084,9008000
936,8611041,8578875
937,7510667,7452125
938,25793667,25759125
939,7841500,7801000
940,8656916,8627083
941,7560167,7530834
942,25841750,25809333
943,7816042,7787833
944,9282250,9250500
945,7910500,7862666
946,7975083,7943125
947,8583458,8551417
948,7548292,7496542
949,8757542,8731125
950,8610375,8579000
951,7510750,7460625
952,8850791,8822125
953,8809500,8778084
954,7909459,7878459
955,8622375,8592166
956,8511583,8480541
957,7636167,7605792
958,8883625,8854166
959,7882625,7851375
960,8706541,8676500
961,7812167,7784500
962,8633583,8595250
963,8590500,8559042
964,7771000,7719542
965,9097500,9065750
966,7788542,7757584
967,9019667,8983542
968,7675333,7623416
969,9144458,9111708
970,7862292,7817667
971,7970042,7940500
972,8678333,8645416
973,7326750,7281375
974,8478833,8439792
975,8251375,8212875
976,8093584,8059542
977,8544000,8509125
978,8369333,8336208
979,8407250,8370875
980,7960167,7923208
981,8508208,8464916
982,8548958,8501417
983,8474667,8432709
984,8399917,8367042
985,8359875,8322250
986,8431500,8394708
987,8353083,8322791
988,8638833,8590208
989,8417959,8364292
990,7466166,7427291
991,8692334,8639250
992,8382250,8350250
993,8695958,8661583
994,8561417,8527458
995,7192458,7161958
996,9130417,9090125
997,8276583,8243291
998,8377833,8339875
999,8723375,8673542
1000,7822917,7788334
1001,8723667,8687292
1002,7535416,7470875
1003,8741709,8686625
1004,8724500,8660250
1005,7304916,7241041
1006,8642459,8586875
1007,8631416,8575500
1008,8391375,8342000
1009,8567334,8538084
1010,8734958,8698500
1011,7256417,7196375
1012,9098958,9044750
1013,7450958,7417125
1014,8638209,8598542
1015,8735875,8701458
1016,8516166,8481916
1017,7424834,7386834
1018,25360000,25328375
1019,8563958,8532333
1020,8427792,8392875
1021,8405291,8373541
1022,8406875,8374417
1023,8479417,8446834
1024,7590208,7552750
1025,8256959,8226250
1026,8192166,8160333
1027,8414875,8384667
1028,8737584,8692792
1029,8619875,8579166
1030,8663625,8623291
1031,7661250,7597291
1032,8659125,8599416
1033,8791291,8748125
1034,7531417,7474792
1035,8740250,8697208
1036,8381292,8346667
1037,7378041,7337791
1038,8887584,8843584
1039,8613125,8580250
1040,8153416,8118875
1041,8496792,8448834
1042,8306542,8254500
1043,8394083,8354875
1044,8158708,8120375
1045,8384875,8348792
1046,8403292,8361667
1047,8471458,8434125
1048,7059875,7006792
1049,9664750,9625792
1050,7908542,7877125
1051,8082458,8035167
1052,8221125,8184334
1053,8086375,8044209
1054,7917042,7885625
1055,9247250,9209750
1056,8107333,8077542
1057,8212417,8175625
1058,7601292,7580708
1059,9126583,9094250
1060,7913500,7887667
1061,8764625,8745042
1062,7693042,7661208
1063,8824708,8793416
1064,7708792,7685125
1065,8737750,8719875
1066,7653375,7630833
1067,8979750,8951375
1068,8784208,8753958
1069,7619292,7596292
1070,8673291,8652625
1071,8139625,8107584
1072,8969000,8945084
1073,8282459,8248167
1074,8114833,8078291
1075,8120833,8084458
1076,7690417,7666500
1077,8842833,8818625
1078,8775834,8743500
1079,7644541,7620125
1080,8881875,8845000
1081,8028542,7997750
1082,8778250,8749167
1083,8040125,8004375
1084,7510875,7481708
1085,8734125,8707875
1086,9183000,9142500
1087,8167625,8131292
1088,8257042,8218625
1089,8196333,8163000
1090,8034208,8003292
1091,9087792,9059167
1092,7966583,7933292
1093,8506667,8469500
1094,8226792,8189292
1095,8183875,8156041
1096,8117458,8082833
1097,9082083,9053083
1098,8067709,8034625
1099,8099916,8066166
1100,8180417,8147417
1101,9168042,9135708
1102,8095541,8068041
1103,8356875,8324084
1104,8164417,8131084
1105,8194667,8160042
1106,8135375,8095708
1107,8823500,8790291
1108,9025625,8994750
1109,7768791,7710125
1110,9060792,9027709
1111,7719708,7672625
1112,9075875,9040542
1113,7602292,7551334
1114,8866708,8838500
1115,7829000,7778084
1116,8679584,8647709
1117,7852666,7803041
1118,8902834,8867375
1119,7948916,7913958
1120,9038459,9008084
1121,7817708,7761625
1122,8738750,8706083
1123,7669750,7624625
1124,9078625,9046250
1125,7818417,7766792
1126,9102791,9068708
1127,7647125,7605542
1128,8935834,8888959
1129,7787000,7737125
1130,7978583,7947750
1131,8494375,8465167
1132,8693542,8664208
1133,7894250,7854833
1134,9061375,9026125
1135,7860916,7826791
1136,8041334,8002625
1137,8682875,8651250
1138,7695083,7640958
1139,8838167,8802375
1140,8425500,8380750
1141,7616000,7576083
1142,8885833,8826291
1143,8365375,8332625
1144,8224167,8193333
1145,8539208,8499458
1146,8214958,8184667
1147,8410500,8375459
1148,7267084,7232459
1149,8256333,8220875
1150,9358792,9324208
1151,8466750,8430250
1152,8018750,7981916
1153,8197250,8161333
1154,8170708,8134166
1155,8130792,8095458
1156,8266541,8225416
1157,8285917,8247375
1158,8821083,8792542
1159,8090209,8056375
1160,8146916,8119375
1161,8086542,8056834
1162,8131833,8102625
1163,9214750,9191584
1164,7877792,7845834
1165,7897625,7870917
1166,8696583,8678417
1167,8315542,8280959
1168,7961292,7933958
1169,8996541,8970083
1170,7884709,7853500
1171,8051916,8022750
1172,9005500,8973584
1173,8748334,8693292
1174,8575916,8545000
1175,8983959,8946250
1176,7576250,7545833
1177,24809208,24778791
1178,8831333,8796625
1179,7817542,7784584
1180,9157667,9123667
1181,7884416,7829250
1182,8052959,8009209
1183,8698083,8662208
1184,7720667,7667375
1185,9066875,9032166
1186,8340041,8310083
1187,7436125,7404959
1188,25732084,25696834
1189,8029791,7972166
1190,9008209,8973542
1191,7705166,7669958
1192,8917792,8886667
1193,7821167,7770083
1194,8891291,8856500
1195,8469000,8436209
1196,7509625,7472125
1197,24618375,24586042
1198,8703667,8667792
1199,8462375,8430833
1200,8577958,8548542
1201,7857709,7801792
1202,9225708,9192166
1203,7705083,7649250
1204,9080417,9046209
1205,7720792,7675292
1206,9058958,9025875
1207,7970167,7920125
1208,8119416,8086416
1209,7674917,7639250
1210,9134083,9100083
1211,7923000,7855750
1212,9272875,9237542
1213,7924209,7863584
1214,8138791,8106250
1215,7872209,7835959
1216,8856166,8822750
1217,7914959,7883125
1218,8504750,8472916
1219,8810708,8771875
1220,7466583,7440500
1221,24913417,24878584
1222,8781792,8745792
1223,7965125,7901041
1224,9142416,9103875
1225,7969125,7917375
1226,8275250,8239459
1227,7913500,7876709
1228,8825209,8791334
1229,7843958,7787375
1230,9037333,9001792
1231,7701375,7672167
1232,24756375,24721250
1233,8837709,8803459
1234,8621750,8584083
1235,7697666,7637958
1236,9300167,9264459
1237,7810750,7758708
1238,8724667,8692875
1239,7720916,7668708
1240,8859667,8827375
1241,7379833,7351333
1242,25437000,25406334
1243,7941459,7909834
1244,7737750,7717416
1245,9087750,9057625
1246,8136500,8101541
1247,8074250,8047208
1248,8755916,8719708
1249,8082459,8050667
1250,8107750,8075875
1251,8601166,8548541
1252,8551750,8509167
1253,8403167,8372584
1254,8547542,8501042
1255,8660750,8604416
1256,7152541,7118791
1257,8906709,8871792
1258,8560000,8505833
1259,8431041,8373083
1260,8671667,8615750
1261,7454917,7416417
1262,9053500,9001083
1263,8481375,8428791
1264,7136875,7077541
1265,9028291,8969416
1266,8359417,8332167
1267,8670667,8636625
1268,7123458,7092625
1269,8388292,8352542
1270,8194458,8164708
1271,9578833,9547917
1272,7950459,7915584
1273,8287666,8241250
1274,8707792,8660292
1275,7159708,7129542
1276,9746459,9698209
1277,7434541,7386083
1278,8762709,8705917
1279,8580333,8528125
1280,7106917,7071667
1281,9753500,9702000
1282,7570208,7510875
1283,8792458,8739125
1284,8580917,8530917
1285,7316917,7277500
1286,8749875,8703291
1287,8428166,8395666
1288,8273334,8240834
1289,8284041,8251250
1290,8016750,7983750
1291,8422667,8363375
1292,9117625,9063958
1293,7250542,7216792
1294,25329166,25296208
1295,8548292,8498125
1296,8618625,8583667
1297,8659750,8611833
1298,7168167,7109042
1299,8931333,8879250
1300,8291042,8261000
1301,8270333,8238041
1302,8412208,8366792
1303,8276750,8242917
1304,8577500,8538875
1305,9025167,8974209
1306,7241958,7190875
1307,8669459,8642667
1308,8526333,8486916
1309,8595000,8540875
1310,7008875,6982583
1311,25300708,25268458
1312,8958709,8930375
1313,8277333,8237875
1314,7923417,7897667
1315,8034125,8004458
1316,8587291,8562000
1317,7980625,7950084
1318,8263625,8232250
1319,9143875,9110459
1320,8463875,8433334
1321,8518875,8485084
1322,8283834,8236709
1323,8552333,8490208
1324,7026083,6992583
1325,25578584,25514042
1326,8452875,8417583
1327,8494125,8461541
1328,8628500,8582250
1329,8440875,8391291
1330,7170541,7108625
1331,8616917,8584459
1332,8034417,8003250
1333,8253916,8223666
1334,9876167,9815709
1335,7252667,7214125
1336,8773125,8742250
1337,8483916,8451208
1338,8236042,8207667
1339,8653417,8607458
1340,7106416,7075083
1341,9614959,9559542
1342,7394250,7361708
1343,8547083,8514291
1344,8511000,8478500
1345,8341750,8310792
1346,8310750,8281250
1347,8408000,8374083
1348,8467667,8439875
1349,8571208,8512541
1350,7117625,7086000
1351,9959208,9908833
1352,7336667,7300584
1353,9093583,9046500
1354,7204334,7165209
1355,8785333,8752666
1356,8098375,8064958
1357,8716208,8685792
1358,8392000,8362209
1359,8300959,8274584
1360,8236208,8210291
1361,8283833,8251750
1362,8284834,8253834
1363,8558333,8509166
1364,8462625,8434208
1365,8369417,8311375
1366,8920625,8885541
1367,7228041,7195583
1368,7999625,7943250
1369,8859209,8826667
1370,8281625,8251833
1371,8463958,8432250
1372,8722333,8671542
1373,7416709,7368875
1374,8309041,8258333
1375,8572834,8537459
1376,9196625,9162750
1377,7374125,7320166
1378,8929666,8895166
1379,8889459,8850292
1380,7417291,7363666
1381,8749917,8719667
1382,8815667,8753833
1383,7531541,7474166
1384,8769709,8721000
1385,7379833,7317916
1386,9889958,9826458
1387,7529084,7477209
1388,9156791,9120833
1389,7123709,7096167
1390,8438333,8398625
1391,8557250,8521333
1392,8573083,8516667
1393,7251167,7203750
1394,8803250,8770417
1395,8489917,8447125
1396,8572416,8518458
1397,9074292,9019875
1398,7460625,7384292
1399,8369708,8347375
1400,7952625,7925750
1401,8348334,8314917
1402,8086208,8054500
1403,8085917,8054958
1404,9065833,9032083
1405,8155042,8120583
1406,8245958,8194458
1407,8346125,8313917
1408,8083250,8051250
1409,8292708,8263083
1410,9404584,9325000
1411,6915666,6883041
1412,9408209,9381792
1413,8102083,8075500
1414,8437125,8400750
1415,8281833,8249750
1416,8071292,8038417
1417,8088542,8057708
1418,7667958,7643458
1419,8795833,8763917
1420,9490167,9449250
1421,7279042,7239750
1422,9224000,9189875
1423,7930375,7898708
1424,8230958,8187500
1425,8474917,8430708
1426,7803291,7777458
1427,7851625,7823125
1428,9262625,9230084
1429,8026584,7992709
1430,7771583,7748083
1431,8892792,8868708
1432,8049208,8012958
1433,9108417,9064375
1434,8017083,7973958
1435,8145458,8106375
1436,8454959,8419375
1437,8026875,7995541
1438,8272750,8227958
1439,9346375,9308625
1440,7996000,7956208
1441,8121625,8081791
1442,8175833,8134333
1443,8140208,8107167
1444,8008709,7978209
1445,9287750,9245250
1446,7882500,7842541
1447,8015708,7984708
1448,9197958,9160958
1449,8003750,7971000
1450,8297875,8254167
1451,8089834,8053375
1452,8947125,8909750
1453,8038666,8003833
1454,8133667,8098459
1455,8194125,8153917
1456,8182208,8139792
1457,8233000,8189334
1458,9453750,9410417
1459,8134875,8093834
1460,8425584,8376750
1461,8219500,8178916
1462,8375208,8327208
1463,8195250,8159750
1464,8759667,8714417
1465,7160666,7124458
1466,9686834,9644792
1467,7476541,7437666
1468,8327167,8292084
1469,8434333,8397083
1470,8004792,7965917
1471,8358792,8321167
1472,8300041,8263291
1473,8304417,8269125
1474,8007750,7968000
1475,8839458,8806167
1476,8976500,8940750
1477,8353875,8318167
1478,8356834,8321500
1479,8116750,8081750
1480,8119041,8086041
1481,8171584,8138834
1482,8086750,8045875
1483,8404666,8363208
1484,8185625,8153167
1485,8185750,8154125
1486,8312250,8276250
1487,9120417,9088334
1488,8263250,8223083
1489,8119042,8086792
1490,8202208,8165583
1491,8189167,8162750
1492,7675083,7654583
1493,8670292,8651208
1494,9372125,9341458
1495,8238458,8204625
1496,7913792,7889208
1497,7894500,7868208
1498,8909125,8879083
1499,8166791,8135000
1500,7570625,7546500
1501,8856792,8836042
1502,7684583,7662958
1503,38973417,38941250
1504,3562375,3535625
1505,25638750,25603667
1506,8796958,8770458
1507,8741834,8711917
1508,7701375,7663666
1509,24679125,24648791
1510,8835833,8802583
1511,8627208,8596208
1512,7781834,7747375
1513,9091041,9057500
1514,7868792,7838584
1515,8280458,8246125
1516,7942084,7887250
1517,8636666,8603541
1518,8509167,8483292
1519,8123042,8093958
1520,8769416,8735750
1521,7814917,7760667
1522,9020292,8988750
1523,7669958,7623041
1524,8973167,8944583
1525,7816250,7779791
1526,8878166,8847875
1527,7518667,7469875
1528,8832500,8806333
1529,8533917,8505167
1530,7541500,7513333
1531,8823833,8791416
1532,7656625,7628167
1533,8989250,8957708
1534,7628833,7579917
1535,9145584,9109125
1536,7742416,7685583
1537,9116542,9079125
1538,7795458,7731833
1539,8895292,8859959
1540,7729042,7694708
1541,8852166,8819375
1542,7942625,7904917
1543,8991834,8957084
1544,8024125,7981791
1545,8145250,8095666
1546,7889041,7827708
1547,8394667,8361042
1548,8281250,8251708
1549,8347375,8313667
1550,8163875,8136042
1551,8398875,8361417
1552,8413708,8385667
1553,7800584,7769917
1554,8075291,8042541
1555,8660625,8621375
1556,8205000,8175042
1557,8480167,8434084
1558,8655333,8610167
1559,8114084,8075834
1560,8214166,8181083
1561,8077042,8046667
1562,9227625,9187833
1563,8454167,8409167
1564,8485791,8446250
1565,8422750,8386709
1566,7472625,7434042
1567,8061292,8019500
1568,8294375,8246625
1569,8043583,8009208
1570,9067959,9029459
1571,7929458,7891291
1572,8499000,8458042
1573,8312542,8272625
1574,8869666,8832333
1575,9487792,9449292
1576,7490333,7448667
1577,8173250,8130584
1578,8552875,8506667
1579,7338750,7279917
1580,8423042,8389125
1581,8642542,8581542
1582,8443958,8408208
1583,8212917,8178083
1584,8493875,8459166
1585,8406916,8367041
1586,8429167,8390792
1587,8342250,8301583
1588,8435833,8397708
1589,8321292,8284209
1590,8241417,8206500
1591,8269500,8232208
1592,8558416,8513791
1593,7687834,7648709
1594,8528041,8490625
1595,8278584,8239042
1596,8413041,8379458
1597,8551084,8506625
1598,8457333,8422208
1599,8775500,8744167
1600,7798500,7753042
1601,8855167,8823250
1602,7924458,7889625
1603,8986208,8953458
1604,7720125,7689250
1605,8206167,8175959
1606,9221500,9186875
1607,7664042,7632250
1608,8075458,8036125
1609,8956208,8923333
1610,7860209,7826375
1611,9319250,9281791
1612,7832166,7793000
1613,7666292,7616042
1614,8985667,8953833
1615,7873583,7818083
1616,9187417,9126417
1617,7921916,7888958
1618,8041292,8012459
1619,8180667,8141833
1620,9386166,9319958
1621,8396167,8338084
1622,8123458,8081417
1623,7799834,7760000
1624,7802708,7768791
1625,8559458,8524792
1626,8660000,8627417
1627,7713500,7682167
1628,8862917,8830334
1629,7835708,7802708
1630,9115875,9065625
1631,7255167,7212959
1632,9217917,9181792
1633,7834541,7803083
1634,10189209,8704167
1635,6703708,6667416
1636,7874542,7841208
1637,8926500,8893500
1638,7795708,7744125
1639,8821250,8780583
1640,7462333,7429333
1641,8335792,8304292
1642,8131500,8095167
1643,8684583,8657708
1644,8053834,8018000
1645,7762750,7739416
1646,9421750,9368166
1647,7802208,7775041
1648,7769042,7743042
1649,8582083,8561041
1650,8855417,8830125
1651,7907083,7878791
1652,7839083,7809750
1653,8895625,8872000
1654,8055709,8024000
1655,8903458,8870250
1656,7762083,7733958
1657,8633667,8611959
1658,8131542,8095250
1659,9068125,9041541
1660,7833125,7801291
1661,7810500,7778250
1662,9574875,9538833
1663,7771375,7746666
1664,8010750,7978416
1665,7764500,7741833
1666,9576541,9539041
1667,8002709,7967417
1668,8175916,8132500
1669,8139167,8102042
1670,8130708,8095583
1671,9065792,9032292
1672,8138875,8101542
1673,7699417,7664417
1674,9237708,9197125
1675,8211458,8169667
1676,7880792,7851334
1677,7802167,7777167
1678,8762291,8735208
1679,8738292,8710125
1680,8108792,8072625
1681,8195791,8158416
1682,9172084,9137875
1683,8132333,8093291
1684,7914333,7882542
1685,8844167,8810000
1686,8085417,8052875
1687,8291333,8250000
1688,7977250,7941708
1689,8266667,8223500
1690,8030666,7994958
1691,8947875,8915667
1692,8026542,7992792
1693,9086917,9049042
1694,8007291,7976291
1695,7537000,7517875
1696,8485542,8468334
1697,8480917,8462917
1698,8668208,8647416
1699,7556917,7535333
1700,8696791,8676708
1701,8578084,8563834
1702,7555416,7529791
1703,8537334,8495542
1704,8837166,8804333
1705,7386334,7371417
1706,8529166,8511333
1707,8370917,8358792
1708,8428042,8414542
1709,8565750,8543208
1710,9131416,9101125
1711,7600917,7582250
1712,8730500,8705667
1713,7633250,7601292
1714,8974542,8932833
1715,8454375,8431791
1716,7453916,7434041
1717,8435167,8419584
1718,8501292,8486417
1719,8436958,8424041
1720,8374792,8361458
1721,8397083,8377708
1722,8400167,8388292
1723,8270125,8257791
1724,8480500,8467208
1725,8400375,8383208
1726,7348875,7333666
1727,9734583,9705083
1728,8031417,8000625
1729,7983000,7955291
1730,9379250,9345583
1731,8088708,8058041
1732,8151625,8123458
1733,8052708,8015833
1734,8353000,8314625
1735,7968000,7941042
1736,9489167,9453709
1737,7936000,7911458
1738,8045958,8010458
1739,8226959,8192084
1740,8375291,8339500
1741,8140084,8106875
1742,9176625,9147875
1743,8306458,8273958
1744,8081333,8048792
1745,7813209,7781750
1746,8687250,8647458
1747,7934333,7878833
1748,9171375,9144583
1749,8272333,8238417
1750,7614042,7592959
1751,9364625,9327000
1752,8098750,8066250
1753,7964292,7931250
1754,7884958,7863041
1755,7474542,7455708
1756,8441541,8426750
1757,8384125,8365709
1758,8395167,8370417
1759,8586875,8570167
1760,8583208,8569375
1761,8498334,8479875
1762,7352583,7337375
1763,9375667,9356208
1764,7493666,7476666
1765,8420667,8404542
1766,8488708,8475542
1767,8417709,8405292
1768,8481375,8466041
1769,8305208,8289833
1770,8435083,8421208
1771,8395375,8383459
1772,8643625,8624459
1773,7297250,7277625
1774,8317875,8306417
1775,9220125,9204875
1776,7336125,7321667
1777,8407917,8395792
1778,8423292,8408625
1779,8414875,8402000
1780,8350416,8339541
1781,9304417,9288625
1782,7359708,7344083
1783,8406959,8389084
1784,8451250,8439000
1785,8420666,8408166
1786,8382084,8367500
1787,8704708,8675083
1788,9959542,9925625
1789,7520458,7490083
1790,24802625,24770833
1791,8500875,8449042
1792,8621292,8589375
1793,8617833,8589458
1794,7694083,7651667
1795,8841000,8813667
1796,7456834,7431750
1797,9196583,9162083
1798,7820417,7768500
1799,8890416,8860750
1800,7778417,7746750
1801,8446250,8416667
1802,8493500,8467625
1803,8500083,8469542
1804,8633000,8602250
1805,7719709,7636917
1806,9040291,9011375
1807,7633584,7602917
1808,9025291,8995708
1809,7634375,7604334
1810,8562959,8537000
1811,8623208,8596291
1812,7577958,7548083
1813,8970459,8940209
1814,7670291,7634875
1815,8821750,8792667
1816,8544500,8514000
1817,7727959,7691792
1818,8742791,8714166
1819,8693875,8664875
1820,7637250,7600834
1821,8591834,8566125
1822,8719000,8689208
1823,7502583,7446208
1824,8979042,8948917
1825,7688708,7664208
1826,8857125,8828500
1827,8300542,8271917
1828,8492416,8470291
1829,7361667,7318834
1830,8855833,8822958
1831,7964584,7941500
1832,8304875,8277000
1833,8731041,8709583
1834,7977917,7953167
1835,7723417,7707500
1836,9424333,9398750
1837,8122500,8098000
1838,8092250,8063000
1839,7919417,7889583
1840,9230000,9202416
1841,7989708,7964500
1842,7933792,7907667
1843,7853125,7829000
1844,9212041,9183958
1845,7845667,7818334
1846,7901167,7874500
1847,9063958,9040250
1848,8233625,8204833
1849,8683125,8654000
1850,8299833,8267667
1851,8202375,8169500
1852,8438625,8405500
1853,8966250,8933250
1854,8455417,8421875
1855,7358667,7315917
1856,8730500,8699458
1857,8529541,8491041
1858,8545209,8510709
1859,8645000,8604833
1860,7550458,7516041
1861,8443000,8407208
1862,8438000,8403125
1863,8239208,8203250
1864,8500334,8460125
1865,8325708,8290000
1866,8322042,8285917
1867,8535208,8497125
1868,8316083,8285667
1869,8241834,8210459
1870,8413166,8381625
1871,8420709,8388917
1872,7698750,7666000
1873,8521875,8485208
1874,8329416,8299833
1875,8045167,8013167
1876,8500875,8463208
1877,8090167,8058958
1878,8056375,8026750
1879,8176541,8147291
1880,9247459,9220250
1881,8081000,8048291
1882,8164708,8136958
1883,8318583,8285958
1884,9868042,9807250
1885,7415500,7376333
1886,8126833,8092625
1887,7623209,7590542
1888,8075000,8036083
1889,8947541,8915250
1890,7721167,7690625
1891,8649542,8628167
1892,7754375,7723083
1893,8758791,8727791
1894,8176709,8142209
1895,8942291,8915791
1896,8063250,8032459
1897,8240834,8206250
1898,7814500,7783416
1899,8609833,8580875
1900,9074917,9043875
1901,8351541,8316666
1902,8051250,8019792
1903,7955542,7926417
1904,9226333,9193000
1905,7950667,7918584
1906,7987292,7957417
1907,8283583,8244708
1908,8145083,8112625
1909,9298084,9265167
1910,8294666,8261833
1911,7984584,7952375
1912,8229291,8197416
1913,8267042,8232750
1914,8294542,8261917
1915,8088416,8054250
1916,9138542,9105042
1917,7880833,7851000
1918,8082792,8051209
1919,8001083,7958667
1920,9185167,9093167
1921,8348583,8311208
1922,8044750,8012542
1923,7886209,7850209
1924,9253375,9213041
1925,8439958,8404375
1926,8133958,8100000
1927,8152375,8116584
1928,8127667,8097500
1929,8334167,8291167
1930,7809666,7779041
1931,9055125,9023959
1932,8024375,7993250
1933,8293125,8251459
1934,8285167,8249375
1935,8786375,8762167
1936,8259875,8227250
1937,7607958,7583375
1938,8586209,8569750
1939,7410166,7395500
1940,8420500,8407917
1941,9239084,9220709
1942,7397666,7383916
1943,8499459,8483125
1944,8870541,8843125
1945,9216292,9190042
1946,8096167,8064208
1947,7646500,7619250
1948,8931416,8906333
1949,8075334,8041625
1950,8037416,8007625
1951,9009000,8977417
1952,7692834,7673250
1953,8640125,8614208
1954,7635458,7615208
1955,8511250,8494208
1956,8666792,8652042
1957,7366916,7352458
1958,8369292,8357584
1959,9387917,9373792
1960,7347833,7333333
1961,8402667,8389292
1962,8407916,8395916
1963,8464875,8451375
1964,8372209,8360500
1965,8711750,8678791
1966,8911583,8885166
1967,8111125,8075167
1968,8328667,8294708
1969,8052000,8021125
1970,8866958,8839041
1971,8007542,7976042
1972,8303666,8265250
1973,7898459,7869750
1974,9158250,9121000
1975,8168750,8134875
1976,8131708,8095541
1977,9162792,9129625
1978,8073166,8041291
1979,7936959,7908792
1980,8249916,8219125
1981,7921417,7886875
1982,9041000,9007167
1983,7669833,7641875
1984,9001084,8974917
1985,7776541,7750083
1986,7623625,7605417
1987,8491167,8473334
1988,8980583,8955375
1989,8683875,8657834
1990,7919500,7892792
1991,7785750,7765459
1992,8768042,8745334
1993,8866000,8848000
1994,7353958,7337917
1995,8396250,8378625
1996,8820209,8792500
1997,7472625,7452166
1998,8918708,8895333
1999,8892500,8876458
2000,8011042,7977333
2001,8773166,8743750
2002,8178500,8144000
2003,7589250,7572000
2004,8867459,8840167
2005,7645458,7624791
2006,8196083,8183000
2007,8314542,8292959
2008,8380750,8370042
2009,8443333,8428958
2010,8615750,8583334
2011,8828625,8810500
2012,7614000,7592334
2013,8545625,8521042
2014,8884959,8858542
2015,7692333,7664416
2016,8734667,8716042
2017,8688166,8670541
2018,7653584,7633500
2019,8393833,8375625
2020,8881292,8859500
2021,7643041,7621541
2022,8683834,8662709
2023,8686458,8668250
2024,8027542,7991167
2025,8504083,8482250
2026,7376708,7356708
2027,8352792,8340542
2028,8563292,8545292
2029,8632875,8617208
2030,8417208,8406208
2031,8544875,8523917
2032,8142500,8115333
2033,8867792,8844958
2034,7630291,7611458
2035,9209625,9175959
2036,7970209,7941250
2037,8647958,8620125
2038,7851708,7827042
2039,8833417,8812292
2040,7861417,7833500
2041,7958291,7929083
2042,8969667,8941959
2043,8834542,8804417
2044,7877583,7852666
2045,7482292,7462583
2046,8749750,8729125
2047,8790625,8775000
2048,7814458,7792708
2049,8681042,8656583
2050,7536583,7515791
2051,8402250,8389500
2052,8594000,8576333
2053,8412417,8399958
2054,8322250,8310333
2055,8566750,8545458
2056,7391583,7376291
2057,8381708,8370250
2058,8795125,8771709
2059,8633125,8617292
2060,8797167,8773542
2061,8320458,8300542
2062,7305334,7287500
2063,8354708,8341208
2064,8520292,8505917
2065,8405041,8388083
2066,8341334,8330084
2067,8356041,8340000
2068,8369250,8356792
2069,8343584,8333542
2070,8418375,8404833
2071,8308041,8296791
2072,8328334,8319042
2073,8194583,8180583
2074,8364167,8351833
2075,8624125,8608416
2076,8640708,8626541
2077,7204042,7187958
2078,8373708,8359750
2079,9235000,9215958
2080,7309500,7297625
2081,8755542,8743042
2082,8460541,8444583
2083,8299459,8289459
2084,8321333,8310333
2085,8212167,8199167
2086,8424916,8408458
2087,8405584,8392542
2088,8681708,8662875
2089,8431000,8421250
2090,8367083,8355417
2091,8153042,8139625
2092,8363875,8350250
2093,8324417,8312708
2094,8839416,8818625
2095,7479542,7461709
2096,8766833,8743875
2097,8592292,8564959
2098,8150250,8120292
2099,7922542,7893417
2100,8747833,8725000
2101,8042667,8011417
2102,9422291,9386708
2103,7770959,7737292
2104,7892125,7864125
2105,9015958,8989208
2106,8215000,8165542
2107,8291875,8265042
2108,7722417,7701167
2109,9070375,9031916
2110,8416000,8369708
2111,8240125,8202791
2112,8113541,8082208
2113,7948167,7915167
2114,9265292,9237042
2115,7949375,7913458
2116,8225083,8196000
2117,7952208,7911792
2118,9273125,9238834
2119,8257542,8220250
2120,7982750,7952958
2121,7621833,7591000
2122,9210042,9179417
2123,7828333,7802958
2124,8218000,8183667
2125,9298042,9260542
2126,8159167,8125583
2127,7868833,7838250
2128,8257083,8222833
2129,7900500,7872209
2130,9016584,8983959
2131,8009833,7984125
2132,8051583,8019417
2133,8583250,8560750
2134,7505875,7490417
2135,8778334,8754959
2136,8867750,8846666
2137,7950916,7921500
2138,8599709,8583084
2139,8521666,8501125
2140,7968334,7937250
2141,8908000,8885833
2142,7755625,7733625
2143,8739125,8716708
2144,8169041,8137333
2145,9024000,8984209
2146,8076792,8042834
2147,7834792,7805625
2148,8190416,8155000
2149,8022292,7990917
2150,8940958,8914875
2151,8026875,7989750
2152,8937042,8908792
2153,7887917,7858708
2154,8080833,8045875
2155,8807708,8782417
2156,8195334,8159084
2157,9647875,9614333
2158,7722291,7681041
2159,9234625,9203500
2160,7803084,7754584
2161,8279750,8247791
2162,7757708,7689875
2163,8669750,8640417
2164,8998458,8968542
2165,7786209,7747042
2166,8092708,8055708
2167,8784625,8752458
2168,7908750,7843333
2169,9076917,9041833
2170,7681875,7642375
2171,9048208,9018083
2172,7760542,7728500
2173,7987458,7959458
2174,8829917,8802125
2175,8708416,8675958
2176,7778750,7743000
2177,8108542,8079209
2178,8333917,8308500
2179,8761000,8730375
2180,7691291,7651083
2181,8880542,8852500
2182,7911708,7866333
2183,8732875,8706667
2184,7671417,7637667
2185,8889333,8861250
2186,8246500,8221875
2187,8423584,8396667
2188,8760708,8733583
2189,7621958,7593167
2190,9018209,8986292
2191,7611250,7579250
2192,9005916,8975000
2193,7696042,7663959
2194,24672583,24640375
2195,8611834,8581709
2196,8571791,8545000
2197,8571750,8542417
2198,7459084,7412459
2199,8794500,8764125
2200,8441166,8410375
2201,8476334,8438334
2202,8385500,8353791
2203,7476666,7429291
2204,8793875,8763417
2205,8543000,8510459
2206,8543500,8511709
2207,7507000,7476459
2208,8434917,8409667
2209,8328375,8300708
2210,8473250,8439792
2211,8583875,8548000
2212,8390000,8355417
2213,8674708,8637917
2214,7937042,7898125
2215,8294417,8256125
2216,8710208,8670708
2217,7723292,7690125
2218,8583500,8552375
2219,8409750,8378458
2220,8479958,8445458
2221,8088250,8050375
2222,8746458,8713542
2223,7633000,7600042
2224,8932667,8904167
2225,7359458,7333125
2226,8281084,8251667
2227,8910541,8876333
2228,8268042,8234084
2229,7918958,7890000
2230,8265125,8232500
2231,8118625,8089084
2232,9244917,9209959
2233,8219458,8188875
2234,8344959,8310417
2235,8276000,8243291
2236,8198375,8168958
2237,8278125,8249541
2238,8073291,8045750
2239,9149209,9119209
2240,8061750,8039250
2241,8129208,8100958
2242,7999000,7969625
2243,8285708,8255583
2244,8325209,8289334
2245,8296750,8261541
2246,8260500,8225708
2247,7922166,7894791
2248,8967750,8937792
2249,7858250,7834125
2250,8811709,8783459
2251,8449166,8426375
2252,7688875,7666584
2253,8823709,8804000
2254,8009458,7982416
2255,8979000,8957792
2256,7538042,7517833
2257,8581083,8561791
2258,8785875,8766167
2259,7743583,7720292
2260,8970000,8947667
2261,7758625,7736875
2262,8894834,8871334
2263,7734625,7706250
2264,9098041,9077458
2265,7954084,7924542
2266,7942791,7911166
2267,8958334,8930375
2268,8130375,8102875
2269,7877041,7841208
2270,9857209,9827709
2271,7581458,7545000
2272,8734792,8699208
2273,8652416,8619833
2274,7972459,7938042
2275,8606583,8578833
2276,7865792,7827083
2277,8703416,8677791
2278,7682000,7651375
2279,8917334,8888584
2280,8253416,8226541
2281,8162875,8133500
2282,8697917,8667417
2283,7857208,7821458
2284,8672375,8646209
2285,8520834,8494500
2286,7784250,7740750
2287,8937166,8910791
2288,7635417,7600334
2289,25417375,25389375
2290,8829417,8802250
2291,7439166,7409041
2292,8856167,8828584
2293,7527208,7493625
2294,8971292,8936250
2295,8577042,8540375
2296,7412083,7355416
2297,8583042,8551542
2298,8430291,8399541
2299,8424292,8393959
2300,8344167,8313875
2301,8507583,8470416
2302,8469458,8437917
2303,8100667,8064542
2304,8583625,8546583
2305,8306625,8276833
2306,8319417,8289333
2307,8332708,8304000
2308,8072667,8044042
2309,8011666,7971208
2310,8433959,8403709
2311,8145833,8121291
2312,8155333,8124125
2313,8394625,8363292
2314,8552709,8523792
2315,8840750,8806791
2316,8557458,8524833
2317,7448708,7419542
2318,8398667,8366542
2319,8325500,8298500
2320,8523208,8490750
2321,8483959,8451917
2322,8375375,8340500
2323,8549416,8522708
2324,8481167,8447209
2325,7333208,7304375
2326,8755584,8724250
2327,8528833,8498375
2328,8377625,8346125
2329,8567125,8534083
2330,8340375,8310333
2331,8446875,8415000
2332,7561250,7534167
2333,8324208,8291708
2334,8519209,8487917
2335,8337708,8307416
2336,8439833,8408875
2337,8470000,8439375
2338,8083667,8055667
2339,8178875,8149167
2340,8258333,8229042
2341,8493750,8461750
2342,8042542,8014500
2343,7897167,7870208
2344,9069833,9038916
2345,7684292,7654250
2346,9107458,9078333
2347,7559458,7538167
2348,8981625,8954584
2349,7708750,7692084
2350,8506875,8492167
2351,8780917,8752250
2352,7735292,7711000
2353,8784833,8765708
2354,7721167,7701458
2355,8449375,8436375
2356,9184291,9153208
2357,7858792,7823417
2358,7620708,7602000
2359,8757834,8734459
2360,9064041,9032916
2361,7629625,7608834
2362,8558584,8540084
2363,8398500,8380208
2364,8100916,8075041
2365,7752625,7729459
2366,8789292,8768875
2367,8852417,8837042
2368,7883583,7851666
2369,8382917,8362292
2370,8510416,8496291
2371,7735417,7714792
2372,8700500,8679958
2373,8571375,8556458
2374,7460875,7444875
2375,8470083,8449208
2376,9562917,9535625
2377,8371500,8340125
2378,8049167,8020958
2379,8159458,8123833
2380,8066625,8030792
2381,8971000,8937583
2382,8270417,8239583
2383,8345708,8311416
2384,8278250,8242875
2385,8166875,8132083
2386,8037125,8007750
2387,8871833,8843333
2388,8224125,8196334
2389,8303542,8268334
2390,8198000,8159083
2391,8278792,8243083
2392,8290208,8252958
2393,8894000,8857833
2394,8371917,8337667
2395,8221208,8180958
2396,8114125,8084625
2397,8230958,8196833
2398,8094084,8058000
2399,9188708,9147833
2400,8515583,8474667
2401,7504250,7466542
2402,8112000,8077875
2403,8328709,8284667
2404,8374416,8340250
2405,8824417,8791959
2406,8377042,8338458
2407,8293500,8263583
2408,8370208,8340500
2409,8378333,8349833
2410,8460292,8425917
2411,7946458,7915125
2412,8455667,8391959
2413,8380958,8354208
2414,8736292,8705667
2415,8584125,8554708
2416,7522583,7495250
2417,8813334,8788167
2418,8595041,8564625
2419,7336667,7311250
2420,25713167,25680042
2421,8839208,8810625
2422,7719292,7692083
2423,9125625,9094458
2424,7620083,7584666
2425,9246583,9195000
2426,7663292,7635417
2427,8852833,8821708
2428,7706334,7663584
2429,8988666,8956041
2430,7569667,7529459
2431,9131292,9103042
2432,7631708,7602916
2433,9058167,9028125
2434,7719583,7686291
2435,7964208,7927750
2436,8717250,8686375
2437,7646000,7616084
2438,9013584,8983625
2439,8610041,8579125
2440,7503834,7473584
2441,25747083,25719791
2442,7638542,7611333
2443,9083125,9052125
2444,7626625,7584375
2445,25402250,25371333
2446,8708958,8677916
2447,8213958,8183417
2448,7652709,7620292
2449,8790666,8757791
2450,7361417,7328834
2451,8862708,8831667
2452,8600542,8567417
2453,8289917,8262917
2454,8085791,8063625
2455,8378834,8320459
2456,8338000,8301291
2457,8380000,8350416
2458,8301958,8271583
2459,7791750,7762542
2460,8103708,8067458
2461,9433334,9400417
2462,8198000,8171750
2463,7920625,7899750
2464,8267666,8234291
2465,7964125,7928167
2466,8200167,8161375
2467,8424542,8390958
2468,8084750,8052333
2469,9282041,9251083
2470,8662959,8620750
2471,8154708,8116583
2472,8151000,8118042
2473,8186500,8145458
2474,8199792,8173583
2475,8323333,8292375
2476,8514875,8480750
2477,8082167,8051542
2478,8313541,8280958
2479,8421500,8388209
2480,8209584,8173959
2481,8099833,8068958
2482,8297000,8261833
2483,9190000,9134333
2484,8029417,8000000
2485,8314333,8281125
2486,8239708,8206708
2487,8441542,8406375
2488,8264833,8238333
2489,8261417,8235125
2490,8418917,8389583
2491,8246250,8214375
2492,8419000,8390250
2493,8163125,8136708
2494,8214583,8186625
2495,9131833,9099333
2496,8249167,8217625
2497,8295208,8260500
2498,8152625,8120834
2499,8009917,7981500
2500,8177542,8144875
2501,9028666,8988541
2502,8132250,8102375
2503,7738209,7716709
2504,7930166,7906416
2505,8590584,8569875
2506,8546875,8527625
2507,8321541,8296375
2508,7589834,7570125
2509,8797708,8776500
2510,9063625,9034625
2511,7439333,7421667
2512,8637167,8621542
2513,8610167,8589167
2514,7362750,7348083
2515,8384750,8364250
2516,8636625,8617833
2517,8923333,8895166
2518,7435958,7417500
2519,8356250,8336709
2520,8590334,8573500
2521,8372416,8359666
2522,8667334,8646917
2523,7304291,7291083
2524,8389875,8374917
2525,9406709,9390084
2526,7351000,7334166
2527,8717666,8669916
2528,9598292,9568000
2529,8850042,8820208
2530,7521583,7476166
2531,8726208,8699500
2532,8559834,8532167
2533,7446625,7418875
2534,25631333,25602375
2535,8760333,8730542
2536,7676625,7633500
2537,8717750,8688167
2538,8217542,8191667
2539,8673208,8643542
2540,7656959,7608584
2541,8917166,8890791
2542,7761667,7733042
2543,25540917,25510417
2544,8657583,8624000
2545,7523875,7493625
2546,8584333,8556875
2547,8478334,8450209
2548,8624500,8597333
2549,7622333,7583416
2550,9014125,8982583
2551,8390750,8363750
2552,7647667,7618542
2553,25469000,25439458
2554,7729750,7690000
2555,8744291,8713625
2556,8709167,8677959
2557,7641333,7594125
2558,8674292,8649334
2559,8668292,8640792
2560,7547833,7516708
2561,8729292,8697000
2562,8524833,8497083
2563,7699208,7648833
2564,8023375,7997959
2565,8135459,8104750
2566,8240791,8203250
2567,8818500,8791209
2568,8176750,8141584
2569,8075125,8042667
2570,8320375,8285417
2571,9591125,9560125
2572,7080084,7046792
2573,9520333,9467750
2574,7346458,7308500
2575,8724709,8685209
2576,8645041,8613250
2577,8833875,8801375
2578,7154292,7118375
2579,8684250,8652000
2580,8480125,8446875
2581,8841167,8811250
2582,7215458,7182375
2583,25343667,25308833
2584,7991708,7959250
2585,25319375,25287583
2586,8381667,8342708
2587,8515458,8485958
2588,8469083,8427042
2589,8438750,8387667
2590,8433125,8383834
2591,8500792,8474250
2592,7160458,7131000
2593,9447125,9419917
2594,8607042,8571834
2595,7242167,7207625
2596,8829916,8786041
2597,8451875,8420750
2598,8348167,8309375
2599,8431333,8364583
2600,8578792,8552209
2601,7336917,7305792
2602,8234833,8204500
2603,8178375,8150333
2604,8251625,8221583
2605,9450792,9407833
2606,8609583,8578500
2607,7376500,7325833
2608,8903917,8861125
2609,8567041,8511208
2610,7181084,7144667
2611,8573583,8545375
2612,8498125,8459917
2613,8477792,8427458
2614,8470166,8413208
2615,8657542,8623584
2616,8452417,8425375
2617,8458708,8428708
2618,7149125,7121125
2619,8740000,8688167
2620,8345625,8316167
2621,8175167,8146667
2622,8064291,8031125
2623,8787625,8762375
2624,8012667,7983334
2625,8127625,8094167
2626,8094458,8061500
2627,9004542,8978167
2628,7891917,7863417
2629,8679166,8648791
2630,8205209,8167959
2631,8078583,8048208
2632,8954292,8926708
2633,8093833,8060125
2634,7989417,7959875
2635,9183708,9134041
2636,8239125,8196250
2637,8204500,8158125
2638,8422375,8377708
2639,8314292,8271042
2640,8616708,8569708
2641,8195417,8153417
2642,8540750,8505250
2643,8158750,8113916
2644,8453416,8408125
2645,8372959,8330834
2646,8687333,8659166
2647,8366292,8331333
2648,7128875,7086208
2649,8889166,8841916
2650,8427209,8385084
2651,8577041,8536250
2652,8516375,8486667
2653,7974334,7934334
2654,8562666,8529833
2655,8564292,8535167
2656,7507167,7459833
2657,8267416,8241041
2658,8242709,8204667
2659,8546375,8509416
2660,8746333,8715833
2661,8633083,8600833
2662,7339875,7300750
2663,25529375,25502959
2664,8327542,8296959
2665,8678917,8652292
2666,7639291,7613333
2667,25374000,25345667
2668,8420709,8391667
2669,8782166,8751333
2670,7396459,7370667
2671,25334916,25306583
2672,8276584,8236250
2673,8968291,8939916
2674,7595667,7566125
2675,25696375,25668375
2676,8335875,8309792
2677,7805417,7777875
2678,8519333,8491458
2679,9038792,8985667
2680,7587500,7551625
2681,9072208,9041750
2682,8353625,8284083
2683,7741708,7713083
2684,7364209,7332250
2685,8257791,8227583
2686,8404959,8359375
2687,8576708,8533625
2688,8722208,8670083
2689,8318334,8277250
2690,8371666,8329541
2691,8239042,8212959
2692,8714958,8685958
2693,8371459,8343084
2694,7189083,7150458
2695,8462958,8433792
2696,8466084,8429667
2697,8564041,8513833
2698,8612709,8581125
2699,8456541,8427083
2700,8327375,8297792
2701,8332834,8275375
2702,8706291,8675000
2703,7437667,7407750
2704,8216875,8191125
2705,9052125,9022000
2706,8057500,8031500
2707,8010500,7981458
2708,7939792,7910667
2709,8971875,8943458
2710,8155875,8127750
2711,7690375,7660708
2712,9063166,9034041
2713,8127584,8099417
2714,8484625,8455250
2715,8429291,8396916
2716,8536375,8509125
2717,8362667,8334750
2718,8648500,8620083
2719,7600083,7572083
2720,25687417,25657292
2721,8545667,8516875
2722,7436916,7410166
2723,25906667,25878125
2724,7804125,7768958
2725,8783792,8751708
2726,7774166,7744708
2727,8908625,8878542
2728,7766417,7723750
2729,8846667,8817875
2730,7504666,7478250
2731,8783125,8756875
2732,8448000,8422167
2733,8873209,8846250
2734,7458416,7435958
2735,25394875,25365500
2736,8489084,8460125
2737,7488041,7461708
2738,25760792,25731584
2739,8584958,8556292
2740,7569625,7534667
2741,25551667,25523625
2742,8734625,8704833
2743,7275542,7246417
2744,25593791,25568583
2745,8435917,8408667
2746,7362500,7336583
2747,8738750,8714250
2748,8786750,8756667
2749,8301125,8275417
2750,8643125,8614083
2751,7647042,7617833
2752,8650375,8622875
2753,8182958,8157708
2754,8566583,8537500
2755,8519125,8492417
2756,7418459,7382875
2757,8829250,8793666
2758,7712916,7693583
2759,8703209,8681667
2760,7978041,7950416
2761,8249500,8220625
2762,8380000,8352584
2763,8304709,8274709
2764,8355250,8323958
2765,8203875,8173166
2766,8449833,8419541
2767,8235792,8208042
2768,8489500,8457583
2769,8380708,8351333
2770,8456458,8414500
2771,8574709,8544792
2772,8920666,8890791
2773,7147625,7117000
2774,9602709,9576459
2775,7381250,7350375
2776,8840791,8813000
2777,8318417,8289750
2778,8425958,8400458
2779,8284709,8241500
2780,8117125,8089791
2781,8900583,8869166
2782,7581083,7554333
2783,8469667,8424167
2784,8371667,8329625
2785,8472625,8445041
2786,8118250,8086583
2787,8425125,8394291
2788,8767791,8724750
2789,9037334,9007875
2790,7450541,7403916
2791,8544750,8509000
2792,8588417,8560500
2793,7370250,7324708
2794,8867833,8827250
2795,8158125,8115625
2796,8512875,8470459
2797,8332709,8291292
2798,8234208,8200333
2799,8565833,8520250
2800,8372334,8329584
2801,8282833,8237000
2802,8599292,8568292
2803,7059875,7009625
2804,8608041,8571041
2805,8457667,8429209
2806,8332000,8303750
2807,8401750,8375625
2808,7999917,7975417
2809,8001208,7972166
2810,8872917,8855333
2811,7775833,7752583
2812,8990458,8966333
2813,7601000,7573125
2814,8757542,8733834
2815,7869500,7806708
2816,9171125,9138458
2817,8241875,8207625
2818,8211417,8175417
2819,8144791,8124250
2820,7747917,7726542
2821,8787583,8767667
2822,8232042,8199750
2823,8832958,8809875
2824,7850167,7822959
2825,8653417,8617083
2826,8396583,8371791
2827,8449875,8414792
2828,8291750,8256833
2829,8312667,8274333
2830,8090166,8056125
2831,8908459,8871542
2832,8340416,8298375
2833,8334709,8294542
2834,8150000,8110916
2835,8086250,8052916
2836,8149666,8115125
2837,8989417,8951000
2838,8841458,8781792
2839,7685167,7651625
2840,8933125,8896458
2841,7450375,7418333
2842,8699208,8666333
2843,9044959,9010625
2844,7983166,7950416
2845,9550375,9510250
2846,7752625,7701584
2847,24521500,24484375
2848,8789292,8752834
2849,7740833,7706708
2850,9190667,9156000
2851,8036458,7970542
2852,7814500,7771209
2853,8501792,8460750
2854,7222792,7181708
2855,8377208,8341250
2856,8285542,8250250
2857,7984708,7950250
2858,8936542,8904083
2859,8040041,8002750
2860,8049917,8021875
2861,9067542,9042708
2862,8122583,8087541
2863,8017958,7984375
2864,8095417,8061250
2865,8849500,8824500
2866,7966375,7935083
2867,9449542,9413583
2868,8851166,8809916
2869,7506334,7464250
2870,8457750,8418958
2871,8302333,8264833
2872,8155667,8118417
2873,8163875,8127916
2874,8289875,8253708
2875,7862916,7833625
2876,7991584,7954792
2877,8734791,8705916
2878,8290334,8249209
2879,8258416,8216458
2880,8997959,8970167
2881,8260041,8224625
2882,7781709,7744959
2883,8787416,8758750
2884,7832834,7802834
2885,9019541,8983333
2886,8029042,7995459
2887,7747792,7716458
2888,8784875,8757125
2889,8640000,8607416
2890,7667166,7636750
2891,8460042,8436667
2892,8908833,8880000
2893,7440000,7418667
2894,8646667,8629875
2895,9059833,9025625
2896,7976792,7949042
2897,7862125,7831208
2898,8990917,8961000
2899,7809791,7779458
2900,9000750,8970209
2901,7414875,7391125
2902,8808709,8785000
2903,7750833,7722625
2904,8775583,8755292
2905,7965250,7938084
2906,8953625,8926417
2907,8479167,8458709
2908,7506542,7489917
2909,8572625,8556041
2910,8526333,8512750
2911,7683333,7657708
2912,8584042,8569542
2913,8563042,8542250
2914,8704041,8683458
2915,7612250,7592459
2916,8627625,8610709
2917,8710417,8684459
2918,7827750,7804000
2919,8171458,8154375
2920,8368292,8355375
2921,8307458,8296667
2922,8562542,8550875
2923,8298458,8288250
2924,8501209,8485709
2925,8451583,8432250
2926,7548417,7525708
2927,8390916,8378208
2928,8528750,8516209
2929,8293042,8281959
2930,8258583,8242833
2931,8054000,8041292
2932,8373167,8358334
2933,8990375,8964167
2934,8798708,8774250
2935,7768834,7742167
2936,8817416,8792625
2937,8678500,8653209
2938,7817334,7792500
2939,8589500,8568791
2940,7975041,7945833
2941,8812375,8792125
2942,7864084,7837500
2943,8586208,8498875
2944,7818958,7795917
2945,8802875,8779792
2946,7847459,7819209
2947,8637166,8619166
2948,8544334,8527417
2949,8396458,8373291
2950,7728708,7703500
2951,8874875,8842500
2952,7677000,7655042
2953,8747792,8713417
2954,8492167,8468792
2955,8104000,8089166
2956,8475333,8464041
2957,8402500,8386083
2958,8418333,8405417
2959,7244584,7233667
2960,8290083,8279250
2961,9112542,9095292
2962,8522458,8509166
2963,8307042,8295125
2964,8616833,8593291
2965,7181667,7169250
2966,8597333,8585333
2967,8533250,8509500
2968,8588708,8571958
2969,8396542,8383792
2970,8497375,8485375
2971,7300792,7284458
2972,8324708,8311958
2973,9180083,9167292
2974,8440125,8426500
2975,8264375,8253250
2976,8476625,8459042
2977,7199375,7186500
2978,8237459,8226792
2979,9165041,9151500
2980,8458542,8446250
2981,8339042,8326875
2982,8447791,8429125
2983,8209417,8199917
2984,8851333,8831542
2985,8372667,8352000
2986,7177917,7163458
2987,8268708,8257416
2988,8516333,8502708
2989,8278875,8268375
2990,8434625,8420167
2991,8282625,8265625
2992,8636959,8620625
2993,8511500,8498125
2994,8418333,8405458
2995,8263083,8252958
2996,8468125,8455375
2997,8569459,8546167
2998,7412750,7396666
2999,8343625,8326375
3000,8302666,8291500
3001,8356917,8345417
3002,8260583,8250583
3003,9102250,9089917
3004,8318542,8308167
3005,8306333,8294125
3006,8405084,8390709
3007,8274250,8262291
3008,8246125,8235208
3009,8125583,8112625
3010,8299542,8288917
3011,8278958,8268500
3012,8457042,8439583
3013,8429458,8418125
3014,8564292,8545500
3015,8272750,8250583
3016,8875750,8847916
3017,7590625,7569541
3018,8805583,8782541
3019,7518208,7498458
3020,8479209,8465750
3021,8825041,8797958
3022,8643834,8626917
3023,7800291,7773916
3024,8630542,8610667
3025,7425708,7406833
3026,8622584,8600500
3027,8177958,8163166
3028,8305167,8292542
3029,8174041,8163458
3030,8417667,8397792
3031,8960167,8932833
3032,8932875,8904583
3033,7834458,7802291
3034,8690708,8669208
3035,7577125,7551667
3036,8654375,8636459
3037,8850709,8829834
3038,7531500,7513375
3039,8222750,8207541
3040,8570541,8553625
3041,8413084,8400167
3042,9108833,9074625
3043,7737000,7713417
3044,8670292,8650917
3045,8237250,8220041
3046,7338833,7325541
3047,8298833,8288167
3048,8437667,8421459
3049,8495583,8481417
3050,8250375,8239917
3051,8087292,8074834
3052,8366708,8355667
3053,8207292,8195959
3054,8388375,8375583
3055,8253958,8244792
3056,8279959,8268209
3057,9166416,9152291
3058,8609167,8596334
3059,7273292,7260417
3060,8459166,8442041
3061,8796750,8769625
3062,8972667,8944250
3063,8799708,8764292
3064,7858709,7829750
3065,7970291,7939125
3066,8944209,8912000
3067,8014000,7977000
3068,7859541,7828416
3069,8718167,8683292
3070,7895875,7859167
3071,8774542,8750917
3072,7672833,7649041
3073,8704833,8685083
3074,8455042,8439417
3075,8569000,8537417
3076,8972458,8942208
3077,8201250,8162875
3078,7964542,7932750
3079,7918000,7888833
3080,8765375,8738750
3081,8987125,8951917
3082,7795167,7767458
3083,8106500,8073125
3084,8054833,8024833
3085,9135042,9100333
3086,8064375,8031750
3087,8701916,8665416
3088,7905500,7878584
3089,7981542,7948084
3090,8985208,8947917
3091,7487792,7459792
3092,8725750,8704500
3093,8461750,8446375
3094,7510250,7493750
3095,8526667,8510875
3096,8635208,8614083
3097,7489208,7473708
3098,8360750,8348917
3099,9118750,9105667
3100,8393167,8379875
3101,7245750,7232917
3102,8447458,8431500
3103,8453792,8439167
3104,8303875,8293042
3105,9443958,9418708
3106,7268792,7253584
3107,8448417,8436667
3108,8491375,8476541
3109,8396958,8380083
3110,8296292,8286208
3111,8033500,8019208
3112,8301416,8288750
3113,8292125,8280167
3114,8402250,8390167
3115,8326959,8316417
3116,8362708,8351083
3117,9434458,9415208
3118,7768542,7741542
3119,8339042,8325833
3120,8311791,8300958
3121,8406625,8392084
3122,8218959,8207084
3123,7954375,7940958
3124,8431083,8409458
3125,8340167,8328583
3126,8489000,8476000
3127,8316125,8301583
3128,8445000,8432541
3129,8147708,8131958
3130,8326375,8315292
3131,8199542,8189875
3132,8321958,8310791
3133,8234917,8223417
3134,8194458,8184000
3135,9158583,9143250
3136,8281334,8266959
3137,8237750,8228458
3138,8401333,8384625
3139,8277958,8267208
3140,8202000,8190917
3141,8250792,8233292
3142,8690542,8670917
3143,8689708,8670000
3144,7894667,7865083
3145,8906708,8880000
3146,7509875,7490042
3147,8253375,8234042
3148,8642833,8622750
3149,8295042,8283709
3150,8589375,8574917
3151,7439250,7418167
3152,8427208,8405458
3153,9365959,9345167
3154,7714958,7693166
3155,8413667,8402167
3156,8415708,8402750
3157,8251792,8240792
3158,8381041,8369000
3159,8389209,8368667
3160,8472875,8458708
3161,8282875,8271083
3162,8352666,8338375
3163,8468542,8452417
3164,7288958,7274292
3165,9217125,9201875
3166,8339417,8327084
3167,8263250,8251792
3168,8457833,8444292
3169,8249542,8234125
3170,8197083,8186792
3171,8196667,8177792
3172,8619792,8602875
3173,8250875,8239750
3174,8417125,8403000
3175,8654250,8635333
3176,7590125,7568541
3177,8434166,8411041
3178,8446667,8430250
3179,8329292,8318167
3180,8379166,8368500
3181,8181375,8170542
3182,8239750,8226292
3183,8007000,7993875
3184,8283834,8272709
3185,8282916,8272250
3186,8455584,8440250
3187,8528375,8515500
3188,8703000,8687083
3189,8161083,8143416
3190,8289250,8277542
3191,8223208,8213042
3192,8633959,8616167
3193,8377208,8365541
3194,8362958,8349500
3195,8203125,8185209
3196,8394125,8382667
3197,8406084,8394417
3198,8520750,8506333
3199,8229166,8217958
3200,8470959,8456959
3201,8308583,8294666
3202,8808167,8786708
3203,7374958,7355166
3204,8833083,8808125
3205,7631917,7612459
3206,8522042,8506750
3207,8212333,8196125
3208,8170083,8158792
3209,8284542,8269834
3210,8382083,8368792
3211,8295709,8279125
3212,8220916,8210666
3213,9169250,9156875
3214,8340542,8330167
3215,8235125,8224875
3216,8330625,8318958
3217,8266250,8255750
3218,8216208,8206708
3219,8017917,8005750
3220,8403917,8389208
3221,8216208,8204875
3222,8279917,8268417
3223,8290958,8279500
3224,8206833,8196625
3225,9286500,9269709
3226,8304459,8292292
3227,8205375,8196750
3228,8493333,8480000
3229,7230958,7218417
3230,8272000,8259625
3231,9287000,9270334
3232,8617084,8601792
3233,7254666,7242500
3234,8639459,8620959
3235,8313625,8303833
3236,8255208,8246458
3237,9142000,9126500
3238,7232500,7218708
3239,8237417,8227000
3240,9492583,9480958
3241,8445208,8433333
3242,7262709,7249959
3243,9027125,9015625
3244,8372000,8360791
3245,8269958,8259458
3246,8389750,8376583
3247,8398125,8388375
3248,8330500,8319208
3249,8263542,8242750
3250,8375041,8363250
3251,8212750,8202750
3252,8333625,8320417
3253,8211750,8200709
3254,8221750,8209417
3255,7978500,7965834
3256,8308542,8297167
3257,8195500,8184125
3258,9525625,9511625
3259,7215458,7201792
3260,8705417,8690792
3261,8629792,8606042
3262,8604708,8589250
3263,8561125,8543250
3264,7374583,7359083
3265,8313042,8300792
3266,8252333,8238083
3267,9040084,9027167
3268,8404416,8390125
3269,8253917,8245042
3270,8338833,8327042
3271,8250167,8239500
3272,8233417,8221833
3273,8334000,8317750
3274,8443666,8431958
3275,8442292,8430875
3276,8458542,8446000
3277,8461208,8448916
3278,7556458,7534875
3279,9339125,9318334
3280,7371459,7353334
3281,8483208,8468833
3282,8436208,8422000
3283,8289959,8278667
3284,8260916,8249166
3285,8285667,8264834
3286,8343583,8331875
3287,8280917,8271459
3288,8370500,8358083
3289,8220625,8210458
3290,8131958,8120708
3291,8983542,8971042
3292,8607375,8592458
3293,7406375,7385542
3294,8628667,8612542
3295,8585250,8566541
3296,8559583,8541291
3297,8403458,8383500
3298,8517209,8504959
3299,7323250,7310083
3300,8433666,8417166
3301,8519292,8501709
3302,9004167,8971333
3303,8659041,8629458
3304,7910292,7878084
3305,8903500,8875333
3306,7923750,7889250
3307,7839958,7811333
3308,8845209,8818125
3309,8733625,8698041
3310,7910250,7877625
3311,7742875,7717708
3312,8590541,8571583
3313,8833250,8805334
3314,7808167,7781500
3315,8585375,8558750
3316,8021333,7985917
3317,8937667,8907250
3318,8074167,8039458
3319,7848666,7817750
3320,9019542,8989834
3321,8733458,8698667
3322,8059375,8024875
3323,7927167,7892250
3324,8862583,8831750
3325,7764375,7733334
3326,8876750,8846584
3327,7692792,7658125
3328,9063500,9026750
3329,7906958,7876167
3330,7721334,7696709
3331,8642916,8623291
3332,8343000,8331209
3333,8213209,8196500
3334,8396833,8382500
3335,8309458,8297042
3336,8460959,8446792
3337,8344000,8331916
3338,8285958,8275916
3339,8103250,8087167
3340,8353625,8342917
3341,8346042,8330542
3342,8679708,8662958
3343,7292000,7277625
3344,8330750,8319542
3345,9327583,9314250
3346,8395584,8384709
3347,7295166,7283375
3348,8281834,8270500
3349,8257666,8247500
3350,9326250,9313875
3351,8000334,7984834
3352,8269250,8256666
3353,8241500,8231458
3354,8364416,8350416
3355,8178584,8168084
3356,8440375,8423000
3357,8262750,8249833
3358,8356666,8346333
3359,8181542,8169834
3360,8387292,8375333
3361,8217250,8207041
3362,8331750,8314625
3363,9613916,9584000
3364,7817334,7788209
3365,8674333,8654958
3366,7959083,7928167
3367,8833542,8806084
3368,7977833,7949000
3369,8587792,8563584
3370,7496208,7479333
3371,8757959,8735917
3372,9128958,9095791
3373,7668583,7647125
3374,8642334,8621917
3375,8135583,8118250
3376,7722042,7698042
3377,8580583,8565708
3378,8585708,8565083
3379,8348667,8337167
3380,8820458,8792917
3381,7279709,7259292
3382,8701416,8678625
3383,8743209,8719792
3384,7459833,7435458
3385,8540833,8523750
3386,8473167,8460250
3387,8095500,8080000
3388,8471167,8456375
3389,8319875,8305333
3390,8568000,8548666
3391,8717208,8696500
3392,7376792,7360542
3393,9396583,9376875
3394,7488375,7472000
3395,8326458,8315625
3396,8389459,8376250
3397,8365541,8352958
3398,8360709,8350000
3399,7932208,7921666
3400,8368708,8354167
3401,8266042,8255875
3402,8340958,8329542
3403,8333167,8322375
3404,8376167,8364500
3405,9264291,9249083
3406,7195667,7182209
3407,9473917,9413208
3408,9499083,9465208
3409,7149792,7106875
3410,8852041,8809416
3411,8176125,8138292
3412,8249459,8215584
3413,8075166,8049250
3414,7781667,7752750
3415,9125917,9096125
3416,7885500,7858375
3417,8557875,8529083
3418,8155708,8118416
3419,9132000,9102583
3420,7844292,7817583
3421,10510375,10450583
3422,8267000,8215875
3423,9550541,9494583
3424,4644084,4606875
3425,28047333,27977125
3426,7244292,7202417
3427,7161625,7117750
3428,25807041,25776458
3429,6531792,6506334
3430,28849375,28816417
3431,5211458,5160875
3432,26731667,26704917
3433,6674625,6622417
3434,8254458,8227625
3435,7693000,7665625
3436,8676542,8654167
3437,7671667,7645750
3438,8386000,8369708
3439,8312458,8285541
3440,8369542,8354708
3441,8891250,8864916
3442,7510083,7485041
3443,8570125,8554708
3444,8916250,8894083
3445,8685250,8658375
3446,7399708,7379292
3447,8369500,8353875
3448,8587750,8571542
3449,8493709,8481084
3450,8770833,8753125
3451,8313708,8290167
3452,7403917,7377375
3453,8460833,8447625
3454,10216375,10201959
3455,6883292,6856292
3456,8842583,8819083
3457,7482042,7457417
3458,8708958,8690000
3459,8423625,8410042
3460,7410584,7391625
3461,8975875,8945708
3462,8740916,8720458
3463,8750542,8720250
3464,7893792,7863750
3465,7621375,7598208
3466,8497000,8478208
3467,8444916,8433458
3468,8332250,8320709
3469,8273167,8256500
3470,8881792,8858417
3471,7823375,7798750
3472,9254875,9224375
3473,7736333,7710833
3474,8126042,8094375
3475,8749291,8715416
3476,7968709,7940542
3477,8802000,8779250
3478,7893083,7868333
3479,8832917,8806958
3480,7865500,7836250
3481,8775125,8743583
3482,7920041,7890333
3483,8801542,8774875
3484,7971917,7947833
3485,7859916,7836041
3486,8913875,8889625
3487,8268334,8250209
3488,7393625,7374708
3489,8950458,8921250
3490,8888667,8864458
3491,7615625,7593458
3492,8517458,8500125
3493,8627500,8607625
3494,7524958,7504917
3495,8463917,8449542
3496,8474500,8456125
3497,8335333,8322708
3498,8301709,8285959
3499,7973583,7957375
3500,8286917,8276958
3501,8812916,8785583
3502,8587042,8570084
3503,8509917,8497750
3504,7321666,7307041
3505,9394084,9376250
3506,7370666,7354625
3507,8411542,8395792
3508,8452000,8434042
3509,8266542,8255000
3510,8296333,8284416
3511,9136333,9119167
3512,7353417,7340375
3513,8255333,8240042
3514,8515250,8498542
3515,8313584,8301667
3516,8257125,8245833
3517,9312750,9298083
3518,7374666,7360791
3519,8659959,8642542
3520,8682458,8663041
3521,8272250,8260667
3522,8297458,8285917
3523,8159917,8142500
3524,8380417,8368667
3525,8257750,8245208
3526,8322125,8309458
3527,8269458,8260291
3528,8769375,8745750
3529,8441167,8422125
3530,8595833,8579833
3531,7484625,7466833
3532,8382417,8368042
3533,8365916,8352041
3534,8850375,8819459
3535,8925709,8889834
3536,8054458,8024125
3537,8012125,7979000
3538,8818625,8788292
3539,8088083,8053250
3540,7995084,7965375
3541,8516666,8486083
3542,7958125,7924625
3543,8853375,8827375
3544,7713917,7693250
3545,8715917,8688917
3546,8764166,8746625
3547,8685584,8651792
3548,8000875,7969583
3549,8075875,8040541
3550,7928458,7899541
3551,8816292,8788375
3552,8026583,8001083
3553,8607583,8577042
3554,8012667,7968209
3555,8824458,8796708
3556,8019084,7988750
3557,8146375,8101916
3558,8736000,8704333
3559,8714958,8684625
3560,7908333,7881625
3561,8139084,8100292
3562,8030458,7998916
3563,8481792,8466542
3564,8528208,8513333
3565,10743125,10701708
3566,9451083,9392417
3567,7574875,7527292
3568,5094750,5072375
3569,28598792,28552709
3570,5171125,5149750
3571,24816667,24793167
3572,8732333,8708583
3573,8548583,8522125
3574,7888959,7861959
3575,7565416,7545625
3576,8605875,8589625
3577,8313792,8302250
3578,8403542,8390917
3579,8127583,8111500
3580,8524542,8507875
3581,8371041,8358250
3582,8561000,8545750
3583,8279209,8268667
3584,8443166,8424791
3585,8326125,8310084
3586,8408917,8397834
3587,8361792,8350833
3588,8617208,8601333
3589,7383042,7370375
3590,8367666,8355750
3591,8060334,8045292
3592,8302041,8290875
3593,8270584,8259709
3594,8439583,8420166
3595,8217917,8206583
3596,8208791,8197375
3597,9197084,9183167
3598,8315250,8299083
3599,8231000,8220500
3600,8307875,8295500
3601,8548083,8530416
3602,8478042,8464375
3603,8339208,8319625
3604,8248208,8235667
3605,8211750,8201250
3606,8453459,8436917
3607,8217583,8205333
3608,8210333,8200125
3609,8049167,8030875
3610,8347375,8337667
3611,8208542,8198250
3612,8360916,8349041
3613,8254292,8242792
3614,8225000,8214125
3615,9073708,9056500
3616,8328334,8318125
3617,8229000,8218291
3618,8395041,8383291
3619,8225667,8214625
3620,8429583,8411042
3621,8197584,8183625
3622,8259791,8249208
3623,8238250,8224375
3624,8375709,8362292
3625,8248375,8237541
3626,8215291,8205375
3627,9055084,9039834
3628,8182958,8171875
3629,8601750,8583125
3630,7484292,7468333
3631,8294375,8281583
3632,8221583,8209541
3633,9229250,9213125
3634,8332333,8321917
3635,8233709,8222709
3636,8365083,8352625
3637,8300542,8290750
3638,8139333,8130333
3639,8022917,8007292
3640,8355833,8342166
3641,8269000,8258083
3642,8309458,8269042
3643,8121750,8112917
3644,8231500,8220875
3645,9158292,9145875
3646,8392042,8378208
3647,8191875,8181791
3648,8359500,8347000
3649,8181041,8170291
3650,8210584,8200042
3651,7938750,7926500
3652,8256791,8245208
3653,8211792,8201959
3654,8316208,8305208
3655,9309750,9298167
3656,8227084,8216375
3657,8047750,8033833
3658,8314958,8303166
3659,8216500,8206083
3660,8262917,8252375
3661,8235625,8224166
3662,8379833,8367416
3663,9379250,9356125
3664,7284333,7259083
3665,8686125,8669959
3666,8461209,8444459
3667,8497750,8482500
3668,8802625,8777875
3669,8397083,8375000
3670,7360750,7343125
3671,8277500,8262292
3672,8572250,8552042
3673,8313417,8302208
3674,8140416,8129541
3675,8157959,8138292
3676,8381000,8369625
3677,8310583,8299583
3678,8439208,8424125
3679,8329167,8316250
3680,8273042,8261750
3681,8146916,8134500
3682,8256417,8244709
3683,8361167,8347708
3684,8395791,8382833
3685,8239250,8229250
3686,8284084,8273792
3687,9046750,9033833
3688,8376500,8364625
3689,8239791,8229416
3690,8835709,8813500
3691,7661875,7639541
3692,8313208,8299416
3693,8259708,8243167
3694,8459000,8441834
3695,8497875,8482000
3696,8433667,8421334
3697,8275375,8264333
3698,8283667,8272125
3699,8561375,8534166
3700,8435791,8419875
3701,8276125,8265125
3702,8488542,8475584
3703,7256792,7244583
3704,8289875,8280291
3705,9175750,9164666
3706,8360125,8348250
3707,8263458,8253458
3708,8336292,8326083
3709,8261375,8251458
3710,8174541,8160375
3711,8231084,8214084
3712,8433833,8421583
3713,8308125,8297292
3714,8494250,8482458
3715,8419917,8407792
3716,8394583,8382541
3717,8175292,8157958
3718,8562875,8547625
3719,8474750,8462583
3720,7298916,7282541
3721,8324042,8310667
3722,8198167,8188500
3723,9045208,9031583
3724,8407667,8394792
3725,8318875,8307583
3726,8328291,8316166
3727,8125709,8117167
3728,8296125,8287041
3729,8030250,8018458
3730,8228875,8218375
3731,8241125,8230791
3732,9491250,9479625
3733,7175916,7162750
3734,9334209,9323459
3735,7929125,7915250
3736,8331250,8320791
3737,8236541,8225208
3738,8278834,8267584
3739,8174666,8161500
3740,8147709,8138292
3741,9070833,9059375
3742,8284208,8270125
3743,8262125,8252042
3744,8371167,8357917
3745,8326333,8316208
3746,8797084,8772917
3747,8389625,8366750
3748,7431708,7411083
3749,8328333,8314333
3750,8401875,8388625
3751,8343042,8331834
3752,8189208,8179417
3753,9182000,9167417
3754,7226125,7196959
3755,8496000,8485667
3756,8572667,8551750
3757,8329917,8317208
3758,8748333,8725750
3759,8440833,8417917
3760,8474917,8459542
3761,8485458,8472000
3762,7573917,7550167
3763,8453375,8439333
3764,8607458,8584000
3765,8391625,8369375
3766,9094750,9066000
3767,7861792,7837209
3768,8724042,8698542
3769,7698666,7673583
3770,8886625,8860625
3771,7768417,7728334
3772,9185000,9155667
3773,7928958,7901875
3774,7954625,7923334
3775,8902500,8875709
3776,8023625,7994709
3777,8588750,8560125
3778,7872917,7847417
3779,8834083,8805542
3780,8151334,8119875
3781,7924583,7897500
3782,8915833,8892542
3783,7874209,7840125
3784,8896708,8868875
3785,7873458,7846917
3786,7988917,7961292
3787,8939792,8909583
3788,8051625,8024125
3789,8642250,8613291
3790,8016041,7987333
3791,7791542,7766375
3792,8921042,8889292
3793,7755708,7730458
3794,8812333,8781833
3795,8929000,8894709
3796,8041334,8014584
3797,8014375,7981500
3798,7897375,7868500
3799,8855125,8830041
3800,7950708,7926250
3801,8766167,8736375
3802,7776541,7750458
3803,8980500,8949917
3804,7913000,7884875
3805,8882625,8857917
3806,7800875,7775084
3807,8229167,8212084
3808,8542583,8524500
3809,8602209,8584250
3810,7787458,7759625
3811,8691458,8673458
3812,7509750,7489875
3813,8786084,8759125
3814,8774000,8758041
3815,7295833,7282125
3816,8979792,8951958
3817,8851625,8834666
3818,7334666,7318166
3819,8524584,8504250
3820,8933500,8913708
3821,7415500,7391458
3822,8793583,8768500
3823,8553792,8539917
3824,8346875,8335625
3825,8228416,8208041
3826,8459250,8445209
3827,8364167,8351209
3828,8379417,8367500
3829,8342625,8332291
3830,8240291,8229541
3831,8145917,8130334
3832,8324667,8315917
3833,8217250,8206208
3834,8284125,8271333
3835,8185583,8173458
3836,8345833,8334125
3837,8274750,8255334
3838,8366334,8353625
3839,8305583,8294083
3840,8384500,8372750
3841,8264250,8254042
3842,8338583,8328083
3843,9042292,9029292
3844,8334583,8322583
3845,8254834,8239209
3846,8439416,8426000
3847,8327209,8316167
3848,8385000,8370416
3849,8139458,8125666
3850,8651292,8634583
3851,7203416,7191041
3852,8341167,8329292
3853,8278792,8267583
3854,8340333,8329125
3855,9162250,9148500
3856,8327167,8316167
3857,8593041,8574291
3858,7494292,7477417
3859,8420750,8407667
3860,8260708,8248250
3861,9141917,9127667
3862,7412542,7392500
3863,8698250,8686041
3864,8469333,8457083
3865,8384083,8371875
3866,8393792,8381834
3867,8130167,8116667
3868,8333708,8317875
3869,8221167,8211125
3870,8442708,8427916
3871,8401250,8389917
3872,8306417,8296417
3873,8331375,8315291
3874,8313166,8301375
3875,8461709,8445834
3876,8840708,8819666
3877,7423583,7406458
3878,8380167,8367084
3879,9116292,9100708
3880,7454541,7429333
3881,8576542,8565209
3882,8535833,8522083
3883,8308334,8298167
3884,8345500,8335875
3885,8419333,8396958
3886,8796250,8774125
3887,7190750,7179375
3888,8669833,8655417
3889,8469459,8454667
3890,8220083,8210041
3891,8023875,8011292
3892,8358625,8343792
3893,8098458,8088583
3894,8313917,8300792
3895,8351708,8339083
3896,8655084,8638875
3897,9240375,9227541
3898,7401750,7384000
3899,8463875,8451958
3900,8509458,8496250
3901,8310042,8298500
3902,8402000,8391250
3903,8087250,8073875
3904,8307583,8295541
3905,8971958,8943333
3906,8795792,8777584
3907,7389708,7365167
3908,9640292,9631250
3909,7138375,7108042
3910,9230583,9201750
3911,7947834,7920292
3912,7909291,7870958
3913,8738292,8714250
3914,7768583,7744000
3915,8538292,8506625
3916,9045250,9011500
3917,7989333,7958333
3918,7811334,7779042
3919,8792000,8764416
3920,9004875,8971333
3921,7666416,7635791
3922,8912459,8881792
3923,8013541,7981000
3924,7775834,7749125
3925,8870916,8832500
3926,7862292,7832917
3927,8673375,8644875
3928,7584125,7560750
3929,8563958,8548667
3930,8746000,8725000
3931,7425292,7408375
3932,8523000,8509417
3933,9500917,9476083
3934,7375708,7358083
3935,8812917,8792667
3936,8662375,8646791
3937,7263916,7250708
3938,8422375,8406000
3939,8257250,8241084
3940,8344084,8331709
3941,8209416,8193041
3942,8638167,8619375
3943,8411417,8400917
3944,8409291,8395333
3945,8152667,8133917
3946,8502000,8485000
3947,8325792,8314500
3948,8517625,8502041
3949,8379208,8366708
3950,8367750,8356875
3951,8203625,8190750
3952,8235542,8224083
3953,8268583,8254250
3954,8500125,8480792
3955,8417458,8407542
3956,8353292,8339667
3957,8177333,8157792
3958,8671875,8654292
3959,8383750,8372334
3960,7600959,7578667
3961,8406125,8391625
3962,8312708,8302875
3963,8470333,8448042
3964,8911459,8882959
3965,7488125,7468916
3966,8433833,8421083
3967,8327583,8314583
3968,8599125,8578084
3969,8246250,8231459
3970,8375042,8364834
3971,8252333,8241000
3972,8599917,8581667
3973,8362042,8349917
3974,8318000,8305833
3975,7959041,7947041
3976,8391459,8378000
3977,8323000,8312208
3978,8413791,8400916
3979,8553084,8537209
3980,8330208,8321041
3981,8426917,8406208
3982,8393583,8379916
3983,8349167,8338458
3984,8414166,8394041
3985,8505917,8492667
3986,7266750,7252292
3987,9191458,9177875
3988,8508167,8494875
3989,7221750,7210375
3990,8484625,8470167
3991,8594167,8573917
3992,8637291,8620083
3993,8268792,8250667
3994,8393375,8381458
3995,8362500,8351292
3996,8533042,8519250
3997,8249958,8239291
3998,8273833,8265292
3999,8130459,8113584
4000,8647458,8632833
4001,8261875,8251750
4002,8453958,8439667
4003,8424000,8410292
4004,7403750,7388500
4005,9315209,9296667
4006,7443583,7413375
4007,8696042,8677375
4008,8430583,8418875
4009,8256958,8242458
4010,8795167,8764125
4011,8442958,8415125
4012,7798000,7767250
4013,8846500,8818375
4014,7911417,7882625
4015,8791375,8761292
4016,7902417,7870375
4017,8397458,8366375
4018,8892792,8857833
4019,7835750,7806083
4020,8848875,8819083
4021,7769958,7740875
4022,8746583,8719542
4023,8394125,8366459
4024,8154834,8115125
4025,7812333,7783791
4026,8956000,8921792
4027,7817708,7792042
4028,8766750,8735917
4029,8805625,8763084
4030,7908167,7878125
4031,7785583,7756333
4032,8736292,8706542
4033,7820667,7787833
4034,8670416,8636791
4035,8760125,8720334
4036,8004917,7972625
4037,9089708,9050833
4038,7998917,7965375
4039,7913417,7877417
4040,8900875,8864541
4041,7628083,7590041
4042,9200708,9159417
4043,7986542,7949209
4044,7558833,7528250
4045,8770459,8737750
4046,7740250,7715041
4047,8345166,8318291
4048,8760500,8731084
4049,8788000,8757500
4050,7918500,7884042
4051,8796750,8762334
4052,8090000,8058500
4053,8425667,8390292
4054,7854000,7825083
4055,8686750,8655042
4056,8921500,8885250
4057,8099583,8060708
4058,8074917,8039167
4059,8661583,8627208
4060,8158917,8121125
4061,8289000,8250250
4062,8055167,8021000
4063,9241375,9205625
4064,7879708,7856000
4065,7667917,7640333
4066,8789625,8767958
4067,7869416,7844875
4068,8471667,8455167
4069,8479000,8467083
4070,7385375,7370750
4071,9198000,9182958
4072,8442208,8428125
4073,7331209,7316667
4074,8521791,8509250
4075,8292667,8281042
4076,8277750,8265750
4077,9113417,9101333
4078,8232875,8221833
4079,8240000,8230000
4080,8382750,8368791
4081,8366916,8356166
4082,8220709,8211792
4083,8356666,8333166
4084,8399000,8386292
4085,8344000,8331625
4086,8629375,8605292
4087,7673250,7649042
4088,8597334,8576167
4089,8286041,8270166
4090,8348917,8337375
4091,8219875,8206250
4092,8754333,8730458
4093,7483709,7466250
4094,8505625,8491250
4095,9369333,9341708
4096,7497083,7478625
4097,8419334,8402917
4098,8647916,8627250
4099,8623542,8604959
4100,7613625,7591375
4101,8511333,8487042
4102,8763709,8744709
4103,7725125,7699666
4104,8830666,8802375
4105,7732917,7708417
4106,8819792,8790333
4107,8463541,8447000
4108,8374625,8363750
4109,7167084,7156209
4110,8423958,8410333
4111,8429958,8414583
4112,8289667,8278667
4113,9099000,9086625
4114,8425625,8413958
4115,8252875,8243792
4116,8382792,8369083
4117,8347833,8335666
4118,8216500,8205167
4119,8250708,8235375
4120,8292417,8281292
4121,8433500,8419792
4122,8551792,8531625
4123,8470333,8457583
4124,7156792,7142792
4125,9138958,9127250
4126,8198625,8188417
4127,8257000,8244208
4128,8524750,8509583
4129,8461542,8448458
4130,8256791,8246583
4131,8081584,8069000
4132,8271625,8261166
4133,8299500,8288833
4134,8267333,8255833
4135,8260875,8250667
4136,8243375,8233042
4137,9066958,9054458
4138,8251125,8241209
4139,8135084,8125834
4140,8438916,8426458
4141,8296875,8282042
4142,8341917,8330250
4143,7918583,7904625
4144,8334417,8323667
4145,8301042,8290208
4146,8287166,8276250
4147,8209917,8200584
4148,8196625,8186792
4149,9078542,9066292
4150,8587583,8572000
4151,8440625,8425250
4152,8527875,8511167
4153,7242583,7231208
4154,8201167,8191834
4155,8886625,8876542
4156,8303542,8290542
4157,8252458,8242875
4158,8322958,8311417
4159,8215250,8205459
4160,8437792,8425167
4161,8146833,8134875
4162,8236375,8226209
4163,8205792,8194709
4164,8369250,8354625
4165,8295917,8283917
4166,8919625,8888875
4167,8519250,8484916
4168,8824000,8797541
4169,7693375,7666875
4170,8844625,8813250
4171,7957250,7925500
4172,8794083,8765166
4173,8467958,8441917
4174,7837917,7814959
4175,8672708,8651625
4176,7849917,7825584
4177,8512125,8493208
4178,8970375,8943208
4179,7473917,7447667
4180,8968625,8947208
4181,7659625,7636708
4182,8670458,8649916
4183,7811792,7788083
4184,8581333,8561041
4185,8485167,8464333
4186,8430666,8418291
4187,8377792,8364625
4188,7478167,7456875
4189,8504541,8486666
4190,8596667,8575417
4191,8481792,8453833
4192,8927958,8906125
4193,7549917,7531500
4194,8421333,8403625
4195,8286583,8275792
4196,8307625,8296167
4197,8390084,8370875
4198,8308291,8296375
4199,8219625,8211500
4200,8373459,8360375
4201,8481500,8467041
4202,8280875,8270208
4203,7965375,7952583
4204,8319958,8307166
4205,8395667,8382583
4206,8759958,8740625
4207,8408542,8395792
4208,8259250,8249583
4209,8121458,8108375
4210,8230208,8220875
4211,8236292,8227250
4212,8361542,8350792
4213,8183750,8171166
4214,8260208,8251208
4215,9027875,9017792
4216,8411667,8400625
4217,8214041,8204875
4218,8474709,8459750
4219,8290166,8281166
4220,8273000,8262584
4221,8045292,8033375
4222,8267958,8258000
4223,8201167,8191417
4224,8341625,8331250
4225,8291417,8281417
4226,8197666,8188291
4227,9044167,9029792
4228,8308500,8296000
4229,8233417,8224667
4230,8277041,8265708
4231,8230125,8221792
4232,8205334,8194709
4233,8051666,8039166
4234,8321709,8311750
4235,8215125,8203666
4236,8510541,8495791
4237,8757500,8740834
4238,8299000,8287959
4239,7989542,7975709
4240,8381792,8368625
4241,8198458,8189250
4242,8314292,8303000
4243,8213041,8202250
4244,8217209,8207584
4245,9275625,9255791
4246,9155958,9120333
4247,7892417,7863042
4248,7918041,7891083
4249,9060209,9027792
4250,8127541,8093791
4251,7632375,7603500
4252,8870667,8842292
4253,7901875,7871708
4254,8871458,8841250
4255,8007459,7979459
4256,8784125,8751708
4257,7667791,7634958
4258,8846334,8818375
4259,7701083,7679458
4260,8798417,8771583
4261,7861041,7832833
4262,8572875,8554750
4263,8490459,8462542
4264,7754666,7717500
4265,8816584,8786167
4266,8795791,8767375
4267,8185000,8145167
4268,7936292,7901084
4269,8694083,8664250
4270,8038834,8005084
4271,8955291,8922166
4272,8055625,8021709
4273,7941334,7906459
4274,8643208,8612041
4275,8843250,8804917
4276,8083167,8052042
4277,7945625,7915291
4278,7809958,7782000
4279,8587958,8567417
4280,8858209,8829875
4281,8434625,8405875
4282,7698750,7672250
4283,8550583,8527041
4284,8124083,8087458
4285,8817292,8793459
4286,7793625,7770667
4287,8556500,8521083
4288,8721750,8700083
4289,7609625,7586292
4290,8936792,8909042
4291,7467458,7449000
4292,8362583,8349542
4293,8577750,8558084
4294,8462542,8451042
4295,8284667,8270750
4296,8386458,8373750
4297,8451042,8437250
4298,8212750,8203291
4299,7934375,7921083
4300,8183750,8173625
4301,8166166,8156166
4302,8452625,8438375
4303,8478334,8463167
4304,8260458,8250375
4305,8141583,8122667
4306,8317000,8307792
4307,8195917,8185792
4308,8431042,8413708
4309,8341291,8331083
4310,8318542,8307167
4311,9069542,9055917
4312,8338208,8326958
4313,8316417,8304083
4314,8381708,8369541
4315,8281917,8269042
4316,8209625,8199458
4317,8306958,8283541
4318,8739458,8716250
4319,8688709,8662542
4320,7924458,7896041
4321,8870792,8844500
4322,7934875,7904625
4323,8470000,8437833
4324,8202333,8166875
4325,7493792,7476083
4326,8794583,8772500
4327,8674167,8656792
4328,8198791,8184750
4329,8416042,8393959
4330,8579792,8563625
4331,7256875,7240666
4332,8674833,8647791
4333,8672542,8650500
4334,8494250,8472833
4335,8264875,8245375
4336,8390083,8375083
4337,8470000,8456000
4338,7406542,7391375
4339,8116041,8102916
4340,8290000,8276834
4341,9146084,9132042
4342,8310958,8299833
4343,8191875,8180125
4344,8387625,8367208
4345,8553125,8537042
4346,8244208,8233083
4347,8065584,8050292
4348,8287375,8275708
4349,8162541,8152458
4350,8506209,8490542
4351,8234458,8224416
4352,8259500,8249208
4353,8002583,7985000
4354,8220834,8211250
4355,9337708,9327000
4356,8433792,8420333
4357,8249458,8239791
4358,8226458,8215042
4359,7978917,7964875
4360,8385042,8372500
4361,8084791,8075000
4362,8311625,8300042
4363,8231625,8220792
4364,8178042,8168042
4365,9112417,9098417
4366,8304833,8293041
4367,8163708,8154625
4368,8337417,8324959
4369,8182958,8172583
4370,8200750,8191084
4371,8888334,8876125
4372,8243291,8233083
4373,8158459,8148750
4374,8281125,8268875
4375,8324500,8310041
4376,8266708,8255291
4377,8093292,8077333
4378,8217458,8206041
4379,8149125,8139417
4380,9441125,9428958
4381,8335875,8323750
4382,8191708,8181833
4383,7874792,7862625
4384,8256875,8248792
4385,8183458,8174500
4386,8368667,8353084
4387,8450958,8438500
4388,8317209,8306500
4389,9118000,9102166
4390,7202958,7182333
4391,8505917,8494500
4392,8317000,8306875
4393,8306208,8294333
4394,8268625,8253167
4395,8969708,8958000
4396,8257459,8247375
4397,8256083,8244666
4398,8326958,8314500
4399,8093750,8083917
4400,8223584,8209625
4401,9146625,9133916
4402,8263708,8253041
4403,8218625,8208583
4404,8152792,8141458
4405,8223916,8211541
4406,8181750,8171209
4407,8930625,8917792
4408,8257042,8246375
4409,8213417,8203167
4410,8352958,8341083
4411,8259542,8250083
4412,8451875,8437750
4413,8165541,8149375
4414,8298959,8289125
4415,8226125,8215916
4416,8226625,8215083
4417,8196166,8187375
4418,8270042,8260375
4419,8994500,8982583
4420,8402083,8389000
4421,8080834,8070959
4422,8396458,8383208
4423,8270625,8261125
4424,8276125,8266042
4425,8040417,8028625
4426,8339000,8327750
4427,8285541,8276083
4428,8342750,8330834
4429,8228209,8219125
4430,8274833,8261291
4431,9035542,9020250
4432,8474875,8461416
4433,8218166,8206583
4434,8280375,8269959
4435,8301042,8290000
4436,8202208,8191042
4437,7967667,7956334
4438,8268958,8258625
4439,8162709,8153375
4440,8388208,8373666
4441,8270875,8258417
4442,8210708,8202208
4443,8952584,8941125
4444,8310583,8299750
4445,8189917,8180292
4446,8256916,8245750
4447,8239000,8228209
4448,8177750,8168834
4449,9071000,9058417
4450,8226000,8214459
4451,8190584,8180959
4452,8316166,8300291
4453,8224917,8214084
4454,8158042,8148875
4455,8897166,8884958
4456,8267584,8255000
4457,8211458,8201125
4458,8308792,8295458
4459,8589666,8576375
4460,8504000,8487459
4461,8068584,8052042
4462,8264625,8252458
4463,8172541,8163125
4464,8292500,8280584
4465,8300625,8289584
4466,8174750,8165250
4467,8920084,8908750
4468,8241250,8230291
4469,8284250,8273458
4470,8395125,8382333
4471,8224916,8214791
4472,8213084,8204500
4473,8085291,8071916
4474,8324167,8314209
4475,8102333,8093542
4476,8262292,8246292
4477,8244375,8232833
4478,9279208,9271042
4479,7869709,7856625
4480,8139958,8130000
4481,8173167,8162792
4482,8169875,8158833
4483,9353083,9344250
4484,8174750,8165833
4485,8121958,8105833
4486,8411250,8398417
4487,8358875,8346542
4488,8713917,8695917
4489,8257958,8246458
4490,8814500,8786375
4491,8465334,8434584
4492,8156041,8122875
4493,7747125,7718417
4494,8705917,8681042
4495,7766333,7741917
4496,8611292,8585834
4497,8598042,8564917
4498,8056791,8018333
4499,8899542,8872500
4500,7668750,7641333
4501,8517583,8497667
4502,8623167,8606417
4503,8529708,8498917
4504,8062167,8029792
4505,7766750,7741375
4506,8675708,8645833
4507,9003792,8971709
4508,8036875,8007417
4509,8552292,8518667
4510,8147625,8113041
4511,7717708,7688083
4512,8739958,8713458
4513,8108542,8069917
4514,8817250,8784417
4515,8673708,8635333
4516,8448792,8395500
4517,9884917,9849917
4518,5450916,5427750
4519,27550917,27508125
4520,8567167,8554417
4521,6505541,6481166
4522,7811625,7790084
4523,8368292,8354834
4524,8211000,8200500
4525,10111542,10099708
4526,6228625,6217208
4527,27890625,27845083
4528,5162625,5144000
4529,28153541,28132666
4530,7429709,7421167
4531,6440916,6426583
4532,27192000,27182250
4533,6028125,6013542
4534,28940334,28893167
4535,6987250,6968208
4536,6433958,6418458
4537,27442125,27397458
4538,5152833,5122792
4539,29084584,29036417
4540,6414166,6368166
4541,7077500,7046000
4542,7679667,7656500
4543,8468750,8443792
4544,8603083,8584208
4545,7560459,7537167
4546,8674208,8651791
4547,8947917,8921542
4548,9845166,9825458
4549,6423667,6397250
4550,8817875,8803750
4551,7478208,7460792
4552,8692417,8669125
4553,8671625,8653500
4554,7375125,7359542
4555,9439292,9418500
4556,9651875,9642166
4557,7023583,6991583
4558,7588000,7566917
4559,8364292,8349292
4560,8502208,8485625
4561,8033583,8016250
4562,8548750,8532625
4563,8295084,8281625
4564,8276958,8265500
4565,8332292,8321000
4566,8242166,8231708
4567,9908500,9897917
4568,7960834,7914917
4569,7082291,7061458
4570,10903292,10891750
4571,6341500,6322167
4572,7538250,7523000
4573,9235750,9215542
4574,8701500,8691708
4575,7292708,7278417
4576,8571167,8559125
4577,9733542,9724125
4578,7261708,7243458
4579,10354917,10344833
4580,6316000,6300458
4581,7717541,7697083
4582,8722542,8696167
4583,8607792,8587792
4584,7464541,7444625
4585,9499625,9474834
4586,7577000,7531125
4587,8930375,8907209
4588,7539292,7519667
4589,8579667,8561458
4590,8654333,8636750
4591,8268333,8251958
4592,8447584,8434709
4593,7153541,7141791
4594,8362959,8348750
4595,8332208,8320875
4596,8165625,8155375
4597,9023167,9011125
4598,8339666,8324000
4599,8207667,8196584
4600,8352583,8339708
4601,8265542,8254792
4602,8168542,8159292
4603,9022500,9007750
4604,8404083,8386208
4605,8225042,8212250
4606,8266041,8251958
4607,8430709,8414334
4608,8171791,8157666
4609,7613667,7603875
4610,8270583,8259250
4611,9423042,9410584
4612,8387167,8373667
4613,8212125,8193416
4614,8231458,8221791
4615,8111417,8098917
4616,8313625,8302291
4617,8331291,8319625
4618,8275917,8264834
4619,8211667,8199375
4620,8204583,8194291
4621,8964542,8952833
4622,8225291,8215541
4623,8190000,8178792
4624,8370125,8356709
4625,8754000,8724375
4626,7870334,7838375
4627,8284458,8262250
4628,8847917,8817375
4629,7467041,7442666
4630,8699584,8667292
4631,8573541,8549041
4632,8515125,8494375
4633,8216834,8187334
4634,8303833,8284666
4635,8511625,8494917
4636,9108458,9075083
4637,8399709,8361000
4638,8362333,8328416
4639,7797667,7761125
4640,8031250,7998791
4641,7826333,7796791
4642,8802500,8779375
4643,8652208,8633125
4644,7277917,7264709
4645,9054750,9040375
4646,8544083,8526875
4647,7284834,7268334
4648,8627875,8609250
4649,8423250,8406958
4650,8270833,8260125
4651,8032917,8016458
4652,8191125,8181875
4653,8261041,8251000
4654,8162000,8151625
4655,9317542,9307750
4656,8185125,8175542
4657,8003042,7990250
4658,8198875,8188833
4659,8873250,8842458
4660,8928291,8902041
4661,7758750,7729167
4662,8481125,8462459
4663,8264667,8240500
4664,8562417,8542875
4665,7784708,7756250
4666,8674292,8646125
4667,8504458,8488083
4668,8308958,8297417
4669,8255209,8234000
4670,8416666,8404666
4671,8228000,8218917
4672,8498834,8485042
4673,7183375,7171625
4674,9324375,9314416
4675,8035375,8020958
4676,8233291,8222291
4677,8172459,8158042
4678,8210833,8200291
4679,8210833,8200458
4680,8448459,8433500
4681,9008416,8995916
4682,8335084,8322500
4683,8293291,8280791
4684,8358042,8344417
4685,8274750,8264958
4686,8484667,8467292
4687,8347041,8329333
4688,8824584,8800167
4689,7687583,7660625
4690,8397958,8382667
4691,8317667,8306875
4692,8245917,8234125
4693,8046416,8029125
4694,8218209,8207750
4695,8196458,8186000
4696,8297875,8287792
4697,8212500,8201292
4698,8196583,8186458
4699,9049292,9037917
4700,8315792,8304500
4701,8226875,8214583
4702,8267958,8256458
4703,8183833,8174042
4704,8289292,8277209
4705,8962125,8950833
4706,8232458,8222667
4707,8190292,8182375
4708,8336000,8324333
4709,8132750,8123708
4710,8152417,8141500
4711,9082625,9067041
4712,7485708,7461791
4713,8556958,8544917
4714,8606542,8587125
4715,8780917,8756125
4716,7763708,7738708
4717,8499083,8467208
4718,8988375,8956375
4719,7918292,7886875
4720,9012417,8977042
4721,7951000,7920500
4722,7795458,7765333
4723,8880958,8839875
4724,8058542,8026000
4725,8730167,8704333
4726,7675375,7643375
4727,8611458,8589625
4728,8581083,8564208
4729,8443792,8415125
4730,7873542,7841000
4731,8752041,8724416
4732,8023542,7987459
4733,8955375,8922625
4734,7845292,7812625
4735,8425041,8393000
4736,7922625,7893542
4737,8938667,8900417
4738,10448417,10393792
4739,8520166,8468166
4740,9467375,9418667
4741,4446250,4409334
4742,27812209,27778084
4743,5670791,5650500
4744,27978750,27940167
4745,5560250,5520709
4746,27535167,27517750
4747,6404625,6386667
4748,7662917,7647167
4749,7438416,7421500
4750,8461417,8444167
4751,9791083,9782208
4752,9966000,9954917
4753,6279500,6259250
4754,7520542,7501875
4755,8520125,8504083
4756,8346208,8333750
4757,8265042,8255334
4758,8393875,8377458
4759,8108333,8094792
4760,8478875,8464459
4761,8170292,8158750
4762,8364042,8350750
4763,8345958,8332833
4764,9831833,9823083
4765,7073292,7055250
4766,8658667,8645708
4767,9581125,9572500
4768,6315916,6303458
4769,9998667,9989125
4770,6236500,6219458
4771,9716167,9690875
4772,7444833,7428250
4773,8341250,8326792
4774,8331417,8314667
4775,8272083,8261000
4776,8159875,8149792
4777,10077375,10066292
4778,7392833,7378083
4779,7200834,7188584
4780,8264958,8254541
4781,8318958,8308917
4782,8962125,8933209
4783,8364417,8343459
4784,8508542,8490208
4785,8549625,8531500
4786,8649750,8632000
4787,7622000,7598833
4788,8630791,8609166
4789,8312292,8289084
4790,8420792,8406583
4791,8502875,8487541
4792,7626083,7603625
4793,8531667,8512125
4794,8674583,8647666
4795,8364167,8334000
4796,8824583,8790250
4797,7572333,7549042
4798,9015167,8982000
4799,7977333,7948750
4800,7662084,7635625
4801,8416500,8394208
4802,8940500,8913750
4803,7653791,7629541
4804,8536584,8513959
4805,8638458,8617625
4806,8483958,8470750
4807,8152084,8130084
4808,8311583,8297166
4809,8527542,8512625
4810,7384000,7365291
4811,8873625,8842875
4812,8498625,8482291
4813,8182166,8162291
4814,8454584,8440375
4815,8382708,8368458
4816,8630750,8610833
4817,7533417,7509125
4818,8556583,8538041
4819,8223875,8203083
4820,8572083,8553958
4821,8535667,8514625
4822,8635625,8617917
4823,7235083,7222625
4824,8332209,8318417
4825,9062666,9050916
4826,8317167,8302417
4827,8418542,8407833
4828,8394958,8381916
4829,8260958,8248250
4830,8528417,8512167
4831,8222250,8204167
4832,8661542,8641000
4833,7784291,7755291
4834,8688709,8664459
4835,8412166,8397375
4836,7228875,7215959
4837,9583792,9550875
4838,7983167,7952167
4839,8457500,8442041
4840,7652166,7628583
4841,8457834,8438125
4842,8821916,8793750
4843,8476625,8449709
4844,7258750,7245250
4845,8224750,8214625
4846,8200667,8187250
4847,9412042,9400250
4848,8205916,8196750
4849,8091834,8078292
4850,8490541,8476458
4851,8186834,8176584
4852,8349125,8332791
4853,8265291,8254250
4854,8246709,8235417
4855,8084791,8066833
4856,8289792,8279125
4857,8293333,8280000
4858,8588000,8568917
4859,8244375,8232500
4860,8237334,8227334
4861,9030125,9019541
4862,8251625,8241666
4863,8215875,8206750
4864,8339375,8323458
4865,8242500,8232666
4866,8185666,8175875
4867,7969584,7956667
4868,8223333,8212083
4869,8167417,8159125
4870,9420833,9402708
4871,8243042,8233250
4872,8188375,8180125
4873,7950750,7940083
4874,8220791,8210541
4875,8188042,8178000
4876,8277583,8267375
4877,9186417,9176917
4878,8152958,8143292
4879,7935167,7922500
4880,8239958,8231583
4881,8157917,8149750
4882,8275167,8264208
4883,9394791,9384041
4884,8186667,8177292
4885,8260167,8243208
4886,8195958,8184333
4887,8198042,8188083
4888,8408750,8394208
4889,8161291,8151625
4890,8221250,8210584
4891,9031042,9017084
4892,8304250,8293833
4893,8196000,8185083
4894,8122792,8110458
4895,8168416,8158666
4896,8215584,8206375
4897,9175041,9161166
4898,7138292,7125792
4899,8489250,8477958
4900,8501083,8489250
4901,8185542,8175875
4902,8117208,8108292
4903,8946292,8935584
4904,8293958,8283292
4905,8181667,8172375
4906,8179292,8164875
4907,8152375,8143000
4908,8154291,8144166
4909,8987209,8976750
4910,8237041,8226875
4911,8133459,8124834
4912,8139541,8130708
4913,8580667,8557875
4914,8642708,8622625
4915,7951292,7937917
4916,8321833,8310500
4917,8182875,8171834
4918,8280959,8267292
4919,8183375,8173166
4920,9375750,9363291
4921,8011208,7997208
4922,8256042,8245042
4923,8201833,8193875
4924,8226458,8216333
4925,8205042,8195584
4926,8194833,8183792
4927,8895542,8882625
4928,8304500,8293583
4929,8263875,8251708
4930,8283000,8271583
4931,8171167,8160542
4932,8148791,8139000
4933,9056792,9043375
4934,8256333,8245542
4935,8189375,8179417
4936,8260084,8249542
4937,8177333,8169000
4938,8082125,8073375
4939,8934417,8922292
4940,8230416,8220666
4941,8207292,8197250
4942,8302250,8289167
4943,8426250,8411417
4944,8417333,8404542
4945,7998042,7983292
4946,8479875,8463083
4947,8253917,8242667
4948,8312625,8299708
4949,8264291,8252750
4950,8763875,8734959
4951,8589750,8556375
4952,8713709,8690584
4953,7720458,7691583
4954,8696500,8674583
4955,8706375,8683542
4956,7926167,7899083
4957,8535583,8504083
4958,7745917,7721750
4959,8991250,8964250
4960,7713166,7683791
4961,8546875,8524875
4962,8719500,8698542
4963,8462459,8433042
4964,7895083,7858250
4965,8753250,8725208
4966,8045542,8011417
4967,8682250,8659416
4968,8166041,8127416
4969,8556417,8529125
4970,8016625,7981542
4971,7729917,7700875
4972,8948958,8913666
4973,7770875,7741875
4974,8796375,8759542
4975,8786208,8745667
4976,7955042,7920292
4977,7758625,7727250
4978,11257667,11214125
4979,8411541,8361375
4980,9631917,9581959
4981,6419250,6399375
4982,25294292,25249458
4983,6816083,6786375
4984,9960542,9947833
4985,6130583,6109583
4986,25893458,25877042
4987,7396875,7382167
4988,7226542,7213500
4989,9079750,9064708
4990,8254250,8242792
4991,8276417,8265042
4992,10294000,10276166
4993,6364375,6347666
4994,8730625,8713208
4995,8744000,8708500
4996,7669333,7645541
4997,9995083,9978167
4998,6641875,6595334
4999,8799625,8779042
5000,7272125,7258125
5001,10791959,10779334
5002,6354375,6344041
5003,27442708,27402291
5004,6313750,6299208
5005,8528917,8504833
5006,7309833,7295791
5007,8471167,8458792
5008,9024250,9015125
5009,8291000,8280708
5010,8167458,8155583
5011,8129667,8113750
5012,8344916,8332500
5013,10026834,10018542
5014,6149083,6134000
5015,28960292,28951750
5016,4803375,4783666
5017,27515041,27472208
5018,8045167,8021542
5019,6039000,6020875
5020,28595292,28581167
5021,5187166,5173458
5022,28042417,27997459
5023,6938583,6923792
5024,6604417,6577500
5025,24535417,24517708
5026,8263750,8245041
5027,8393541,8378291
5028,8445834,8431167
5029,10223208,10214333
5030,6144000,6132625
5031,10712667,10697208
5032,6299416,6284208
5033,27198459,27186625
5034,6201083,6189291
5035,8435083,8412417
5036,8378417,8367667
5037,8204750,8189208
5038,9777542,9765208
5039,7241333,7228291
5040,10632500,10618292
5041,6307042,6270833
5042,7817500,7795958
5043,8321666,8308291
5044,8336042,8320792
5045,8544083,8519167
5046,8415375,8402375
5047,8068834,8052959
5048,8396000,8383333
5049,8196416,8181291
5050,8372834,8356417
5051,8184791,8175000
5052,8216000,8205209
5053,8031500,8017917
5054,8322584,8309750
5055,8183541,8172875
5056,10686709,10676834
5057,6279625,6264500
5058,8609541,8595375
5059,8287750,8274459
5060,8245375,8236709
5061,9932875,9923584
5062,7534209,7513750
5063,7897708,7863333
5064,8651333,8630333
5065,8285959,8256167
5066,7862791,7833875
5067,8478959,8464709
5068,8382541,8368125
5069,8254875,8245042
5070,8366459,8349542
5071,8579000,8555083
5072,8518958,8503958
5073,7245625,7230042
5074,8604542,8587833
5075,8271958,8259375
5076,8224167,8213958
5077,8987125,8973166
5078,8234458,8226833
5079,8104417,8091708
5080,8432666,8418083
5081,8293084,8280750
5082,8174666,8164958
5083,8281292,8261375
5084,8499875,8484167
5085,8180750,8170542
5086,8123458,8108250
5087,8204834,8196750
5088,8129750,8119208
5089,8873541,8863291
5090,8245584,8236959
5091,8152458,8143041
5092,8351625,8339417
5093,8239583,8228375
5094,8155709,8146834
5095,9075125,9060875
5096,8267583,8257833
5097,8187667,8177625
5098,8445583,8425833
5099,8626542,8609667
5100,8369083,8356458
5101,7978875,7967000
5102,8237667,8226875
5103,8121500,8112750
5104,8341625,8327500
5105,8216083,8205291
5106,8204583,8194042
5107,8997209,8986917
5108,8270041,8259125
5109,8196000,8186542
5110,8228000,8217167
5111,8165625,8157084
5112,8170459,8161459
5113,8956083,8945125
5114,8279750,8269458
5115,8021333,8012000
5116,8802292,8776209
5117,8875167,8842333
5118,7785500,7761166
5119,8371875,8348083
5120,8395375,8383291
5121,8223250,8213375
5122,8558750,8541166
5123,8327250,8314041
5124,8173791,8163791
5125,8057917,8044792
5126,8766458,8741167
5127,8492292,8476459
5128,8677250,8657042
5129,7479208,7459500
5130,8613209,8594209
5131,8719708,8688666
5132,7379917,7364833
5133,8512458,8501583
5134,8488542,8473708
5135,8207125,8195125
5136,8198375,8184208
5137,9006875,8995125
5138,8321125,8310625
5139,8191500,8180875
5140,8382666,8368083
5141,8350417,8338625
5142,8286125,8274667
5143,10032083,10023208
5144,6327625,6313834
5145,27647500,27606917
5146,7898709,7888375
5147,7256041,7238708
5148,7260625,7247084
5149,8586084,8565459
5150,8892083,8859708
5151,7526292,7500125
5152,9897958,9880166
5153,7758792,7725667
5154,7942666,7912916
5155,7480875,7458334
5156,9160542,9147042
5157,7300375,7282500
5158,8500250,8484875
5159,9123167,9107958
5160,7461916,7438708
5161,8489625,8474084
5162,8825584,8803500
5163,8333083,8319500
5164,8593125,8572542
5165,8547000,8518500
5166,7586667,7542458
5167,8921458,8898458
5168,7683750,7664542
5169,8787125,8758458
5170,9143167,9109292
5171,7452250,7425833
5172,8839125,8808750
5173,7820833,7794625
5174,8983458,8951042
5175,7927917,7896792
5176,9797333,9768625
5177,6622625,6562834
5178,9206542,9174750
5179,7750292,7724208
5180,7634750,7608833
5181,8590541,8566666
5182,9851250,9823125
5183,7666167,7635917
5184,7895417,7865708
5185,7834708,7802708
5186,9048583,9011042
5187,7832000,7801000
5188,8743000,8714125
5189,8715375,8679584
5190,8087917,8049209
5191,8151333,8114417
5192,7865125,7831459
5193,8673667,8637542
5194,7807750,7772208
5195,8739125,8706000
5196,8972500,8936750
5197,8106167,8075792
5198,7623916,7602458
5199,8477875,8457417
5200,8769000,8736084
5201,8691667,8659459
5202,7298875,7279792
5203,8469042,8455750
5204,8647208,8629916
5205,7390542,7375833
5206,8261250,8249958
5207,9005416,8992958
5208,8303000,8291709
5209,8199042,8188542
5210,8305375,8291833
5211,8282125,8270833
5212,8274417,8263833
5213,8013208,7999833
5214,8246500,8236000
5215,9191583,9182833
5216,8384375,8372417
5217,8197334,8187417
5218,8291458,8279208
5219,8081417,8070083
5220,8316083,8305083
5221,8270667,8258375
5222,8412125,8399083
5223,8243708,8235041
5224,8168042,8158542
5225,9304083,9284500
5226,7218458,7187792
5227,8453167,8442250
5228,8298458,8287458
5229,8192459,8181917
5230,8477458,8455125
5231,9335583,9306625
5232,7675709,7651959
5233,8743625,8712708
5234,8601666,8572125
5235,7749042,7722125
5236,8778917,8745458
5237,8585791,8552875
5238,7827959,7799417
5239,8797833,8766333
5240,7909000,7876500
5241,9027583,8990417
5242,7802709,7769250
5243,8562166,8529166
5244,7993709,7956584
5245,8798375,8768916
5246,7705833,7679750
5247,8505625,8488542
5248,8611208,8592958
5249,8140209,8125209
5250,8397125,8385541
5251,7125333,7112708
5252,9428250,9416708
5253,8359708,8346500
5254,10728959,10693417
5255,5898041,5851166
5256,27346459,27313375
5257,7864833,7837041
5258,6731250,6705750
5259,8748875,8719375
5260,7943625,7911958
5261,7915042,7878000
5262,10150083,10118250
5263,6810958,6780708
5264,7951334,7923500
5265,8461791,8433208
5266,8664584,8639709
5267,7746375,7719875
5268,8624000,8597666
5269,8949541,8916458
5270,7873167,7843667
5271,8705500,8664458
5272,8028333,7997792
5273,7690750,7658750
5274,8368875,8356334
5275,8784459,8758250
5276,8425833,8409916
5277,8309708,8283625
5278,8576542,8564292
5279,7257417,7245875
5280,8571208,8543916
5281,8457667,8443500
5282,8605916,8582583
5283,7948209,7932250
5284,10045625,10034666
5285,9830250,9822541
5286,5380958,5364000
5287,27354792,27306208
5288,6430125,6408375
5289,27735791,27710708
5290,6533584,6495375
5291,7791041,7775458
5292,7274292,7260375
5293,8574292,8560708
5294,8501833,8487666
5295,8274000,8261542
5296,8259042,8247208
5297,8163333,8145291
5298,8297750,8285708
5299,8210875,8201000
5300,8845708,8805625
5301,8276625,8260709
5302,8287750,8272417
5303,8138459,8118209
5304,8320041,8301000
5305,10245709,10234125
5306,6248250,6228750
5307,10004916,9993208
5308,7332542,7318750
5309,7828375,7815125
5310,10112458,10102583
5311,6300625,6273709
5312,8937750,8914209
5313,8422917,8411084
5314,7238708,7223042
5315,10777709,10764084
5316,6255833,6241333
5317,28490208,28444542
5318,5143917,5110042
5319,27063042,27047375
5320,6499750,6483291
5321,8576791,8562750
5322,8739667,8729667
5323,7069667,7038750
5324,8615416,8603125
5325,9717375,9704792
5326,7556084,7537959
5327,8871250,8858375
5328,7386083,7363416
5329,8266500,8248625
5330,8334708,8320792
5331,8291917,8279625
5332,8413000,8401125
5333,8223875,8212583
5334,8285042,8272292
5335,7957583,7943166
5336,8354042,8343333
5337,8304291,8292916
5338,8332834,8320709
5339,10056791,10049041
5340,7364750,7334375
5341,8464625,8444000
5342,7308250,7293750
5343,8627084,8607042
5344,10016458,10005416
5345,7466833,7447375
5346,7372917,7358709
5347,9045042,9030417
5348,8429083,8414458
5349,8186000,8175083
5350,8394417,8380375
5351,8315500,8304125
5352,8243875,8232708
5353,7972625,7957375
5354,8240291,8228375
5355,8305209,8291500
5356,8357875,8344916
5357,8270208,8258875
5358,8142875,8131500
5359,9121792,9106375
5360,8639333,8620041
5361,7671542,7641458
5362,8833708,8805458
5363,8869292,8837542
5364,8238000,8195083
5365,7805250,7766625
5366,8811750,8776500
5367,8066458,8031833
5368,7881583,7849375
5369,8826250,8795542
5370,8107959,8073292
5371,8448000,8417500
5372,8138583,8098208
5373,8968333,8932250
5374,8133375,8101292
5375,7916750,7888709
5376,8465042,8444875
5377,8423083,8393458
5378,7676459,7659875
5379,8415625,8402208
5380,9563833,9513666
5381,10237167,10183625
5382,9524833,9471208
5383,6719708,6676250
5384,8685417,8658667
5385,5232083,5212833
5386,28910125,28862792
5387,5152250,5119000
5388,27264667,27243459
5389,6768167,6743458
5390,7729250,7713375
5391,8349875,8327416
5392,7266708,7249958
5393,8627333,8612958
5394,8371542,8358459
5395,8541667,8519208
5396,9060416,9027000
5397,7401417,7374167
5398,9127125,9097458
5399,7688417,7667625
5400,8874708,8840666
5401,7845292,7816958
5402,8613333,8590000
5403,8891333,8857042
5404,8129459,8086750
5405,7967750,7934291
5406,7929708,7891791
5407,8682625,8657458
5408,8778292,8753750
5409,7565791,7530875
5410,8960209,8924834
5411,7863333,7828083
5412,8794167,8767167
5413,8065875,8031375
5414,7983333,7943333
5415,8767458,8731417
5416,7944875,7909625
5417,9061292,9023334
5418,8035083,8000292
5419,7747792,7718500
5420,8531708,8497125
5421,8822709,8783042
5422,8114541,8074666
5423,7881667,7847709
5424,8720833,8697958
5425,8453084,8438292
5426,7238333,7224625
5427,9187417,9172125
5428,8442375,8427208
5429,8217083,8206458
5430,9780417,9770875
5431,6419291,6390458
5432,8492334,8479709
5433,8093708,8077166
5434,10436375,10427333
5435,6295875,6277667
5436,8781917,8765083
5437,8342000,8331541
5438,8161000,8150208
5439,10097583,10086750
5440,6231542,6219833
5441,27629250,27618833
5442,6267000,6256500
5443,8326208,8305166
5444,8434042,8418542
5445,8218583,8208166
5446,10098875,10089000
5447,6114833,6101208
5448,28842209,28834375
5449,4889041,4866916
5450,27666709,27622959
5451,7388833,7380166
5452,6127458,6114458
5453,29259209,29209667
5454,4175291,4160666
5455,28791125,28781417
5456,5354042,5317125
5457,28257667,28209250
5458,3901916,3885291
5459,29018584,28961250
5460,6950458,6938625
5461,6394875,6378042
5462,27671292,27632500
5463,4998333,4973208
5464,29036167,28990208
5465,5434958,5387375
5466,24796958,24776583
5467,8133417,8116500
5468,8346333,8332333
5469,8284459,8273042
5470,8824000,8791541
5471,7525250,7507291
5472,8239708,8227500
5473,7997167,7983708
5474,8322750,8312250
5475,8247416,8236791
5476,10305917,10296292
5477,7309917,7292833
5478,8528916,8516416
5479,10344875,10335875
5480,6389625,6372709
5481,27044875,27034334
5482,6267334,6253750
5483,10382666,10361541
5484,6824250,6775084
5485,8092875,8064667
5486,7561709,7540959
5487,8501083,8480708
5488,8742042,8711042
5489,8628041,8595208
5490,7787209,7756542
5491,8496375,8481250
5492,7428416,7405708
5493,8569084,8545500
5494,8697250,8675333
5495,8080875,8057041
5496,8393958,8370833
5497,8540417,8523500
5498,10032791,10007166
5499,6458084,6425750
5500,8871166,8854500
5501,8510917,8486209
5502,9247583,9235000
5503,6249209,6231667
5504,10348458,10334875
5505,6303833,6290125
5506,28228209,28218625
5507,8188208,8176000
5508,5185000,5169625
5509,28721292,28679167
5510,5383333,5346958
5511,27169500,27158125
5512,8554208,8543292
5513,5866875,5851875
5514,25740292,25727042
5515,7385083,7369667
5516,8294334,8283375
5517,8025291,8011166
5518,8254917,8245584
5519,8306583,8294083
5520,8891709,8881542
5521,8188166,8177166
5522,8339042,8326875
5523,10413208,10405083
5524,6197334,6186625
5525,27858541,27814125
5526,7433625,7424792
5527,7000792,6975625
5528,7438750,7425083
5529,8279083,8267500
5530,8277334,8264542
5531,8221791,8210958
5532,10107667,10100292
5533,6986292,6972375
5534,8734916,8720166
5535,8338125,8326667
5536,8332125,8318750
5537,8223417,8213375
5538,8223042,8212833
5539,8041208,8027750
5540,8192792,8183750
5541,8032208,8023083
5542,8293167,8282542
5543,8250500,8240875
5544,9700000,9692250
5545,7866500,7852500
5546,8238083,8228333
5547,8194417,8184042
5548,8315916,8304208
5549,8185417,8173584
5550,8236417,8226083
5551,9040166,9028708
5552,8471459,8455750
5553,7116458,7104083
5554,9328917,9316750
5555,8248500,8239958
5556,8210208,8196750
5557,7879083,7866250
5558,8187250,8177542
5559,8447167,8426750
5560,8463792,8449917
5561,8206625,8195708
5562,8207541,8197458
5563,9012667,9001000
5564,8266000,8252000
5565,8194625,8184625
5566,8330458,8314500
5567,8216042,8206125
5568,8264208,8256083
5569,9008209,8994750
5570,8352833,8339250
5571,8196792,8184375
5572,8472541,8458708
5573,8272834,8263167
5574,8670125,8646500
5575,8489958,8461416
5576,7553458,7531042
5577,8456750,8441417
5578,8899792,8869542
5579,7696000,7672667
5580,9007708,8982292
5581,8010500,7992292
5582,7216042,7198250
5583,8389833,8375417
5584,8532375,8515542
5585,8227459,8217209
5586,8488291,8473000
5587,9092042,9079167
5588,8570875,8552917
5589,7592250,7571333
5590,8560875,8541125
5591,8439125,8424458
5592,8242625,8231542
5593,8078875,8065083
5594,8315750,8299667
5595,8185917,8175875
5596,8254041,8243000
5597,8199709,8190250
5598,8182916,8173541
5599,8955584,8942959
5600,8512541,8499708
5601,8229459,8218292
5602,8329000,8318000
5603,8167375,8157666
5604,8512916,8492875
5605,8426792,8398042
5606,8706042,8679083
5607,7680000,7650458
5608,8743083,8717166
5609,9004542,8971833
5610,7876458,7845583
5611,8618042,8581333
5612,7998250,7963583
5613,7756541,7726875
5614,8849417,8819084
5615,8683042,8660458
5616,7587541,7562583
5617,8342250,8316917
5618,8889875,8860584
5619,7636542,7608334
5620,8898417,8863708
5621,7857375,7820583
5622,8635041,8609000
5623,8622834,8586709
5624,7923083,7890166
5625,8588125,8564167
5626,8998083,8963625
5627,7801417,7775000
5628,7910458,7875167
5629,8351292,8319209
5630,9018458,8981958
5631,8200500,8160334
5632,7856000,7823167
5633,8529625,8508375
5634,10806875,10768625
5635,9036417,8982292
5636,9931958,9872125
5637,5104417,5088209
5638,26759500,26726500
5639,4897375,4864125
5640,27279667,27266417
5641,8209000,8199708
5642,6132208,6121125
5643,8754625,8729167
5644,7399000,7373833
5645,8579375,8566583
5646,8390333,8378250
5647,9534250,9525000
5648,7201000,7184250
5649,8312084,8295125
5650,8381708,8368333
5651,8195125,8186167
5652,8288583,8276792
5653,8254584,8241917
5654,8214833,8203666
5655,8042875,8030583
5656,8192125,8175875
5657,8519167,8503000
5658,9510208,9501250
5659,9518625,9510083
5660,6168458,6156958
5661,10268625,10254375
5662,6254500,6242084
5663,27368459,27349667
5664,6305875,6292583
5665,8357583,8339750
5666,8429000,8417792
5667,8219583,8207333
5668,8299250,8288334
5669,8302459,8291209
5670,8203375,8194000
5671,8914500,8903583
5672,8299416,8288041
5673,8213125,8201709
5674,8232875,8221875
5675,10248542,10238875
5676,6069792,6059667
5677,10271541,10260375
5678,6217792,6205834
5679,27311458,27299667
5680,6243667,6231209
5681,8338375,8323625
5682,8402958,8392125
5683,8292042,8282584
5684,8355417,8343375
5685,8240833,8230916
5686,8299625,8288667
5687,9636750,9601375
5688,7417958,7398083
5689,8500792,8482542
5690,8511792,8493958
5691,8304000,8293333
5692,8192625,8181916
5693,8105166,8085250
5694,8277084,8265584
5695,8197708,8184666
5696,10324458,10308833
5697,7604334,7595625
5698,7304916,7291833
5699,8034917,8020709
5700,10397208,10388417
5701,8043792,8034959
5702,7381625,7369000
5703,8644708,8634167
5704,7795584,7753625
5705,7268833,7255375
5706,11928542,11918792
5707,5075958,5063833
5708,29349750,29307500
5709,5118583,5089875
5710,27429917,27419875
5711,6465250,6449958
5712,7513875,7494458
5713,8271417,8244792
5714,8273583,8262250
5715,8221333,8210125
5716,8299292,8284959
5717,8522542,8505542
5718,8437041,8423833
5719,8379459,8353875
5720,7360750,7334750
5721,8415791,8404375
5722,8484917,8472167
5723,8287542,8277417
5724,8256625,8245083
5725,9001291,8988875
5726,8230417,8221209
5727,8197167,8187667
5728,8287625,8275916
5729,8231541,8219750
5730,8245209,8235792
5731,7924250,7912041
5732,8264708,8255625
5733,8235417,8220167
5734,8295833,8284541
5735,9321792,9311917
5736,8239916,8229958
5737,8093500,8076334
5738,8295750,8283750
5739,8142292,8133042
5740,8366167,8351250
5741,8179875,8169875
5742,8196083,8187583
5743,8979292,8969083
5744,8249125,8239791
5745,8166083,8155625
5746,8258458,8247833
5747,8219625,8209917
5748,8222917,8213042
5749,9179375,9160167
5750,8372708,8358292
5751,8179459,8168875
5752,8503541,8488291
5753,8230292,8219709
5754,8145625,8135708
5755,8553375,8524792
5756,8352792,8340917
5757,8236500,8225583
5758,8332791,8319833
5759,8229959,8219500
5760,8164458,8150583
5761,8034500,8020417
5762,8202667,8192292
5763,8173541,8164333
5764,8244959,8233375
5765,9251083,9242708
5766,8407708,8392417
5767,8082917,8064792
5768,8246292,8235833
5769,8027708,8018375
5770,8287458,8271542
5771,8250625,8240584
5772,8174292,8164250
5773,8945833,8933833
5774,8253834,8243125
5775,8181500,8171250
5776,8314500,8302375
5777,8209208,8198708
5778,8724333,8701125
5779,8146875,8128875
5780,8298209,8287084
5781,8167916,8154208
5782,8295792,8285959
5783,8314625,8301875
5784,8502375,8486208
5785,7959917,7947083
5786,9243333,9232250
5787,8317208,8309292
5788,8247834,8237750
5789,8210291,8201041
5790,8164125,8155834
5791,7898209,7886917
5792,8264125,8253708
5793,8260125,8245041
5794,8402375,8389833
5795,8313875,8300875
5796,8187000,8176625
5797,8964958,8952500
5798,8220792,8211708
5799,8148583,8139791
5800,8262208,8251917
5801,8262125,8246750
5802,8203375,8193125
5803,8963209,8952542
5804,8263000,8253000
5805,8200375,8189375
5806,8361208,8345416
5807,8454000,8440875
5808,8164667,8154625
5809,8979750,8967750
5810,8256583,8246625
5811,8197292,8187125
5812,8258458,8246083
5813,8158417,8148042
5814,8185416,8174958
5815,8984167,8973417
5816,8256208,8245542
5817,8158084,8150167
5818,8237416,8226666
5819,8305875,8295292
5820,8228500,8218875
5821,7917792,7906000
5822,8198917,8188167
5823,8182541,8172875
5824,9701709,9678834
5825,7439791,7420000
5826,8229375,8217875
5827,9144167,9129709
5828,8517583,8501333
5829,7240334,7227875
5830,8393000,8379333
5831,8226083,8213541
5832,8835000,8806792
5833,8397333,8370375
5834,8820375,8790875
5835,7790042,7759375
5836,8681125,8657500
5837,8821333,8798958
5838,7664917,7642500
5839,8575667,8543708
5840,8805875,8779291
5841,7718166,7694416
5842,8774000,8749334
5843,7590959,7565959
5844,8444125,8426916
5845,8492666,8461125
5846,8771417,8741542
5847,7819500,7788208
5848,8968750,8935833
5849,7985208,7952667
5850,8615459,8590250
5851,8787291,8747250
5852,7973000,7940917
5853,7844542,7815250
5854,8982667,8943625
5855,8046166,8009000
5856,7774042,7745500
5857,8614833,8575500
5858,8910667,8879959
5859,8047375,8011208
5860,7615875,7592375
5861,10779292,10739833
5862,9500291,9444666
5863,8596667,8545084
5864,6795667,6778583
5865,6679375,6662166
5866,7650500,7622875
5867,8498166,8483458
5868,8408875,8394250
5869,8028750,8014209
5870,8462792,8442834
5871,8253792,8242625
5872,8260833,8248125
5873,8236000,8220875
5874,8070125,8060500
5875,9229625,9210292
5876,8348167,8334833
5877,8228458,8217958
5878,8600542,8580500
5879,7127125,7112708
5880,8799333,8777250
5881,8302917,8285583
5882,8315041,8304666
5883,8233542,8220542
5884,8347000,8327917
5885,8247875,8238708
5886,8149042,8138750
5887,9207833,9193416
5888,8199708,8189292
5889,8147584,8138209
5890,8370375,8357250
5891,10234291,10225083
5892,6326334,6304209
5893,8379875,8364000
5894,8558750,8543291
5895,8305750,8292958
5896,8168375,8157625
5897,8173000,8162416
5898,8309625,8297583
5899,8021333,8008125
5900,8310500,8299208
5901,8165667,8156792
5902,9401250,9389333
5903,8267916,8258875
5904,8155375,8145000
5905,7840167,7827000
5906,8168333,8159333
5907,8206709,8190625
5908,9730833,9708916
5909,7582333,7557875
5910,8272917,8259959
5911,8487708,8457208
5912,8528209,8510917
5913,8383458,8368791
5914,8876375,8849333
5915,7373917,7353375
5916,8225708,8212750
5917,8066417,8049583
5918,8256625,8241375
5919,8195875,8186458
5920,8228333,8211291
5921,9313167,9303833
5922,8331958,8320375
5923,7997458,7985792
5924,8283542,8271875
5925,8247833,8238292
5926,8391167,8378709
5927,8228000,8214875
5928,8163292,8153333
5929,8918791,8906958
5930,8295292,8284000
5931,8196458,8186583
5932,8279042,8268292
5933,8225208,8215125
5934,8182542,8172125
5935,9041708,9028708
5936,8198584,8189209
5937,8169666,8160125
5938,8783292,8757167
5939,7863458,7837583
5940,8636459,8612875
5941,8035875,8019250
5942,8422541,8406791
5943,8773750,8745334
5944,7639584,7617084
5945,8540583,8522666
5946,8409958,8394542
5947,8246584,8229417
5948,8247625,8234541
5949,8291708,8277666
5950,8335292,8322542
5951,8379416,8364083
5952,8059209,8047625
5953,8943791,8931708
5954,8200875,8191209
5955,8225542,8213834
5956,8395542,8383125
5957,8265833,8256958
5958,8205667,8194292
5959,8055250,8039041
5960,8284541,8273458
5961,8188292,8174917
5962,8319500,8307458
5963,8224917,8213667
5964,9283333,9272625
5965,7870042,7855042
5966,8756833,8731458
5967,8761375,8736125
5968,7414375,7392875
5969,8254000,8241292
5970,8516208,8501125
5971,8101084,8086042
5972,8238916,8228583
5973,8234917,8225000
5974,8347792,8331000
5975,8164250,8154875
5976,9300666,9290916
5977,8003625,7985917
5978,8198959,8187667
5979,8163125,8153791
5980,8685458,8660458
5981,8347083,8332708
5982,8263917,8250459
5983,8268458,8252125
5984,8695750,8676959
5985,8222500,8210542
5986,8309625,8299084
5987,8307792,8297000
5988,8366750,8351000
5989,8150583,8134083
5990,8265750,8254417
5991,8199875,8189709
5992,8265709,8252084
5993,8188833,8178083
5994,8687917,8664000
5995,8247125,8226000
5996,8438083,8424208
5997,8257625,8245542
5998,8569458,8553375
5999,8318584,8307750
6000,8233375,8221083
6001,7995000,7981958
6002,8235333,8224958
6003,8157875,8147208
6004,9341125,9329250
6005,8251625,8241125
6006,8135000,8126208
6007,7945833,7933125
6008,8305209,8295125
6009,8169291,8158916
6010,8456792,8442000
6011,8232417,8221958
6012,8170666,8160583
6013,8986959,8972334
6014,8256083,8244250
6015,8178292,8167625
6016,8278083,8267083
6017,8224500,8213833
6018,8179292,8169250
6019,9003958,8988125
6020,8217875,8207792
6021,8182667,8173167
6022,8640333,8619833
6023,8699208,8681167
6024,7234917,7219375
6025,9035833,9020750
6026,8523542,8506000
6027,8278042,8265750
6028,8277041,8264541
6029,8282584,8266167
6030,8177708,8169125
6031,7963500,7951958
6032,8261625,8248208
6033,8196250,8187125
6034,8471958,8458000
6035,8179000,8167875
6036,8187125,8177875
6037,8936709,8925542
6038,8244875,8234708
6039,8639375,8618208
6040,8608958,8589375
6041,8212542,8201250
6042,8283166,8270916
6043,7953000,7941167
6044,8264375,8255167
6045,8173084,8163334
6046,8308000,8295458
6047,8203291,8191916
6048,9167959,9156584
6049,7836583,7824791
6050,8226417,8216708
6051,8190083,8173458
6052,8656208,8633000
6053,8736584,8718750
6054,8427125,8416208
6055,8053500,8037416
6056,8497541,8481625
6057,8206500,8195625
6058,8230750,8220667
6059,8585667,8565125
6060,8441458,8426292
6061,8029042,8014000
6062,8250083,8235583
6063,8317375,8306292
6064,8265709,8252250
6065,8364250,8350708
6066,8260166,8248291
6067,9201875,9184334
6068,7448459,7422000
6069,8517500,8504833
6070,8443958,8430500
6071,8446708,8427500
6072,8883167,8851750
6073,8446417,8411500
6074,7791041,7759125
6075,8636625,8612459
6076,7813875,7787875
6077,8841750,8815375
6078,7843625,7817209
6079,8621917,8586584
6080,9062042,9027042
6081,7612958,7587375
6082,8540167,8521125
6083,7843541,7810375
6084,8833542,8805125
6085,8613125,8576125
6086,7813958,7784875
6087,8897334,8862834
6088,7912000,7881166
6089,8929625,8892125
6090,7935250,7900000
6091,8605083,8569666
6092,7916833,7888292
6093,7934209,7899459
6094,10395208,10343000
6095,10191042,10135083
6096,7550791,7497416
6097,5778917,5734709
6098,28043208,27990875
6099,5654000,5617875
6100,26489292,26439417
6101,8717958,8692833
6102,5453375,5430584
6103,27802334,27790709
6104,7109291,7057750
6105,6675125,6640709
6106,10202459,10174125
6107,6486250,6457000
6108,8587083,8570791
6109,8497667,8475833
6110,7316333,7297208
6111,10215792,10202708
6112,7617791,7600916
6113,7561000,7546834
6114,10250167,10240459
6115,7164833,7146458
6116,7218917,7205375
6117,8188458,8177167
6118,8235875,8219167
6119,9422042,9410125
6120,8329167,8318833
6121,8028125,8015916
6122,8286791,8275333
6123,8327292,8315792
6124,10064000,10051583
6125,6227375,6216042
6126,28808583,28799750
6127,4682917,4665375
6128,29415542,29390208
6129,5324500,5292000
6130,26549125,26520041
6131,5911916,5876083
6132,27573834,27522667
6133,5870000,5834291
6134,27899291,27845416
6135,5853125,5812834
6136,27126542,27091292
6137,5643042,5613417
6138,27717791,27684708
6139,6755667,6711459
6140,8474167,8437125
6141,7881583,7848791
6142,7746167,7713958
6143,8506625,8472250
6144,8101291,8055875
6145,8950167,8917084
6146,7948333,7918125
6147,7903500,7871250
6148,8765917,8733792
6149,8511333,8476792
6150,7915500,7882292
6151,8794750,8765042
6152,7964584,7932917
6153,8661250,8631791
6154,8076250,8043416
6155,8628416,8591500
6156,7924292,7892667
6157,8778083,8742042
6158,7907000,7875917
6159,7829084,7795375
6160,8699041,8673958
6161,8543167,8508917
6162,7852333,7816125
6163,8722167,8692667
6164,8032167,8002000
6165,8768208,8733958
6166,7727792,7700250
6167,8711041,8677583
6168,8855209,8827292
6169,7741458,7711833
6170,8796917,8762833
6171,7950250,7919000
6172,8764833,8735708
6173,8423375,8393958
6174,7724375,7699292
6175,8716833,8688333
6176,7838500,7808917
6177,8800375,8769084
6178,7851959,7823875
6179,8542125,8514041
6180,8824375,8799875
6181,7733625,7698125
6182,8664166,8641291
6183,7766375,7740292
6184,8720042,8693584
6185,8375208,8347167
6186,7831042,7795334
6187,8776833,8746792
6188,8784750,8760584
6189,7868209,7835542
6190,8667208,8640041
6191,8373292,8347167
6192,7741958,7715666
6193,8737458,8709958
6194,7797750,7766292
6195,8934917,8897542
6196,7968917,7942042
6197,8529916,8498916
6198,7957167,7924542
6199,8833792,8799625
6200,7771333,7739333
6201,8882333,8848875
6202,7774750,7743917
6203,8505334,8471875
6204,8827666,8799000
6205,7783875,7756209
6206,8756042,8725834
6207,7989417,7961042
6208,8743291,8718041
6209,8507625,8470084
6210,7854542,7825084
6211,8830708,8794792
6212,7860667,7833792
6213,8827583,8797750
6214,8039250,8004875
6215,8412125,8375959
6216,8028542,7988667
6217,9182625,9142167
6218,8107625,8072583
6219,7996792,7967083
6220,7764000,7740250
6221,8517750,8484083
6222,9148083,9122458
6223,7822708,7797958
6224,7789209,7756167
6225,8847250,8817000
6226,8080583,8042916
6227,8426833,8394417
6228,8929334,8898000
6229,7822000,7791833
6230,8736666,8706458
6231,29670250,29635750
6232,2784792,2754500
6233,26193458,26155292
6234,7808500,7779792
6235,8705834,8674709
6236,7691833,7661208
6237,9011458,8981167
6238,7797250,7762834
6239,8786709,8756750
6240,7914333,7876125
6241,8630667,8599083
6242,7799041,7758500
6243,8755209,8727125
6244,7652541,7624875
6245,8866750,8836084
6246,7735667,7707709
6247,8620500,8584125
6248,8779750,8750833
6249,7772833,7745042
6250,8745417,8714334
6251,7805167,7771333
6252,8805041,8772916
6253,8553292,8518459
6254,7689917,7659792
6255,9005541,8973250
6256,7793417,7762125
6257,8842583,8813667
6258,7814459,7783209
6259,8629916,8596791
6260,8898125,8867709
6261,7792250,7757167
6262,7755500,7727917
6263,8984875,8954625
6264,7839542,7809334
6265,8564750,8535708
6266,8850625,8820125
6267,7701625,7670042
6268,8781792,8752833
6269,7745291,7722666
6270,8896375,8860792
6271,8577375,8546750
6272,7658917,7624750
6273,8874292,8846042
6274,7623375,7599291
6275,8859541,8828916
6276,7709709,7679709
6277,9426833,9397083
6278,7712292,7683250
6279,8869125,8839416
6280,7709833,7681916
6281,8818458,8790625
6282,7812459,7784250
6283,8562875,8532833
6284,7981041,7949083
6285,9195375,9155542
6286,7935042,7899459
6287,8133917,8094125
6288,8828416,8796375
6289,7838667,7799625
6290,9013167,8982083
6291,7789666,7759583
6292,7785792,7758084
6293,9012583,8972500
6294,7880042,7844459
6295,8909083,8861250
6296,7973125,7938125
6297,9055625,9016542
6298,7727792,7691667
6299,8122917,8081250
6300,8914416,8883625
6301,8535459,8497125
6302,7782291,7751416
6303,7705417,7674584
6304,8806292,8780458
6305,8950708,8914666
6306,7819083,7791333
6307,8502500,8475625
6308,8111250,8073167
6309,8853417,8817834
6310,7791292,7758542
6311,8965625,8928708
6312,7779833,7746291
6313,8649708,8621250
6314,8006542,7965542
6315,7756083,7721542
6316,9034084,8999084
6317,7902958,7868791
6318,8947167,8914667
6319,8638958,8605875
6320,7582958,7558625
6321,8640417,8626750
6322,7525833,7503208
6323,8480709,8463125
6324,8233750,8222416
6325,8072458,8060833
6326,8314917,8304000
6327,8245291,8234041
6328,8496209,8481834
6329,8190750,8182166
6330,8393875,8379500
6331,9182000,9167916
6332,7108916,7090541
6333,9637459,9626084
6334,7279458,7265000
6335,8253458,8242417
6336,8266042,8248792
6337,9128792,9113250
6338,8378625,8366625
6339,8198916,8187666
6340,8221375,8210500
6341,8206000,8196167
6342,8192709,8181334
6343,8995166,8978916
6344,9143709,9107917
6345,7724541,7693083
6346,7954500,7913167
6347,8758750,8732125
6348,7195959,7175292
6349,9597750,9568125
6350,7506625,7482875
6351,8503958,8485875
6352,8490000,8467792
6353,8376958,8361083
6354,8357875,8346209
6355,8305542,8290167
6356,8499042,8485833
6357,8614583,8594583
6358,7298958,7282958
6359,8421125,8406417
6360,8291417,8282000
6361,9241583,9223417
6362,7292459,7276750
6363,8519541,8508458
6364,8404459,8391334
6365,8219875,8208791
6366,8216541,8207666
6367,8993334,8983209
6368,8280750,8270250
6369,8174083,8164750
6370,8340208,8327958
6371,8221250,8206125
6372,8207167,8198417
6373,7998333,7983167
6374,8337584,8328417
6375,8154958,8145625
6376,9401042,9390208
6377,8235666,8223666
6378,8209250,8199167
6379,8047917,8034209
6380,8301917,8291708
6381,8217416,8206333
6382,8206500,8190584
6383,8196125,8186417
6384,8143000,8134042
6385,8913084,8900709
6386,8268625,8253916
6387,8168500,8159541
6388,8350416,8338208
6389,8182875,8173542
6390,8181334,8170875
6391,9073958,9062458
6392,8289958,8280250
6393,8146750,8139625
6394,8263000,8248584
6395,8277792,8266167
6396,8153583,8145250
6397,8910667,8899625
6398,8274875,8262458
6399,8160792,8151917
6400,8228708,8217583
6401,8160708,8151458
6402,8638334,8614209
6403,8326125,8301250
6404,8351958,8340208
6405,8568042,8547208
6406,8795541,8765000
6407,7847334,7821584
6408,9023708,8988625
6409,8555125,8518167
6410,7813208,7786292
6411,7741500,7713000
6412,8624125,8600792
6413,8986875,8955750
6414,7829375,7801375
6415,8476834,8446917
6416,8175666,8134416
6417,8685792,8659042
6418,7772583,7740167
6419,8388625,8371625
6420,8298584,8286959
6421,8468375,8439958
6422,8361250,8348083
6423,8483416,8466333
6424,7391000,7373709
6425,8314792,8302959
6426,8684917,8662667
6427,8390500,8364333
6428,8416416,8404208
6429,8855875,8824417
6430,7471875,7449875
6431,8669459,8652125
6432,8426583,8409416
6433,8363208,8337083
6434,8590375,8573459
6435,8303917,8291917
6436,8633000,8611042
6437,7449292,7430583
6438,8254000,8240916
6439,9186375,9169875
6440,7390916,7371041
6441,8676500,8655875
6442,8365917,8349459
6443,8269583,8257375
6444,8189375,8180500
6445,8878250,8868417
6446,8226000,8217125
6447,8211125,8202209
6448,8333792,8321459
6449,8193917,8178333
6450,8288833,8278541
6451,8025708,8008792
6452,8379917,8365959
6453,8195375,8181792
6454,8269583,8258292
6455,8290334,8280125
6456,8322083,8309250
6457,9118833,9102833
6458,8142375,8132459
6459,8669250,8644750
6460,8765125,8741125
6461,7528834,7505417
6462,8266250,8253500
6463,8165250,8151166
6464,8205500,8194500
6465,8165833,8156416
6466,8168375,8157625
6467,9330042,9320458
6468,8269291,8259250
6469,8089875,8075084
6470,8278334,8266125
6471,8183750,8175458
6472,8356083,8337833
6473,8291083,8277750
6474,8334125,8320500
6475,9158625,9145542
6476,7213834,7193334
6477,8620583,8608375
6478,8394083,8381375
6479,8344000,8331959
6480,8218084,8203625
6481,8878458,8865625
6482,8236500,8227375
6483,8178833,8169458
6484,8298959,8282125
6485,8184208,8173666
6486,8205708,8195833
6487,9004667,8993209
6488,8245333,8235333
6489,8268500,8257084
6490,8387459,8374292
6491,8228083,8218000
6492,8137458,8128292
6493,7932792,7916792
6494,8265792,8254542
6495,8152875,8145000
6496,9449041,9436833
6497,8343834,8333584
6498,8248541,8237458
6499,8071542,8058500
6500,8259333,8249792
6501,8199709,8190167
6502,8372625,8359291
6503,8229625,8219708
6504,8193875,8183583
6505,8960458,8950458
6506,8309583,8300542
6507,8154875,8145250
6508,8640334,8614417
6509,8749166,8722500
6510,7556625,7527584
6511,8406875,8376459
6512,8905250,8870584
6513,7992209,7956417
6514,8806916,8774458
6515,7785167,7756417
6516,9030417,8998000
6517,7554333,7518916
6518,8672792,8643125
6519,7741333,7705041
6520,8679417,8653500
6521,8740166,8709958
6522,7927375,7889584
6523,8600750,8569917
6524,9014709,8978459
6525,7790916,7760666
6526,7682375,7657125
6527,8302417,8284209
6528,8878292,8842958
6529,8343666,8312416
6530,7716084,7689334
6531,8723333,8691916
6532,8730167,8703208
6533,7572458,7543666
6534,8693833,8665625
6535,8553875,8516167
6536,7824417,7790375
6537,8564917,8546542
6538,8604875,8582583
6539,7555916,7527958
6540,8759625,8730875
6541,8463000,8424584
6542,8699500,8674000
6543,7857834,7826750
6544,8808500,8776333
6545,7809000,7781541
6546,8798041,8764916
6547,8565792,8532750
6548,7916542,7883292
6549,8872916,8840541
6550,7909459,7874292
6551,7845708,7813500
6552,8705542,8677958
6553,8507791,8471750
6554,7740334,7713209
6555,8881041,8850458
6556,7596500,7575084
6557,8618625,8599375
6558,8337084,8325750
6559,8185416,8168125
6560,8371792,8361000
6561,8243917,8234208
6562,8455916,8438791
6563,8537959,8519167
6564,8340458,8330583
6565,8120917,8105542
6566,8438875,8425083
6567,8223041,8210666
6568,8393667,8381084
6569,8315000,8302542
6570,8227500,8218667
6571,8180917,8166333
6572,8581791,8564125
6573,8314500,8298125
6574,8448709,8435334
6575,8289458,8279000
6576,8285542,8274792
6577,8294166,8270708
6578,8389875,8377250
6579,8220709,8207834
6580,8290583,8276583
6581,8231417,8218042
6582,8342833,8331083
6583,8268125,8243375
6584,9456125,9404208
6585,8160542,8120375
6586,8013416,7970791
6587,8884792,8846292
6588,7925458,7892917
6589,8621417,8584125
6590,8179542,8141417
6591,7935500,7901833
6592,8933000,8900500
6593,7867291,7842833
6594,8686584,8661792
6595,8676000,8645250
6596,7708541,7682333
6597,8635750,8609709
6598,7770792,7744709
6599,8577125,8555708
6600,7699917,7673417
6601,8455041,8422250
6602,8701459,8678417
6603,8645333,8627416
6604,7932333,7897583
6605,8777792,8745334
6606,7765458,7740333
6607,8423584,8392000
6608,8781000,8754583
6609,7650333,7628333
6610,8661583,8638542
6611,8713084,8685709
6612,7839333,7810416
6613,8524375,8496417
6614,8808625,8784958
6615,7882500,7852833
6616,8731000,8705250
6617,7843375,7814708
6618,8573042,8547875
6619,8339875,8314208
6620,7601083,7579791
6621,8294667,8279500
6622,8399458,8378000
6623,8464375,8451375
6624,8256375,8245833
6625,8208625,8188250
6626,8336417,8324875
6627,8327208,8314500
6628,8414917,8399458
6629,8334375,8322416
6630,8159583,8144708
6631,9026875,9010458
6632,8342875,8324458
6633,8225208,8215500
6634,8329834,8319500
6635,8263500,8254208
6636,8243583,8232833
6637,8049083,8037125
6638,8275084,8263125
6639,8291708,8275916
6640,8339333,8322458
6641,8249209,8235042
6642,8234125,8223500
6643,9078208,9063708
6644,8266792,8255708
6645,8206875,8196250
6646,8554666,8532583
6647,8665209,8638084
6648,7894875,7870916
6649,8305500,8284041
6650,8608208,8586666
6651,8685958,8662125
6652,7631792,7610125
6653,8507042,8489333
6654,8287625,8274000
6655,8430583,8400125
6656,8854500,8820500
6657,7723500,7696583
6658,9014625,8978000
6659,8119417,8085667
6660,7913375,7875375
6661,8380166,8354041
6662,8379625,8364167
6663,8357834,8343917
6664,8404458,8389416
6665,7205042,7193125
6666,8225000,8213250
6667,9136083,9122083
6668,8294042,8277792
6669,8202166,8187500
6670,8274250,8262542
6671,8187750,8177792
6672,8277625,8261250
6673,9124167,9107709
6674,8244000,8232292
6675,8070292,8060667
6676,8333583,8321833
6677,8218000,8207917
6678,8184958,8175250
6679,7958667,7943417
6680,8298667,8284750
6681,8155583,8145166
6682,9441250,9428417
6683,8141500,8131667
6684,8175625,8165083
6685,7996208,7981875
6686,8198292,8183125
6687,8161458,8150083
6688,9374000,9363542
6689,8243292,8234375
6690,8207333,8198000
6691,7977209,7962834
6692,8176000,8165875
6693,8168500,8158500
6694,8277500,8266041
6695,8185708,8176333
6696,9291708,9282167
6697,8181959,8164375
6698,8245958,8234208
6699,8296833,8282625
6700,8331084,8316042
6701,8285375,8272458
6702,8179541,8169250
6703,9010292,8998250
6704,8269000,8258000
6705,8199750,8188958
6706,8164083,8152875
6707,8201334,8186500
6708,8219291,8208333
6709,7913000,7901292
6710,8168792,8159250
6711,9292875,9280917
6712,8270458,8259875
6713,8199084,8188375
6714,8161208,8152583
6715,7968667,7957833
6716,8301166,8285416
6717,8162042,8147375
6718,9462917,9451125
6719,8249666,8240208
6720,8199375,8190375
6721,7845417,7832875
6722,8192292,8182500
6723,8174083,8164333
6724,8227750,8214625
6725,9320625,9311500
6726,8163833,8156083
6727,8026292,8013750
6728,8292708,8283333
6729,8198792,8185209
6730,8230583,8217375
6731,8211750,8201584
6732,8178875,8169417
6733,8859375,8848750
6734,8187250,8177250
6735,8148292,8138542
6736,8252833,8241917
6737,9220542,9210792
6738,8242625,8231042
6739,8169333,8147208
6740,8327792,8316959
6741,8172708,8162958
6742,8261875,8246959
6743,8193917,8183959
6744,8186333,8177167
6745,8997334,8987000
6746,8308333,8299958
6747,8161958,8151333
6748,8360792,8348125
6749,8795875,8769625
6750,8255875,8240208
6751,8040208,8024375
6752,8311875,8300375
6753,8222167,8212000
6754,8278458,8268000
6755,8169792,8159709
6756,8130292,8120792
6757,8953583,8941166
6758,8272875,8258333
6759,8171333,8161125
6760,8225125,8215500
6761,8180250,8170917
6762,8160792,8152209
6763,9074417,9059625
6764,8598875,8582750
6765,8225416,8215166
6766,8416042,8401667
6767,8679667,8661292
6768,7722833,7693625
6769,8458917,8429833
6770,8824291,8794750
6771,7795875,7767334
6772,8848042,8816417
6773,7829917,7801958
6774,8913208,8885208
6775,7732500,7697125
6776,8981750,8948083
6777,7697333,7669208
6778,8730292,8704084
6779,8030792,7988500
6780,11008583,10958166
6781,5320250,5293625
6782,27982083,27926792
6783,5703542,5681084
6784,28501833,28446833
6785,4941125,4884125
6786,28086542,28051750
6787,6721375,6694083
6788,7287667,7232042
6789,7850500,7819833
6790,8652916,8631958
6791,7265084,7251417
6792,8172458,8158291
6793,11486917,11478458
6794,8595166,8585250
6795,5183000,5167250
6796,28882917,28846500
6797,7435625,7424500
6798,5304792,5283458
6799,28829000,28777000
6800,7309291,7291916
6801,6270375,6256792
6802,28095709,28047292
6803,7057958,7045250
6804,6280792,6266500
6805,8649916,8625166
6806,7393667,7377959
6807,8493167,8478625
6808,8483208,8466375
6809,8371375,8357417
6810,8267167,8256292
6811,9257833,9247375
6812,7245333,7226750
6813,10359250,10348625
6814,6283417,6269917
6815,28445792,28432833
6816,5949666,5932625
6817,27600667,27590542
6818,5965125,5954625
6819,27507083,27498833
6820,5273625,5257625
6821,28060459,28012042
6822,6836833,6826083
6823,6295792,6276000
6824,8746791,8728625
6825,8360084,8348250
6826,9643833,9635666
6827,7085375,7068208
6828,7132667,7122500
6829,11694708,11686208
6830,6322875,6296625
6831,9719708,9710042
6832,6227334,6215084
6833,8202250,8189625
6834,8260000,8249458
6835,8229958,8220250
6836,10131417,10123125
6837,7248208,7231000
6838,8516375,8505750
6839,10266375,10254833
6840,6362542,6349917
6841,9582000,9574083
6842,6363541,6352166
6843,28968250,28958834
6844,4742542,4723500
6845,27732417,27687667
6846,7488291,7478458
6847,7037292,7018625
6848,7507417,7493458
6849,8245125,8235916
6850,8313583,8300833
6851,8184417,8170833
6852,9573166,9565625
6853,7915625,7900417
6854,8595209,8585167
6855,7228291,7205583
6856,10511584,10503292
6857,6253250,6238791
6858,27344958,27334750
6859,7755333,7745458
6860,7526667,7509542
6861,7086625,7073542
6862,10357208,10348125
6863,6807375,6794125
6864,28665584,28655417
6865,5000500,4988291
6866,28153333,28107625
6867,6993333,6983375
6868,6416292,6393000
6869,28362917,28354875
6870,4841625,4825666
6871,27825500,27779625
6872,7359583,7346541
6873,7029208,7007458
6874,8845834,8833500
6875,7341166,7326500
6876,8314417,8302334
6877,9689125,9680083
6878,7165292,7154375
6879,9406291,9391500
6880,7376792,7352334
6881,8562667,8549708
6882,7255291,7240416
6883,8249209,8239084
6884,8251750,8239708
6885,9062750,9052666
6886,9868625,9859291
6887,6051500,6040958
6888,29440375,29401166
6889,4087000,4075333
6890,29045291,29036500
6891,6868542,6857542
6892,6347792,6334875
6893,8353916,8338375
6894,8291875,8279750
6895,8156209,8146334
6896,9899583,9890583
6897,7224208,7211958
6898,10563667,10555167
6899,5936208,5917708
6900,27035459,27020500
6901,6353583,6342416
6902,28123250,28082167
6903,5144583,5118667
6904,27630584,27615542
