frame,interval_ns,run_tick_wall_ns
0,8717334,8689000
1,8434833,8421833
2,7278708,7265292
3,8709542,8689334
4,8524500,8511167
5,8381875,8357917
6,8359583,8341417
7,8400792,8384459
8,8618708,8599458
9,8571792,8556375
10,7326208,7308250
11,8907084,8872167
12,8713833,8697666
13,7361125,7344792
14,8334042,8317375
15,8590333,8569458
16,8366667,8351458
17,8474000,8450500
18,8424583,8409333
19,8329625,8317375
20,8351875,8339167
21,8528458,8514208
22,8349875,8333709
23,8077500,8059042
24,8486292,8464375
25,8521167,8503917
26,8367250,8344500
27,7596500,7579750
28,8411083,8395750
29,8330708,8314167
30,8331875,8319292
31,8341750,8328834
32,8276834,8265917
33,8749958,8731833
34,8401000,8387708
35,8739750,8711500
36,7435333,7418500
37,8626084,8602250
38,8926250,8898000
39,7885291,7859500
40,9028042,8989042
41,8133542,8092958
42,8022708,7990625
43,9071000,9034792
44,8103500,8061958
45,8158167,8114875
46,8195666,8161500
47,8796084,8763625
48,8046541,8011041
49,8005000,7972334
50,8776917,8756292
51,8108042,8076333
52,7940208,7910041
53,8743042,8712667
54,8176791,8139291
55,8088334,8054084
56,9014125,8978833
57,8288333,8245666
58,8078083,8043333
59,9157250,9113334
60,8163042,8125250
61,8146833,8111625
62,7929875,7891667
63,8160000,8118334
64,8047584,8017000
65,9162541,9123333
66,8070750,8037084
67,7603625,7578250
68,8509709,8491125
69,8935291,8915458
70,7524709,7502000
71,8498000,8477458
72,8573416,8558000
73,8341042,8326792
74,7338167,7314417
75,8729458,8712208
76,8358542,8345042
77,8268791,8252250
78,8511375,8493750
79,8293167,8278584
80,8423167,8406417
81,8622541,8604958
82,8559625,8546459
83,8462750,8445625
84,7330500,7311792
85,8679167,8659375
86,8516000,8500500
87,8739250,8715208
88,7873708,7843500
89,8676584,8651959
90,7747458,7722000
91,8870125,8845958
92,7587208,7565417
93,8781834,8753250
94,8972958,8948666
95,8587208,8564708
96,8102625,8065709
97,7642542,7621334
98,8641458,8622417
99,8047834,8016167
100,8985416,8960250
101,7592709,7567375
102,8735333,8719208
103,7421958,7403500
104,8485375,8470625
105,8553459,8540375
106,8459583,8444666
107,8290542,8276167
108,8425708,8414000
109,8523500,8508292
110,8413083,8400000
111,8478375,8464375
112,7453500,7434084
113,9703417,9671292
114,8077000,8044667
115,7925708,7893333
116,8887500,8857125
117,8141250,8104334
118,7930917,7904334
119,9013833,8977875
120,7962834,7929834
121,7833916,7805625
122,8906709,8875667
123,8039583,8002250
124,8962083,8931958
125,7923459,7885875
126,8222666,8179750
127,7997292,7967375
128,9112000,9070292
129,7905458,7870833
130,8067292,8030000
131,8720458,8684208
132,7610542,7584792
133,8694750,8674292
134,8627750,8612375
135,7824500,7794083
136,8542125,8527417
137,8515708,8496333
138,7515292,7495250
139,8450833,8437250
140,8468250,8453375
141,8703375,8685417
142,8753125,8734709
143,8433000,8416709
144,7490459,7469542
145,8482333,8466708
146,8553917,8535667
147,8641125,8626916
148,7313083,7293333
149,9438208,9419042
150,7720334,7694417
151,8728250,8701583
152,7751083,7719833
153,8942333,8905750
154,7832834,7801875
155,8417625,8387708
156,8804291,8780916
157,7840209,7806125
158,9006875,8968333
159,7863625,7832750
160,8589458,8568666
161,8698125,8659292
162,7936375,7904375
163,8159083,8117708
164,8935542,8908334
165,7943667,7912333
166,7822750,7791708
167,8640041,8615958
168,8895084,8871375
169,7816208,7786791
170,8482708,8469208
171,7757792,7731875
172,8498042,8481667
173,8446541,8426791
174,8623917,8603584
175,7394250,7377583
176,8855208,8834917
177,8719334,8701375
178,8333125,8320291
179,8575791,8556708
180,7455292,7437459
181,8552083,8531833
182,8495334,8477875
183,8746291,8729916
184,7382792,7364625
185,9390667,9375167
186,7471708,7451375
187,8459833,8445375
188,8460500,8448584
189,8664167,8644750
190,7373833,7355458
191,9388542,9371750
192,7344042,7323583
193,8799125,8783916
194,8631625,8614791
195,8802541,8782541
196,7662959,7641375
197,8475125,8456416
198,8543833,8529875
199,7384375,7365833
200,8610458,8587792
201,8770209,8750792
202,8516833,8503000
203,8403292,8383000
204,8564250,8546375
205,7228208,7213625
206,8641125,8621625
207,8571958,8557292
208,8543209,8531000
209,8383500,8367208
210,7469875,7449416
211,8386583,8372541
212,8533958,8518917
213,8570459,8556542
214,8363041,8348791
215,8491417,8463042
216,8928083,8900958
217,7797209,7770459
218,8503125,8487416
219,7585708,7563625
220,8664042,8642375
221,8308166,8290916
222,8586000,8572917
223,8485917,8472625
224,7344583,7326583
225,8657167,8639792
226,8791208,8774167
227,8388542,8370709
228,8863792,8841500
229,7495958,7476416
230,8458792,8446125
231,8749458,8731291
232,7381042,7364292
233,9310250,9293875
234,7365875,7343916
235,8660500,8644125
236,8419000,8407250
237,8526333,8510333
238,8550708,8531583
239,8256625,8242709
240,8680709,8665709
241,7439916,7423458
242,8367625,8352834
243,8580917,8565000
244,8526250,8513667
245,8467333,8449917
246,8524042,8509209
247,7443875,7425042
248,8606083,8586292
249,8932292,8913000
250,7546917,7528708
251,8612416,8583708
252,9173625,9141334
253,8169500,8134000
254,8194125,8157459
255,8037959,8004417
256,8813458,8772291
257,8513750,8485083
258,7565125,7543917
259,8491917,8475500
260,8602958,8585666
261,7716792,7693292
262,8790291,8763708
263,8379209,8359959
264,7422791,7402583
265,8518750,8504917
266,8394959,8378500
267,8808375,8785416
268,8730625,8710875
269,8595916,8578708
270,7463042,7443792
271,8366417,8355458
272,8342625,8327041
273,8893000,8869750
274,7500291,7479958
275,8542709,8517792
276,8503791,8486375
277,8353042,8339750
278,9029375,8997458
279,7969875,7936625
280,8042167,8005500
281,8916708,8882166
282,8048917,8018792
283,8024333,7989916
284,9175000,9133375
285,7935875,7903625
286,8215917,8178833
287,9058708,9026666
288,7941875,7910583
289,7821458,7792208
290,7790625,7767334
291,9128917,9095667
292,7936000,7904250
293,8748792,8717708
294,8081333,8045916
295,8047917,8015417
296,8933916,8899833
297,8074334,8038459
298,7972541,7940625
299,9039334,8999209
300,8252541,8218166
301,8403709,8365375
302,8005083,7972208
303,8187792,8153542
304,9117833,9085208
305,8222208,8181208
306,8062167,8031959
307,7553625,7536333
308,8676292,8660333
309,8670541,8655000
310,7367417,7353334
311,8421583,8404500
312,8440792,8427834
313,8859667,8830833
314,7623375,7602000
315,8728291,8708583
316,8676709,8661084
317,8343375,8327625
318,7425583,7406583
319,8607750,8591458
320,8415583,8401708
321,8613500,8599209
322,8751584,8727125
323,8631375,8609166
324,7474125,7453541
325,8364500,8349958
326,8470833,8455875
327,8725750,8700042
328,7474542,7455542
329,8394125,8374375
330,8541583,8527583
331,8395167,8381708
332,8297666,8285291
333,8825334,8805917
334,7318333,7304416
335,9336542,9318292
336,7461041,7441208
337,8937250,8915334
338,8584417,8571959
339,7636125,7611375
340,8533458,8517458
341,8345417,8325667
342,8596708,8581375
343,8343750,8331667
344,8312834,8299500
345,8597958,8574416
346,7252167,7235667
347,8819708,8801000
348,8644125,8627667
349,8231667,8215000
350,8379583,8362333
351,8385208,8370917
352,8570167,8553625
353,8363292,8346125
354,7353750,7337500
355,8415166,8401875
356,8360500,8348459
357,8670042,8648750
358,8281417,8271125
359,8180708,8162958
360,8536708,8522125
361,8304792,8287792
362,8334125,8321667
363,8426250,8411083
364,8395750,8385042
365,8345500,8323625
366,8455833,8442375
367,8410042,8391084
368,8392042,8378667
369,8468541,8454833
370,7230667,7210375
371,9452792,9435500
372,7417625,7396083
373,8432208,8420208
374,8348792,8335333
375,8766333,8746708
376,8586625,8572292
377,8443083,8424500
378,7388750,7372917
379,8491584,8477292
380,8991375,8967750
381,7697041,7674083
382,8576334,8561042
383,8373375,8354041
384,8557166,8542583
385,8407959,8395792
386,8384791,8367166
387,10132917,10091792
388,9879625,9818583
389,8893875,8814792
390,4403667,4380375
391,8935083,8915958
392,7515875,7496583
393,8544292,8527500
394,8467416,8453583
395,9692959,9663084
396,6378333,6360500
397,8869167,8850292
398,7434666,7420041
399,8504125,8488584
400,8427584,8413625
401,8205333,8189833
402,8388208,8375042
403,9829209,9818334
404,7329875,7313541
405,10515666,10501416
406,6648209,6619834
407,7674500,7653541
408,8662291,8645916
409,9476167,9459875
410,6249250,6234833
411,10360333,10344167
412,7518667,7500292
413,10495583,10479333
414,5260375,5239875
415,8772792,8757792
416,8670750,8654750
417,7380542,7364167
418,8373208,8359583
419,8569833,8550042
420,8805834,8785667
421,8352041,8336958
422,8319292,8303625
423,8471333,8457750
424,9538667,9529542
425,7403625,7382167
426,7227708,7211500
427,8526500,8511334
428,8352375,8335417
429,8635917,8619542
430,8386417,8375333
431,8199625,8185333
432,10490083,10479541
433,6232833,6216792
434,10294625,10281375
435,6591792,6577625
436,8712125,8697208
437,8301958,8286958
438,7529209,7508250
439,8381458,8367333
440,8381667,8367083
441,8645541,8630375
442,9776209,9766375
443,8599125,8588291
444,6333500,6319666
445,8712958,8699125
446,8402792,8389042
447,7457500,7441000
448,10492833,10482291
449,7368125,7347083
450,7327208,7309583
451,8368125,8356000
452,8383875,8370209
453,8688417,8673209
454,8458708,8444833
455,8338084,8321334
456,10321166,10309000
457,7587459,7579417
458,6313458,6295833
459,9303292,9278083
460,7519708,7501208
461,8381000,8359333
462,9777167,9763500
463,7324291,7308041
464,8460667,8446209
465,9620417,9603458
466,6280208,6264750
467,12100125,12085583
468,5170083,5151000
469,8947084,8910542
470,7473083,7452791
471,8578250,8565708
472,8463958,8450375
473,8231625,8216875
474,8340167,8325042
475,8376042,8364917
476,8361958,8347375
477,8491292,8480292
478,7219875,7204791
479,9297083,9281666
480,8518125,8503167
481,7200250,7186250
482,9811875,9799042
483,7530375,7510917
484,10465417,10450292
485,6045916,6024041
486,8825625,8808667
487,8549792,8535875
488,7378125,7361750
489,8790250,8772000
490,8358833,8346625
491,8365417,8346000
492,8606625,8588625
493,8834875,8810042
494,7493417,7472333
495,8884291,8856750
496,7644250,7618000
497,8670750,8647750
498,8418000,8403834
499,8321750,8305667
500,8420042,8406542
501,7590875,7570417
502,8382792,8370917
503,8292333,8273291
504,8487125,8474542
505,8312167,8300542
506,8376500,8361958
507,8576291,8561166
508,8304500,8292584
509,8205500,8188667
510,8468167,8455417
511,8363083,8351000
512,8335500,8324917
513,8732709,8711459
514,7481083,7459625
515,8434750,8416083
516,8380292,8363125
517,8889083,8859458
518,9125542,9094625
519,7906166,7870375
520,7942917,7911042
521,8909667,8866833
522,8121250,8078291
523,8125291,8086250
524,8111250,8071834
525,9081417,9049375
526,8260000,8222000
527,7632333,7600333
528,9047125,9020417
529,7931125,7900750
530,7651250,7624750
531,8911417,8881459
532,8214083,8174375
533,9205875,9163209
534,7933542,7900500
535,8039958,8003125
536,8015167,7981834
537,9074833,9036167
538,8115917,8076000
539,7847125,7809542
540,9154792,9117500
541,7909666,7872666
542,8182542,8145334
543,8071333,8037167
544,8942959,8910667
545,7793208,7763083
546,8550583,8533833
547,7666084,7641959
548,8622333,8603208
549,9047667,9022792
550,7363708,7346166
551,8331917,8316167
552,8643166,8626916
553,8344459,8332500
554,8297750,8286666
555,8615250,8594125
556,7454083,7433708
557,9203500,9189417
558,7405917,7385833
559,8357708,8344583
560,8849583,8825708
561,8516667,8500750
562,8519625,8505167
563,8868458,8841750
564,7641500,7615834
565,8492167,8475125
566,7281625,7261917
567,8629917,8610583
568,8700750,8685125
569,8431125,8414166
570,8623500,8607000
571,7250041,7233750
572,9442167,9427250
573,7597792,7576500
574,8485250,8469750
575,8544500,8523375
576,8617416,8601583
577,8476834,8461334
578,7331500,7310333
579,8591750,8576291
580,8530333,8517083
581,8534458,8505833
582,8999500,8966417
583,7980417,7948084
584,7732583,7710792
585,8654875,8637000
586,8423167,8405542
587,8519042,8497000
588,7341708,7324166
589,8732083,8713875
590,8354042,8338792
591,8609667,8590125
592,8306041,8294125
593,8432625,8412375
594,8620209,8602875
595,7418041,7400875
596,8440375,8425917
597,8660709,8645625
598,8349375,8336583
599,8284083,8265250
600,8443208,8432375
601,8385084,8370792
602,8537500,8522833
603,8579500,8560833
604,7259250,7245500
605,9212750,9196208
606,8457708,8444416
607,7322292,7307458
608,8298583,8287125
609,8551458,8535125
610,8528750,8510709
611,8461250,8438709
612,8528209,8514125
613,8454583,8438916
614,8371000,8359917
615,8617583,8603708
616,7245375,7232375
617,9194792,9178584
618,7339208,7320292
619,8287834,8276125
620,8202625,8191333
621,8719875,8701458
622,8408250,8396750
623,8265625,8246416
624,8516833,8502083
625,8415708,8403667
626,8378500,8366584
627,8430125,8416542
628,8462084,8448500
629,8114291,8099416
630,8568500,8552667
631,8344209,8331292
632,8413166,8401041
633,8656000,8640959
634,7251834,7235625
635,9424000,9405583
636,7306708,7287708
637,8702500,8688708
638,8402458,8391000
639,8831459,8807834
640,7535916,7518708
641,8649250,8626500
642,8357667,8344792
643,8506417,8487083
644,8409083,8394458
645,8642667,8624542
646,7228833,7213625
647,9266125,9251000
648,7308542,7289208
649,8686958,8671750
650,8458125,8441792
651,8689667,8676750
652,8507666,8495666
653,8226709,8210959
654,8338666,8325500
655,8298125,8287250
656,8311500,8300792
657,8520792,8504500
658,7348500,7327958
659,9175083,9159458
660,8522542,8509250
661,7792458,7767542
662,8580209,8560334
663,8805041,8783333
664,7536042,7509209
665,8604958,8578792
666,8592375,8576125
667,7651959,7631667
668,8526958,8512416
669,9198125,9172042
670,7850792,7826167
671,8318000,8301500
672,8595916,8582916
673,7297417,7282417
674,8333833,8322208
675,8501084,8488125
676,8552291,8537125
677,8442334,8422584
678,8460333,8448166
679,8328625,8316542
680,8445792,8431125
681,8558625,8544666
682,7400541,7383458
683,9375459,9359417
684,7301208,7285666
685,8777042,8762083
686,8379708,8368250
687,8583125,8567333
688,8415708,8402167
689,8299792,8278792
690,8302708,8285792
691,8327792,8316084
692,8293750,8281583
693,8407917,8395250
694,8426041,8409541
695,8308042,8293959
696,7344292,7325792
697,8357333,8340583
698,8306250,8296000
699,8542708,8529083
700,8409750,8398125
701,9021500,9006250
702,7255417,7240709
703,8624750,8610125
704,8441958,8428500
705,8476250,8460209
706,8439167,8427042
707,8275833,8258750
708,8649709,8636709
709,8305083,8292416
710,8342292,8329625
711,8586625,8570666
712,7575166,7551208
713,8516834,8493542
714,8590750,8574125
715,8586958,8570166
716,7647000,7625958
717,8761417,8740750
718,8797208,8779125
719,8582750,8563000
720,7494125,7473833
721,8556250,8539042
722,8706875,8688833
723,7654625,7631792
724,8756167,8733042
725,8625708,8601000
726,7755833,7731417
727,8944334,8920542
728,7552875,7532583
729,8732416,8712125
730,8878167,8855334
731,7807042,7776292
732,8964000,8936416
733,8163875,8126416
734,7954208,7926708
735,7908167,7881417
736,8920833,8895791
737,8550125,8522167
738,7841042,7813292
739,8878666,8856541
740,7652292,7628750
741,8633750,8612458
742,8457875,8441042
743,8314542,8297750
744,7233791,7215958
745,8925167,8907334
746,8652917,8636458
747,7613583,7590416
748,8462833,8449458
749,8302375,8283792
750,8439625,8425000
751,8269250,8256334
752,8312584,8300042
753,8867208,8847208
754,8514417,8500042
755,8289333,8270916
756,7539917,7512583
757,8965750,8934916
758,8940875,8912000
759,7887625,7859791
760,7759458,7732333
761,8828333,8792625
762,8150709,8113334
763,9186166,9145250
764,7865542,7833959
765,8214958,8169458
766,8010959,7980542
767,8681333,8654958
768,8006917,7971792
769,8959916,8934333
770,7842959,7811917
771,9013833,8979583
772,7973708,7942208
773,8880334,8838709
774,8185041,8147666
775,8137417,8098000
776,8015833,7983917
777,8128167,8090625
778,8982375,8955625
779,7881417,7849917
780,7917541,7887291
781,9251667,9211625
782,8259417,8218458
783,8093375,8057250
784,8189416,8150458
785,8927584,8890542
786,7592208,7562583
787,7459250,7439500
788,8439125,8420083
789,8592750,8576583
790,8486500,8472958
791,8483833,8466958
792,8689500,8669417
793,7317500,7300417
794,8454625,8442375
795,8679875,8661334
796,8768334,8746917
797,8597333,8567541
798,7734750,7705042
799,8639750,8621417
800,8565000,8546792
801,7723167,7692833
802,8653083,8630875
803,8821875,8791750
804,7504875,7482083
805,8324792,8310458
806,8432500,8420916
807,8573416,8554958
808,8349042,8337042
809,8227833,8212083
810,8409959,8395917
811,8175958,8163708
812,8413583,8402167
813,8459459,8445042
814,8446833,8430791
815,8360500,8340458
816,7185667,7171750
817,9317750,9301916
818,8622958,8603833
819,7501583,7486292
820,8667875,8649250
821,8470792,8450542
822,8366333,8353750
823,8354750,8342292
824,8250209,8237292
825,8454958,8437500
826,7411708,7393417
827,9356917,9338209
828,7290375,7273667
829,8935125,8911625
830,8453125,8440833
831,8494292,8478000
832,8331708,8319125
833,8310792,8292417
834,8397583,8382625
835,8286542,8276375
836,8297791,8286083
837,8542667,8528459
838,7353708,7333625
839,9279167,9266250
840,7987500,7952208
841,8532208,8516375
842,8712459,8696292
843,7513250,7494666
844,8494041,8479500
845,8217667,8198250
846,8300542,8289292
847,8319958,8306458
848,8443042,8428042
849,8630166,8614416
850,8457459,8444709
851,8559083,8534875
852,7415542,7397333
853,8465708,8448041
854,8410792,8373375
855,8654208,8622500
856,8541792,8524083
857,8294791,8276208
858,7330250,7315250
859,8353167,8339625
860,8436667,8425000
861,8491250,8472666
862,8436583,8419875
863,8404417,8387500
864,8463083,8450375
865,8413792,8399125
866,8334583,8323041
867,8763625,8740125
868,7418208,7397875
869,9445917,9425625
870,7422167,7401750
871,8410791,8395708
872,8348375,8334167
873,8475084,8456542
874,8354166,8342208
875,8362167,8347209
876,8462917,8449333
877,8326625,8314666
878,8357666,8338458
879,8509459,8495792
880,7369125,7351375
881,9213291,9198666
882,8501167,8488375
883,7354750,7338333
884,8385083,8370792
885,8584417,8567042
886,8423750,8405917
887,8494417,8476375
888,8596083,8578583
889,8424292,8407458
890,7247500,7229500
891,8434666,8418875
892,8822584,8797625
893,8500083,8477500
894,8372917,8355833
895,8381625,8368833
896,8436333,8422833
897,8561083,8546917
898,7294334,7272625
899,9357625,9341750
900,7356125,7333583
901,8765166,8750791
902,8471792,8456375
903,8485750,8472792
904,8417667,8402917
905,8329833,8314541
906,8517917,8505208
907,7297791,7280083
908,8314875,8302542
909,8671042,8650167
910,8315500,8301583
911,8331750,8315875
912,8543375,8528292
913,8346750,8334250
914,8313667,8302375
915,8460000,8444666
916,8400708,8387041
917,8134583,8121917
918,8417500,8402084
919,8327917,8310500
920,8479083,8465750
921,8624959,8605750
922,7331750,7309625
923,9435500,9420625
924,7250083,7229916
925,8768250,8751375
926,8540458,8522375
927,8485542,8472292
928,8348542,8336125
929,8162125,8145833
930,8493000,8480333
931,8275541,8263750
932,8356209,8342584
933,8501500,8486250
934,7277375,7261250
935,9383458,9360250
936,7581208,7556833
937,8369250,8351625
938,8323625,8312709
939,8507917,8494125
940,8295500,8284042
941,8150208,8133542
942,8223000,8209709
943,8285417,8274584
944,8232292,8218083
945,8730208,8713666
946,8332917,8320625
947,8283375,8267500
948,8646041,8631750
949,8549625,8532709
950,8374875,8363042
951,8725834,8706417
952,7341125,7322958
953,8490041,8471208
954,8454542,8437625
955,8341458,8323625
956,8386542,8373125
957,8551083,8536708
958,8350417,8338084
959,8319125,8296833
960,8627750,8611375
961,7332375,7316083
962,8382958,8370042
963,8785667,8757250
964,8791917,8764417
965,8341958,8323125
966,7486083,7467000
967,8332334,8315917
968,8394458,8382666
969,8469667,8455292
970,8513791,8495333
971,8306209,8290084
972,11059750,11016250
973,5154458,5136166
974,10423208,10411458
975,6689209,6652834
976,8764333,8749583
977,8522667,8499458
978,7446666,7428458
979,8435959,8420042
980,8481791,8464333
981,8757750,8742084
982,7287250,7269000
983,9312000,9295542
984,10440709,10429375
985,6298916,6285208
986,7801292,7778792
987,8683208,8663792
988,8500250,8483584
989,8223334,8208625
990,8328458,8316083
991,8276458,8266625
992,8333250,8321792
993,8651042,8630625
994,9574542,9564458
995,7416500,7392958
996,7820041,7792583
997,7949750,7912917
998,8968042,8938375
999,8122958,8081958
1000,7946209,7914834
1001,9031125,8991916
1002,7919916,7890750
1003,9186542,9151167
1004,8141458,8098375
1005,7973000,7939917
1006,7939000,7912084
1007,8867292,8834000
1008,8085250,8048458
1009,8020958,7988417
1010,8871167,8843167
1011,7976708,7944833
1012,8252292,8211792
1013,8864792,8830583
1014,8115666,8077750
1015,7937542,7905709
1016,9158583,9121250
1017,8066167,8028750
1018,8091833,8054792
1019,8838417,8803750
1020,8237583,8201792
1021,8092792,8055292
1022,7873417,7844792
1023,9203833,9165208
1024,8026875,7993958
1025,7748208,7713292
1026,8658167,8639667
1027,7447083,7425958
1028,8438500,8423125
1029,8520250,8502625
1030,8526250,8512709
1031,8566542,8542667
1032,8526125,8512000
1033,7362625,7346625
1034,8429083,8413250
1035,8535750,8519209
1036,8421417,8406709
1037,8201042,8182333
1038,8463500,8449458
1039,8429166,8417708
1040,8313750,8300250
1041,8534167,8516875
1042,8433292,8420750
1043,8183708,8165375
1044,8490500,8475167
1045,8229250,8217500
1046,8343167,8330917
1047,8438000,8418541
1048,8415666,8403791
1049,8319709,8302125
1050,7396500,7381083
1051,8378083,8364291
1052,8358000,8345375
1053,8646333,8626708
1054,8523500,8510542
1055,8280125,8261667
1056,8600584,8586834
1057,8408958,8397250
1058,8418667,8403500
1059,7455416,7444000
1060,8448875,8437417
1061,9196000,9181500
1062,7314542,7295584
1063,8446625,8433583
1064,8274708,8260750
1065,8574959,8557792
1066,8510000,8496666
1067,8316583,8293791
1068,8381417,8365833
1069,8448916,8435791
1070,8382834,8367209
1071,8596333,8576875
1072,7345208,7330750
1073,9210375,9195292
1074,8422292,8411125
1075,7279333,7263125
1076,8270375,8260125
1077,8574750,8560417
1078,8294917,8282417
1079,9278208,9259833
1080,7504209,7484375
1081,8337708,8325833
1082,8380375,8364292
1083,8633833,8616292
1084,8406292,8392417
1085,8196417,8183375
1086,8356250,8344916
1087,8515875,8499958
1088,8452416,8441625
1089,8393875,8374000
1090,8395042,8384459
1091,8255917,8242292
1092,8501458,8488250
1093,8666958,8646083
1094,7564250,7546417
1095,8670084,8651417
1096,8706666,8691250
1097,8370750,8350209
1098,7312292,7295542
1099,8513333,8498875
1100,8344334,8332334
1101,8758166,8742083
1102,8371000,8357875
1103,8265625,8250334
1104,8550084,8536917
1105,7312083,7296125
1106,8545417,8531417
1107,8437500,8425041
1108,8433333,8417208
1109,8529333,8507750
1110,8502125,8488667
1111,8304042,8292709
1112,8402625,8391250
1113,8399833,8382958
1114,7266417,7249042
1115,9340083,9323917
1116,8482417,8468959
1117,7234167,7218250
1118,8492083,8480458
1119,8554583,8536250
1120,8551250,8537000
1121,8251500,8234334
1122,8386000,8373500
1123,8425959,8411459
1124,8459666,8446458
1125,8493042,8474625
1126,8338417,8325083
1127,8418416,8396791
1128,7359417,7340542
1129,8376292,8363000
1130,8288416,8276791
1131,8470625,8452625
1132,8492500,8481917
1133,8221084,8204584
1134,8427958,8412875
1135,8278208,8262042
1136,8288584,8277959
1137,8644125,8629541
1138,8339958,8326208
1139,8143667,8127625
1140,8403583,8391083
1141,8369833,8358000
1142,8473000,8459375
1143,8494917,8477500
1144,8440167,8424333
1145,8208875,8191916
1146,8425750,8407958
1147,8276000,8261541
1148,8319625,8307291
1149,8538625,8523916
1150,7459541,7442208
1151,9270917,9256000
1152,7452667,7431250
1153,8353500,8340208
1154,8439125,8425125
1155,8493250,8479083
1156,8496750,8484250
1157,8210500,8194291
1158,8445583,8428458
1159,8435917,8422542
1160,8553416,8540916
1161,8763667,8744167
1162,7413042,7397208
1163,8517375,8494875
1164,8522791,8510916
1165,8328709,8311750
1166,8414208,8404500
1167,8553458,8539000
1168,7355167,7337834
1169,9268125,9249458
1170,7344958,7328542
1171,8438500,8424917
1172,8431500,8415292
1173,8954375,8924375
1174,8649375,8631292
1175,8334209,8316667
1176,7378708,7360583
1177,8549042,8534958
1178,8442875,8428125
1179,8426875,8412666
1180,8483125,8471166
1181,8449416,8430500
1182,8468834,8456459
1183,7304333,7288500
1184,8338750,8321833
1185,8539500,8525375
1186,8393167,8380625
1187,8469291,8446750
1188,8581709,8566084
1189,8381708,8367458
1190,8396875,8383458
1191,8648583,8631458
1192,7315875,7297917
1193,9211334,9195584
1194,7412416,7392875
1195,8409959,8397250
1196,8330208,8316833
1197,8571792,8558417
1198,8446208,8433416
1199,8322167,8301625
1200,8603833,8590083
1201,8321667,8306417
1202,8400666,8385541
1203,8476917,8463459
1204,7359083,7342333
1205,9134292,9119084
1206,8558458,8544500
1207,8337084,8323542
1208,7321458,7306291
1209,8568083,8549750
1210,8487584,8475042
1211,8389500,8372875
1212,8446666,8433583
1213,8329375,8318292
1214,8523167,8509625
1215,8405167,8393250
1216,8615125,8602000
1217,8393375,8374375
1218,7329208,7313541
1219,8399333,8382875
1220,8413250,8400042
1221,8519459,8505375
1222,8350666,8339083
1223,8571250,8541209
1224,8688292,8670250
1225,7312333,7294083
1226,8350875,8338125
1227,8584334,8571667
1228,8509541,8495333
1229,8172792,8156667
1230,8311667,8301333
1231,8381458,8369041
1232,8406500,8394208
1233,8587000,8567083
1234,8486167,8466167
1235,8317041,8304291
1236,8903167,8875500
1237,7967625,7937333
1238,7828208,7798667
1239,9199917,9163750
1240,8032542,7996125
1241,8827833,8790083
1242,7982875,7953917
1243,7822708,7795833
1244,8939459,8911709
1245,8268291,8229958
1246,7840000,7811542
1247,8587459,8562792
1248,8013083,7972416
1249,9074750,9047167
1250,8099750,8063208
1251,7994542,7961000
1252,8971625,8936333
1253,8065916,8027208
1254,8176417,8141750
1255,8020000,7988833
1256,9191333,9156167
1257,8075084,8041125
1258,9295291,9241500
1259,10809167,10748875
1260,8869375,8824333
1261,4647917,4602875
1262,8757708,8711583
1263,7532000,7494583
1264,8180417,8138458
1265,8781625,8753000
1266,8073375,8041625
1267,8115833,8079416
1268,7814667,7788625
1269,8819666,8792083
1270,7502625,7483125
1271,8538167,8519709
1272,8825750,8804667
1273,7384000,7369292
1274,8783250,8767833
1275,8852958,8833417
1276,7427584,7409500
1277,9238916,9224458
1278,7926875,7896750
1279,8500250,8482959
1280,8405667,8390334
1281,8467167,8452875
1282,8429458,8412583
1283,8428583,8412000
1284,7642209,7619375
1285,8332208,8318958
1286,8488125,8475333
1287,8548292,8534625
1288,8825000,8805625
1289,8270166,8250583
1290,7366167,7349334
1291,8410000,8393750
1292,8351458,8338167
1293,8759834,8737917
1294,8604000,8588041
1295,8384583,8363125
1296,7352708,7334208
1297,8373542,8357334
1298,8894875,8877500
1299,8572917,8558500
1300,7412166,7395250
1301,9188417,9168584
1302,8495917,8483250
1303,7586291,7565541
1304,8438917,8427250
1305,8578708,8557500
1306,8438000,8426375
1307,8250709,8236834
1308,8753958,8736125
1309,7438375,7421167
1310,8455500,8443750
1311,8558792,8545125
1312,8476666,8464125
1313,8384834,8361584
1314,8537541,8521583
1315,7246584,7231792
1316,8498541,8485333
1317,8474167,8460250
1318,8576667,8560417
1319,8335083,8319166
1320,8935250,8912708
1321,8007333,7976042
1322,8984042,8950167
1323,8078042,8051333
1324,7748291,7730375
1325,8638667,8615042
1326,8550708,8535417
1327,7413792,7392250
1328,9086208,9062750
1329,8936167,8909084
1330,7940417,7904208
1331,8765166,8731083
1332,7756250,7723625
1333,7657375,7632584
1334,8906917,8886500
1335,8922667,8901125
1336,7850083,7822833
1337,8667333,8642083
1338,8079709,8047000
1339,7608666,7590041
1340,8660709,8644875
1341,8952791,8930500
1342,7878750,7850292
1343,8663875,8631625
1344,7837959,7810750
1345,9077458,9042916
1346,7590833,7565500
1347,8694542,8675959
1348,7841500,7811750
1349,8423917,8405917
1350,8492500,8481125
1351,8407416,8391291
1352,8496917,8481542
1353,7944417,7914708
1354,8663041,8644041
1355,8565917,8546000
1356,7445583,7425792
1357,8462334,8450250
1358,8508500,8492750
1359,8645125,8624833
1360,8541000,8526666
1361,8176333,8158500
1362,8486833,8474333
1363,7801917,7779375
1364,8404000,8386667
1365,8881833,8866500
1366,7368625,7351875
1367,8526292,8508167
1368,8945792,8922875
1369,7417333,7394708
1370,8472833,8459875
1371,8558542,8542709
1372,8453167,8441542
1373,8315000,8295750
1374,8731708,8712708
1375,7423750,7407667
1376,8395833,8378250
1377,8457542,8443584
1378,9088375,9064292
1379,8475083,8450542
1380,7406667,7388125
1381,8470667,8458083
1382,8347291,8336458
1383,8858917,8832750
1384,8583250,8568417
1385,8221292,8205375
1386,7343916,7327208
1387,8313500,8299792
1388,8352084,8339209
1389,8941125,8917083
1390,8518916,8504875
1391,8251459,8234459
1392,8547833,8534791
1393,7678958,7656333
1394,8443084,8427709
1395,8602000,8587833
1396,8380833,8367750
1397,8223833,8207792
1398,8800417,8781792
1399,7238583,7221542
1400,8414167,8401834
1401,8483167,8468333
1402,8482458,8470500
1403,8549750,8529917
1404,8571250,8557083
1405,8384417,8371792
1406,8409166,8392958
1407,7673125,7647292
1408,8880375,8852167
1409,8390542,8369209
1410,8530375,8515167
1411,7418125,7399708
1412,8369708,8356542
1413,8597667,8583959
1414,8562250,8547375
1415,8171292,8155625
1416,8642708,8626541
1417,8351375,8338458
1418,8636625,8620167
1419,7394500,7377417
1420,8481250,8465125
1421,8342625,8322958
1422,8301083,8288667
1423,8766042,8746834
1424,8591417,8572167
1425,7561375,7542708
1426,8517125,8498750
1427,8341791,8326166
1428,8859000,8839584
1429,7245042,7229584
1430,8768583,8753917
1431,8676834,8660209
1432,8435000,8422875
1433,8522708,8496041
1434,7416750,7397708
1435,10115833,10104458
1436,9893209,9885084
1437,5540791,5488458
1438,9137875,9116000
1439,7325709,7303125
1440,9054166,9028666
1441,7912000,7885959
1442,8573292,8555250
1443,7868542,7842167
1444,8548833,8531125
1445,8436917,8413708
1446,8409166,8392583
1447,8357667,8343959
1448,8275292,8263958
1449,8509125,8495500
1450,7265416,7248666
1451,9367667,9350250
1452,7289917,7271208
1453,8687958,8670625
1454,8900167,8873375
1455,8687916,8670375
1456,7344000,7328584
1457,8342584,8322292
1458,10071166,10060041
1459,7396417,7376417
1460,7689500,7667500
1461,8971542,8948125
1462,7565791,7540416
1463,8849834,8820000
1464,9185583,9151333
1465,7843333,7811333
1466,7962000,7928459
1467,9176417,9132084
1468,8091417,8057958
1469,7749333,7714541
1470,8818042,8792875
1471,8015666,7979041
1472,8870584,8834292
1473,8140125,8103416
1474,8036250,8002166
1475,8603750,8575416
1476,8446583,8406583
1477,8051208,8010542
1478,8211459,8169250
1479,9085000,9040166
1480,7943541,7905500
1481,8019667,7972542
1482,7926042,7890208
1483,9254416,9214041
1484,7991250,7949209
1485,7824792,7793459
1486,9087125,9050125
1487,7900333,7859292
1488,8046292,8009250
1489,8757875,8733458
1490,8195292,8157417
1491,7885791,7849916
1492,8966084,8931250
1493,8741541,8706125
1494,8250709,8211292
1495,8161583,8116875
1496,8079500,8046583
1497,8032667,7990958
1498,9252958,9214166
1499,7716375,7678708
1500,8240708,8199125
1501,7841542,7800875
1502,9086833,9052458
1503,8185500,8141667
1504,8189000,8154250
1505,9111709,9069459
1506,7999375,7959375
1507,9033458,8989916
1508,7054250,7021750
1509,9226125,9190042
1510,8398708,8354500
1511,7843542,7802292
1512,8346333,8312167
1513,7930459,7898959
1514,8671041,8651625
1515,8088042,8053000
1516,7624875,7602583
1517,8731625,8697000
1518,9135708,9101417
1519,7711792,7686875
1520,8714458,8696208
1521,7764834,7738084
1522,8780833,8758833
1523,8579917,8559000
1524,7699916,7675791
1525,8611209,8592209
1526,7832208,7803833
1527,8762083,8738833
1528,8452167,8437834
1529,8321083,8301542
1530,7625167,7592459
1531,8520167,8502208
1532,8548208,8529875
1533,8866875,8839375
1534,24218375,24185917
1535,3312083,3283583
1536,9081375,9042584
1537,7772584,7741209
1538,7495166,7469166
1539,8476542,8459000
1540,8612583,8586167
1541,8757834,8734292
1542,7450291,7428250
1543,8561375,8536792
1544,8497542,8482750
1545,8367667,8354833
1546,8546958,8524625
1547,8649833,8631500
1548,7565959,7546500
1549,8460750,8443875
1550,8507416,8493458
1551,8576792,8562875
1552,8222042,8203792
1553,8562500,8547875
1554,7320333,7302916
1555,8535958,8518875
1556,8494459,8475959
1557,8442000,8427791
1558,8359666,8340625
1559,8537792,8521084
1560,8408417,8395625
1561,8389333,8374791
1562,8643708,8628917
1563,8185792,8165667
1564,7326833,7311000
1565,8457209,8441959
1566,8508458,8495833
1567,8388167,8375583
1568,8567166,8549666
1569,8491209,8480042
1570,8445458,8426000
1571,8617417,8600708
1572,7290000,7275875
1573,8522291,8508250
1574,8607500,8590709
1575,8548959,8535334
1576,8254833,8239416
1577,8470667,8458208
1578,8350750,8340041
1579,8331125,8319958
1580,8771583,8746708
1581,8453000,8425292
1582,7765625,7740083
1583,8780542,8756542
1584,7573250,7552750
1585,8394583,8375541
1586,8678500,8656250
1587,8627833,8610292
1588,8330917,8313584
1589,7382500,7363917
1590,8624208,8607833
1591,8572584,8555084
1592,8399333,8384583
1593,8303292,8289667
1594,8289666,8273333
1595,8695209,8676167
1596,7383041,7363041
1597,8272334,8254709
1598,8477375,8463041
1599,8677666,8662083
1600,8352125,8334000
1601,8426709,8402667
1602,8501625,8466958
1603,9057500,9005875
1604,8058250,8020083
1605,8012291,7974541
1606,8025375,7993459
1607,9187792,9148875
1608,8259958,8217750
1609,7945709,7913459
1610,7658166,7629458
1611,8751417,8727625
1612,8528917,8508333
1613,7452750,7435875
1614,8639625,8616541
1615,8431041,8417333
1616,8828250,8806334
1617,8598750,8570500
1618,7812542,7785542
1619,8505417,8485250
1620,7465958,7447500
1621,8940625,8919792
1622,8759750,8738583
1623,8517042,8489458
1624,7729375,7705166
1625,8631750,8611125
1626,7641500,7615750
1627,8386958,8371041
1628,8475458,8461208
1629,8482459,8466167
1630,8430750,8410041
1631,8514916,8499916
1632,7431167,7412167
1633,8392000,8378292
1634,8685375,8665083
1635,8502458,8488083
1636,8102625,8088500
1637,8500959,8487709
1638,8324708,8312125
1639,8346458,8332042
1640,8385584,8375167
1641,8347916,8336000
1642,8240917,8227875
1643,8337250,8324875
1644,8234375,8224750
1645,8384125,8368750
1646,8498583,8482042
1647,8329334,8316750
1648,8168916,8149375
1649,8415167,8404000
1650,8346792,8334458
1651,8436791,8421666
1652,9234250,9188167
1653,7713625,7688209
1654,7579167,7557625
1655,8518958,8501417
1656,9071584,9045250
1657,7669458,7645208
1658,8776750,8752375
1659,8823250,8804833
1660,7394917,7371375
1661,8890666,8858416
1662,8527167,8490917
1663,8310000,8266625
1664,8262292,8223542
1665,8966750,8927916
1666,8156166,8123666
1667,8042459,8013125
1668,8384000,8343375
1669,8121250,8088875
1670,7812250,7789500
1671,8836458,8812750
1672,8632750,8608833
1673,7914750,7884667
1674,7565750,7547208
1675,8649958,8630708
1676,8548250,8534375
1677,8433167,8418375
1678,8263500,8243958
1679,8696917,8679042
1680,7432166,7410875
1681,8562042,8543542
1682,8563042,8547042
1683,8877291,8848625
1684,8520959,8492500
1685,7542208,7520416
1686,8402500,8387083
1687,8687875,8665500
1688,7401583,7358583
1689,8779542,8726292
1690,8934458,8903458
1691,7783167,7757334
1692,8575458,8557083
1693,8669209,8650209
1694,7720500,7693833
1695,8984958,8953166
1696,7410417,7381000
1697,9042041,9021333
1698,7333875,7316875
1699,8248250,8236709
1700,8732792,8713334
1701,8446958,8433958
1702,8362875,8337834
1703,8467084,8452417
1704,8366083,8353541
1705,8726458,8705500
1706,7325334,7308667
1707,8389375,8374958
1708,9114541,9101291
1709,8377500,8365750
1710,7232334,7218292
1711,8462750,8445708
1712,8796250,8776458
1713,8637583,8623041
1714,8193542,8177542
1715,8934333,8904458
1716,7926250,7892750
1717,8999750,8971167
1718,8230500,8193458
1719,7612083,7576542
1720,8842250,8813125
1721,7898834,7875292
1722,8751500,8726375
1723,8306875,8272583
1724,7865791,7836875
1725,9180834,9142459
1726,7819000,7785125
1727,7967541,7939916
1728,8810584,8783584
1729,8294083,8255583
1730,8061250,8025750
1731,8982000,8925083
1732,7914625,7874750
1733,8123625,8089375
1734,8963375,8930792
1735,8339417,8300458
1736,8069166,8031666
1737,8768875,8733792
1738,8125834,8091750
1739,7802458,7770583
1740,9005458,8969542
1741,8121792,8088834
1742,8168708,8130458
1743,8764584,8729625
1744,7997541,7963916
1745,7479000,7457417
1746,8659542,8643917
1747,8757792,8738208
1748,7720208,7692041
1749,8750208,8726583
1750,8468167,8446917
1751,7689625,7664542
1752,8665000,8645000
1753,8657208,8638708
1754,7671625,7649375
1755,8506167,8489750
1756,8347333,8324125
1757,8670167,8649292
1758,7470042,7448833
1759,8446916,8433791
1760,8830084,8803834
1761,8470375,8455041
1762,8604458,8574833
1763,7639875,7617208
1764,8920583,8900083
1765,8804250,8782709
1766,7732625,7705084
1767,8759042,8741167
1768,8478625,8455000
1769,7783708,7758875
1770,8560917,8542167
1771,8103667,8073625
1772,8838000,8808500
1773,8269958,8228041
1774,8172167,8137667
1775,7967416,7934625
1776,9127125,9093625
1777,8230792,8197792
1778,7994208,7966958
1779,9076542,9040167
1780,7875375,7848250
1781,7656458,7631833
1782,8961584,8932834
1783,7812500,7785833
1784,9239541,9211291
1785,7789084,7757417
1786,7784458,7756750
1787,8874292,8847792
1788,7989333,7957416
1789,8827333,8803708
1790,8106542,8078375
1791,8453292,8435958
1792,7641375,7622125
1793,8638250,8618750
1794,8701125,8684541
1795,7401916,7379250
1796,8887334,8867459
1797,8602208,8588541
1798,8268458,8252042
1799,7846292,7814750
1800,8403250,8389833
1801,8456250,8438375
1802,8336583,8324208
1803,8257167,8245584
1804,8342875,8324875
1805,8399542,8386833
1806,8342416,8328625
1807,8513500,8495875
1808,7203709,7187500
1809,8334625,8321291
1810,9221458,9206916
1811,8429333,8417167
1812,8323584,8314584
1813,8906250,8876791
1814,8113000,8076875
1815,8924583,8887041
1816,7804458,7780958
1817,7592709,7572459
1818,8525791,8511833
1819,8678334,8659417
1820,7596708,7563791
1821,8528208,8507000
1822,8281375,8261500
1823,8762959,8742250
1824,8278916,8267166
1825,8237292,8222875
1826,8267875,8257000
1827,8203292,8192375
1828,8012416,7994250
1829,8605667,8589167
1830,8247125,8237083
1831,8621125,8603625
1832,8350250,8337167
1833,8166750,8155042
1834,8287792,8271333
1835,8926750,8900583
1836,7501708,7474916
1837,8776333,8756250
1838,8651750,8635250
1839,7434209,7415417
1840,9452000,9430750
1841,7282541,7270083
1842,8551459,8535875
1843,8261708,8252458
1844,8307125,8293458
1845,8444833,8431167
1846,8202667,8190042
1847,8375375,8364792
1848,8396458,8383000
1849,8303042,8291375
1850,8478500,8463792
1851,8288042,8276792
1852,8444625,8424166
1853,8351708,8340041
1854,8298667,8286292
1855,8267125,8256083
1856,8442791,8428833
1857,8339875,8329667
1858,8278917,8263417
1859,8604625,8590625
1860,8327958,8316167
1861,8445042,8429209
1862,8362583,8347458
1863,7488542,7464959
1864,9249042,9230042
1865,7692708,7664125
1866,8854333,8833708
1867,8821709,8802792
1868,7885875,7864833
1869,7308000,7288500
1870,9450750,9431375
1871,7480916,7458000
1872,8327709,8316834
1873,8894916,8871041
1874,8859584,8841292
1875,8240833,8223416
1876,7341083,7313500
1877,9207167,9177709
1878,8137042,8106750
1879,9100333,9069416
1880,8114333,8076708
1881,8197500,8158875
1882,8324750,8288750
1883,8193917,8151917
1884,8171875,8138542
1885,8166750,8130917
1886,9092167,9053083
1887,8149125,8112666
1888,8366500,8331208
1889,8201416,8169083
1890,8439542,8400000
1891,7790250,7758625
1892,9139833,9102250
1893,7771625,7741417
1894,7938709,7901750
1895,8656375,8629625
1896,8024333,7987416
1897,8960750,8930583
1898,7918792,7886750
1899,8882750,8846250
1900,7882416,7840083
1901,8015417,7984209
1902,8876792,8852000
1903,7893083,7862833
1904,9237375,9198125
1905,8046000,8007667
1906,8239708,8201208
1907,7703542,7674834
1908,8747333,8715708
1909,7916000,7888334
1910,8751792,8720542
1911,8673875,8643250
1912,8000458,7973542
1913,7909500,7880334
1914,8581042,8556459
1915,7859208,7831625
1916,8966917,8940625
1917,8877792,8845208
1918,7753791,7724208
1919,8383209,8350750
1920,7847208,7816791
1921,8890292,8863792
1922,8099541,8067250
1923,8265500,8224000
1924,8856209,8821917
1925,8009333,7978916
1926,7819583,7791833
1927,8696917,8674125
1928,9180250,9147125
1929,7619833,7590333
1930,8628167,8589042
1931,8235542,8206083
1932,8082166,8049333
1933,7527167,7507792
1934,8429833,8409875
1935,8506667,8493375
1936,8806625,8770750
1937,7758500,7735875
1938,8893167,8868875
1939,8707375,8680416
1940,7208625,7188250
1941,8356583,8340625
1942,9843125,9808458
1943,7690542,7647583
1944,8479125,8450458
1945,8300333,8266375
1946,7916458,7888333
1947,8773417,8747875
1948,8691708,8657792
1949,8050250,8014417
1950,8013750,7983875
1951,9070459,9040417
1952,8036625,8004083
1953,7789708,7762500
1954,9385083,9347625
1955,8277625,8238917
1956,8051459,8017084
1957,8080583,8047000
1958,8365667,8322958
1959,7951625,7911791
1960,8057875,8020833
1961,9014375,8980541
1962,8298750,8259791
1963,8185666,8146583
1964,8073667,8043584
1965,7907083,7877375
1966,8609792,8577417
1967,8988833,8957833
1968,7664542,7639417
1969,8935083,8902667
1970,8162875,8130334
1971,8700125,8665042
1972,8045084,8014584
1973,8247416,8210083
1974,8042584,8005875
1975,8919291,8890041
1976,8081792,8051667
1977,7856167,7826583
1978,9014541,8980208
1979,7819167,7789042
1980,9182333,9143458
1981,8068209,8036917
1982,8104166,8072916
1983,8635959,8602417
1984,7951375,7924000
1985,7242083,7225166
1986,8606000,8591333
1987,8347750,8335792
1988,8819500,8799750
1989,8538667,8520792
1990,8250875,8231666
1991,7225583,7211250
1992,8650458,8635583
1993,8622167,8606542
1994,8405958,8392875
1995,8369375,8357250
1996,8089834,8070917
1997,8316541,8303541
1998,8277917,8266167
1999,8322208,8306250
2000,8372834,8360625
2001,8250125,8236166
2002,8125583,8111500
2003,8264125,8252625
2004,8197208,8186458
2005,8384542,8372875
2006,8661958,8642917
2007,8737709,8714209
2008,8662583,8628708
2009,7715542,7694250
2010,8320125,8308250
2011,8643583,8622708
2012,8559167,8545583
2013,8280916,8269000
2014,8140834,8127125
2015,8559708,8538916
2016,8787958,8765708
2017,8038875,8010750
2018,7540625,7517167
2019,8345375,8326667
2020,9302750,9279959
2021,7334959,7307834
2022,8588791,8574791
2023,8586709,8569667
2024,8234875,8223333
2025,8350291,8336375
2026,8230292,8213750
2027,8265000,8253375
2028,8303583,8291583
2029,8280167,8266667
2030,8344000,8333667
2031,8212958,8201583
2032,9042084,9028875
2033,7119916,7104458
2034,9329834,9319125
2035,8306208,8292833
2036,8285458,8274875
2037,8208917,8198084
2038,8034208,8019167
2039,8667959,8648167
2040,8448916,8433291
2041,8433542,8419292
2042,8336958,8324208
2043,8415167,8402500
2044,8676042,8645875
2045,7466083,7448958
2046,8359292,8338792
2047,8443625,8430625
2048,8477333,8461458
2049,8272417,8262417
2050,8322833,8304041
2051,8347167,8333833
2052,8380916,8367833
2053,8408625,8391167
2054,8310584,8299584
2055,8262125,8252625
2056,8250625,8235416
2057,8340625,8327833
2058,8211833,8202291
2059,8547875,8531000
2060,8429833,8416708
2061,8433709,8420709
2062,8258375,8238875
2063,8355250,8343375
2064,8339375,8326208
2065,8364583,8347291
2066,8695542,8675583
2067,8070500,8054083
2068,8431458,8416250
2069,7238625,7223292
2070,8289000,8274875
2071,10098500,10064917
2072,8164792,8129958
2073,7868958,7833333
2074,8112958,8080417
2075,8910625,8880875
2076,8071959,8040917
2077,7989208,7956916
2078,8796750,8764250
2079,8796583,8758292
2080,7947542,7915000
2081,7854042,7825125
2082,8964708,8930541
2083,8042458,8007750
2084,7960584,7931917
2085,8833125,8804000
2086,9985875,9956083
2087,8938666,8916875
2088,5907542,5874625
2089,8455458,8423750
2090,7890500,7862959
2091,8867750,8840500
2092,8704417,8671334
2093,8004417,7972625
2094,8122416,8091833
2095,8168542,8133667
2096,7874250,7843250
2097,9189500,9152625
2098,7738083,7706000
2099,9446500,9413334
2100,8084000,8054042
2101,7971542,7934625
2102,7976000,7945375
2103,7963417,7932333
2104,8747625,8714625
2105,8031583,7999083
2106,8834375,8806125
2107,8025417,7994333
2108,8885708,8855291
2109,7757417,7728167
2110,8967125,8936958
2111,7783791,7755500
2112,8902500,8872292
2113,8051834,8022959
2114,7876708,7846916
2115,8935708,8908000
2116,7737500,7706959
2117,8921750,8887375
2118,7983084,7952125
2119,7912083,7882041
2120,8831417,8801958
2121,8863166,8827458
2122,7949667,7918834
2123,8040083,8011042
2124,7854000,7824084
2125,9094584,9064042
2126,7995250,7967250
2127,9062500,9030250
2128,7691750,7656000
2129,8083750,8050666
2130,8831541,8801833
2131,8151125,8121125
2132,8834667,8805209
2133,7636167,7603208
2134,9073750,9041666
2135,7960833,7932833
2136,7970958,7942167
2137,8994000,8962209
2138,8157542,8126834
2139,8617542,8586625
2140,8115375,8080708
2141,7968625,7936083
2142,7864000,7832500
2143,8804250,8775208
2144,8829208,8801666
2145,7603458,7573292
2146,9130125,9097917
2147,8013292,7983500
2148,8132958,8101833
2149,7888459,7855292
2150,8849125,8821333
2151,8562625,8534833
2152,7949166,7919083
2153,7824625,7792209
2154,8871209,8840959
2155,7983875,7956958
2156,9061041,9023541
2157,7762959,7733459
2158,9116291,9082833
2159,8036667,8004042
2160,8118875,8083917
2161,7986333,7956625
2162,8908209,8879709
2163,7618875,7590500
2164,9227291,9201875
2165,8052542,8022667
2166,7869708,7842125
2167,8966000,8931459
2168,7912542,7884000
2169,8146792,8112042
2170,8806708,8774750
2171,7977708,7946000
2172,9067000,9034709
2173,8274917,8241250
2174,7944375,7913833
2175,8558875,8530417
2176,8040458,8004625
2177,7879459,7847542
2178,8849166,8816333
2179,7810375,7784459
2180,8976917,8946167
2181,8677542,8645667
2182,8027916,7996083
2183,8004750,7974959
2184,7984875,7949084
2185,8932250,8902834
2186,8056292,8025417
2187,7864458,7831375
2188,8656500,8627042
2189,8963625,8936584
2190,8090250,8056709
2191,7985375,7956000
2192,8950917,8918667
2193,7898958,7863125
2194,7827209,7800334
2195,8994375,8958833
2196,8219166,8182416
2197,8003292,7974500
2198,8996625,8964417
2199,7803625,7768625
2200,9176250,9136792
2201,8233667,8187458
2202,8187250,8149125
2203,8162541,8129083
2204,8235917,8196792
2205,8819917,8784208
2206,8115500,8079958
2207,7961333,7930291
2208,8187083,8147250
2209,8027292,7996292
2210,8973083,8937625
2211,8611042,8576125
2212,8137833,8102625
2213,8353959,8315292
2214,8103000,8068750
2215,8203041,8163791
2216,8176834,8143709
2217,9132875,9091541
2218,7906000,7873916
2219,8294208,8255250
2220,8364458,8319958
2221,8104834,8069584
2222,8016375,7985500
2223,9066208,9026583
2224,8033917,7990875
2225,8171208,8139333
2226,8040167,8005708
2227,9234375,9190208
2228,8223750,8194333
2229,8094750,8054208
2230,8088875,8054791
2231,8159125,8118333
2232,8998708,8962166
2233,8425667,8384417
2234,8009125,7979291
2235,8573333,8544458
2236,8193583,8160583
2237,8046375,8014209
2238,7945084,7913917
2239,8909291,8873333
2240,8180209,8142209
2241,8932833,8899666
2242,8151708,8113583
2243,8399000,8355834
2244,8023750,7991459
2245,8245250,8210250
2246,8084709,8055250
2247,7820708,7789250
2248,9018625,8973417
2249,8271000,8235125
2250,8313417,8276208
2251,8172250,8134125
2252,7905541,7871916
2253,8916792,8887709
2254,8867917,8835292
2255,8176291,8140875
2256,8424042,8384209
2257,8215208,8180625
2258,8402625,8371542
2259,8141334,8109750
2260,8060916,8033500
2261,7752042,7727709
2262,8617500,8600167
2263,8710125,8690042
2264,7628500,7598750
2265,8810958,8788500
2266,8548459,8525917
2267,7572041,7549916
2268,8833417,8805584
2269,8878167,8852708
2270,7600833,7576833
2271,8801083,8773250
2272,8439375,8413417
2273,7517792,7492167
2274,8278375,8265083
2275,8492500,8475250
2276,8924250,8897125
2277,8609333,8582417
2278,7621334,7601709
2279,9171583,9145250
2280,7529667,7509875
2281,8486041,8465833
2282,8625792,8608084
2283,8358375,8333542
2284,7696833,7673542
2285,8398084,8383334
2286,8397625,8381208
2287,8459875,8443833
2288,8293041,8280791
2289,8216750,8205709
2290,8167709,8150792
2291,8544625,8530958
2292,8258416,8246208
2293,8390750,8378042
2294,8364542,8352125
2295,8162167,8151083
2296,7973833,7954958
2297,8368500,8357958
2298,8205167,8194500
2299,8377916,8360583
2300,8244125,8233959
2301,8275167,8263500
2302,9389417,9371208
2303,7463625,7439375
2304,8310416,8298125
2305,8268250,8256125
2306,8714292,8695542
2307,8306458,8294042
2308,8482459,8452125
2309,8323166,8309458
2310,8700875,8676625
2311,8828209,8804417
2312,7717708,7691041
2313,8363208,8347958
2314,8184042,8168542
2315,8367750,8354042
2316,8383833,8367625
2317,8366917,8355292
2318,8361083,8346125
2319,8272542,8261584
2320,8085792,8067292
2321,8843541,8819666
2322,7538625,7519959
2323,8436417,8420959
2324,8363417,8350583
2325,8319625,8302500
2326,8134916,8120833
2327,8303000,8293959
2328,8303292,8291417
2329,8246500,8234500
2330,8450583,8438083
2331,8242584,8231042
2332,9088625,9075791
2333,8501208,8483916
2334,8566208,8547958
2335,7201750,7189000
2336,8455625,8440959
2337,8233209,8219875
2338,9150208,9138375
2339,8409167,8396167
2340,7194166,7182375
2341,9545834,9530959
2342,7199875,7182166
2343,8623041,8606375
2344,9248625,9235042
2345,7348959,7325417
2346,8534333,8521041
2347,8613333,8596792
2348,8334459,8322917
2349,8387166,8374791
2350,8364042,8345000
2351,8383083,8372042
2352,8223792,8213959
2353,8249500,8236708
2354,8447417,8432125
2355,8283041,8269916
2356,8100042,8084667
2357,8305167,8290042
2358,8295666,8283458
2359,8290209,8274584
2360,8147958,8136958
2361,8201417,8190875
2362,9203291,9187750
2363,8402084,8389000
2364,8184500,8172458
2365,8497791,8485083
2366,8211250,8199084
2367,8244167,8233709
2368,8045083,8031333
2369,8340459,8328542
2370,8235291,8223833
2371,8405875,8392625
2372,8331750,8318375
2373,8193667,8183375
2374,8174042,8159167
2375,8379041,8366083
2376,8237959,8226125
2377,8233375,8222833
2378,8714125,8691708
2379,9041041,9008125
2380,8587584,8561084
2381,7385541,7365500
2382,8556042,8539625
2383,8345000,8331208
2384,8306667,8293667
2385,8241541,8232375
2386,8251459,8235542
2387,8327375,8316250
2388,8328750,8316333
2389,8229833,8219083
2390,8414833,8401208
2391,8285167,8273084
2392,9237458,9217125
2393,7308000,7282917
2394,8558084,8546750
2395,8559000,8545083
2396,8314458,8301791
2397,8299708,8286917
2398,8152834,8139250
2399,8325916,8314083
2400,8272667,8261875
2401,8215292,8205292
2402,8472833,8459000
2403,8227292,8215500
2404,9152958,9138208
2405,7251208,7228583
2406,8611500,8598084
2407,8316917,8303542
2408,8380667,8368250
2409,8263458,8247708
2410,8095250,8082042
2411,8419458,8407375
2412,8237417,8221250
2413,8211000,8201125
2414,9409917,9395000
2415,8387666,8374416
2416,8038000,8022459
2417,8284209,8272292
2418,8257208,8245208
2419,8209833,8199708
2420,8610125,8590542
2421,8397167,8382834
2422,8247958,8233417
2423,8333125,8321667
2424,8297125,8284125
2425,8377792,8363584
2426,8262208,8250292
2427,8234625,8223959
2428,8045125,8030125
2429,8255542,8243625
2430,8224000,8214417
2431,8245833,8232667
2432,8662250,8643667
2433,8415875,8400667
2434,8156000,8139667
2435,8872625,8848792
2436,9056500,9029250
2437,7970792,7944792
2438,8110625,8072167
2439,8906750,8881458
2440,7569167,7539958
2441,9488333,9450291
2442,7996458,7972125
2443,8341542,8301292
2444,8025708,7992708
2445,8790000,8755959
2446,7993959,7962042
2447,7728958,7702583
2448,8622292,8597625
2449,8271250,8235000
2450,8832208,8805916
2451,7909042,7870250
2452,8064166,8031541
2453,8776584,8748500
2454,8159708,8122833
2455,10470958,10419208
2456,10921792,10856209
2457,7015042,6978167
2458,5906208,5828041
2459,8234208,8181583
2460,9142584,9101375
2461,8010375,7984583
2462,7794833,7768000
2463,8887708,8850833
2464,7563375,7543292
2465,8360167,8344000
2466,8387583,8376292
2467,8639542,8622542
2468,7363292,7346917
2469,8602250,8585833
2470,8384833,8367916
2471,8522917,8505292
2472,8339583,8324458
2473,8535708,8520958
2474,8322250,8308709
2475,8147959,8127125
2476,8754500,8734125
2477,7977458,7948666
2478,8783208,8760917
2479,7459042,7442709
2480,8537833,8518875
2481,8233959,8211417
2482,8376333,8362000
2483,8413500,8400250
2484,8373542,8361208
2485,8580875,8563458
2486,8357208,8344500
2487,8182333,8167000
2488,8404875,8391334
2489,9799959,9788542
2490,6238083,6216041
2491,8746208,8727250
2492,8468792,8454917
2493,8335958,8316875
2494,8414084,8399667
2495,8258375,8245041
2496,8372666,8361375
2497,8936209,8923959
2498,7156833,7141250
2499,9188750,9172500
2500,8758458,8747167
2501,7222625,7209375
2502,10576959,10567625
2503,6288000,6259541
2504,10032041,10020791
2505,7151625,7132000
2506,7421250,7397750
2507,10822709,10811459
2508,6231625,6213041
2509,8824541,8805916
2510,7699084,7675792
2511,8018458,8001500
2512,8439125,8426125
2513,9887000,9874958
2514,7739250,7681208
2515,7174708,7157708
2516,10723042,10711459
2517,7166250,7144083
2518,7288750,7273833
2519,8381583,8362625
2520,9085334,9036542
2521,8462125,8442666
2522,7246500,7229708
2523,8674041,8655083
2524,8284084,8263875
2525,8415708,8396833
2526,10207208,10196667
2527,6329125,6311875
2528,8551000,8538250
2529,8321917,8305792
2530,8419083,8404167
2531,8313250,8299500
2532,9801542,9789042
2533,7257708,7243333
2534,10480375,10470042
2535,5853250,5833167
2536,10348834,10335417
2537,6463875,6447333
2538,8576125,8561708
2539,8709791,8693583
2540,7364584,7348209
2541,8422708,8396833
2542,8512000,8494667
2543,8261542,8247917
2544,8235000,8222166
2545,8904833,8881041
2546,7931208,7903125
2547,8382500,8359250
2548,8794209,8771375
2549,7851750,7820458
2550,8936708,8904000
2551,7847792,7822917
2552,8881000,8861750
2553,7296666,7273208
2554,9097709,9069209
2555,7425250,7406041
2556,8406208,8389791
2557,8455167,8439750
2558,8312333,8300333
2559,8229375,8211042
2560,8453458,8439875
2561,8324459,8313542
2562,8385125,8370833
2563,8695166,8671791
2564,8072667,8061750
2565,8366542,8345458
2566,8653166,8634750
2567,8263209,8251084
2568,8239791,8228583
2569,8277042,8264709
2570,8810542,8783167
2571,8433500,8403750
2572,7658416,7636291
2573,8713667,8691125
2574,8799708,8778542
2575,7632917,7607959
2576,8935167,8911542
2577,8247541,8229958
2578,7299292,7284667
2579,8532167,8517792
2580,8436125,8422083
2581,8277291,8264666
2582,8649917,8633542
2583,8174667,8157583
2584,8398083,8386000
2585,8377208,8364167
2586,8230417,8219334
2587,8386750,8372792
2588,8261917,8250917
2589,8176666,8161500
2590,8348292,8338292
2591,8255042,8242667
2592,8229625,8219625
2593,8484291,8465750
2594,9047667,9020375
2595,8591667,8562042
2596,7965625,7938208
2597,8685583,8664458
2598,7525708,7504417
2599,9103625,9072625
2600,7562417,7538750
2601,8346958,8325375
2602,8612250,8595917
2603,8526792,8508709
2604,7448125,7427167
2605,9114542,9092958
2606,8826041,8805416
2607,8487084,8459792
2608,7545916,7522041
2609,8391667,8375584
2610,9401875,9358417
2611,7517125,7503125
2612,7572542,7547958
2613,8677208,8651000
2614,8511375,8495125
2615,8324583,8309125
2616,8248584,8236375
2617,8455250,8441500
2618,8604625,8585500
2619,8273833,8257916
2620,7424000,7408458
2621,8278667,8265000
2622,8211375,8199458
2623,8598666,8584083
2624,8397625,8385667
2625,8109375,8091792
2626,8354750,8339542
2627,8279875,8268292
2628,8236084,8224792
2629,8244416,8233916
2630,9682375,9662459
2631,8399250,8371875
2632,7527500,7505667
2633,8631000,8614000
2634,8948292,8907167
2635,7751083,7725708
2636,8524459,8488459
2637,8166375,8143583
2638,8396500,8382208
2639,8442541,8429000
2640,8255792,8244875
2641,8615708,8599917
2642,7241167,7227209
2643,8231458,8221458
2644,9050834,9034417
2645,8458166,8444333
2646,8341709,8329167
2647,8560750,8546416
2648,7316750,7287666
2649,8628916,8618291
2650,8223584,8208250
2651,8808416,8788708
2652,8360292,8347792
2653,8385667,8373167
2654,8541791,8527833
2655,8128542,8114834
2656,8451083,8440125
2657,8325125,8313709
2658,8266125,8255459
2659,8304917,8295917
2660,8396000,8382875
2661,8280917,8262375
2662,8380416,8370333
2663,8331084,8320584
2664,8316250,8304625
2665,8323125,8313166
2666,8634625,8614166
2667,8366083,8347000
2668,7567125,7550542
2669,8277292,8266917
2670,8320166,8310750
2671,8691459,8673167
2672,8738541,8721750
2673,8223209,8207000
2674,7786041,7762583
2675,8843084,8819000
2676,8767208,8734291
2677,7988458,7954667
2678,8109709,8075542
2679,8988625,8954041
2680,7957708,7925208
2681,8020750,7984708
2682,8796708,8769292
2683,8134459,8094167
2684,8063666,8025666
2685,8733792,8703292
2686,7584125,7562417
2687,8761792,8740625
2688,8912083,8886541
2689,7863958,7837833
2690,8782584,8753584
2691,7907958,7873458
2692,9100542,9065500
2693,7913083,7886458
2694,8057167,8025458
2695,7798916,7773666
2696,9082250,9048334
2697,7683834,7656000
2698,9217833,9182208
2699,7954583,7923833
2700,7816834,7785625
2701,9272875,9237375
2702,7867375,7836166
2703,8590125,8561875
2704,7901166,7872083
2705,8749250,8726959
2706,7344750,7328584
2707,8802667,8780917
2708,8318708,8305125
2709,8424292,8404875
2710,8434625,8422167
2711,7175958,7165625
2712,9474250,9417292
2713,7980709,7945875
2714,8869125,8845500
2715,8705833,8675750
2716,7584750,7562458
2717,8802750,8781167
2718,7567208,7545708
2719,8902625,8879417
2720,7688167,7657334
2721,8474458,8447292
2722,8999042,8972000
2723,7721167,7706083
2724,8466000,8450375
2725,8334416,8322708
2726,8555875,8541625
2727,8102959,8084042
2728,8409791,8396791
2729,8289875,8279334
2730,8366834,8355917
2731,8408625,8395750
2732,8325791,8315125
2733,8055834,8041667
2734,8632708,8614583
2735,8382417,8369625
2736,8273541,8258833
2737,8828500,8808209
2738,7486167,7469709
2739,8326583,8306000
2740,8450750,8436084
2741,8129000,8118459
2742,8346834,8335584
2743,8451666,8438291
2744,8281459,8269750
2745,8279250,8261750
2746,8463291,8449791
2747,8249667,8238209
2748,8202958,8190833
2749,8462084,8445667
2750,8270250,8259791
2751,7979083,7964458
2752,8258792,8247792
2753,8240041,8228375
2754,8212625,8203125
2755,9377542,9363959
2756,8347333,8335958
2757,8649667,8625250
2758,7324917,7307917
2759,9231000,9203541
2760,7896458,7868375
2761,8850125,8827292
2762,7865042,7839667
2763,8337500,8315875
2764,8540416,8526166
2765,8357709,8344917
2766,9085416,9056083
2767,7436750,7419959
2768,8958042,8931209
2769,7323792,7304667
2770,8416666,8403208
2771,8639625,8623792
2772,8732292,8712042
2773,7755625,7732375
2774,9068625,9040292
2775,8487250,8462167
2776,7888208,7858250
2777,7757625,7732959
2778,8686917,8668500
2779,8855292,8835708
2780,7488791,7471083
2781,8694292,8664625
2782,8880792,8855542
2783,7412083,7392375
2784,8705500,8688167
2785,8837500,8814583
2786,7665208,7640958
2787,8509334,8482625
2788,8890666,8870666
2789,7692709,7668084
2790,8524833,8509041
2791,8490042,8472458
2792,7326500,7310208
2793,8475875,8459291
2794,8467750,8439875
2795,8920375,8895791
2796,7844083,7816583
2797,8973792,8945583
2798,8098333,8075708
2799,8262958,8242542
2800,8427125,8410834
2801,8741292,8719167
2802,7299167,7286500
2803,8288750,8277250
2804,8695083,8678791
2805,8260083,8244625
2806,8508125,8496709
2807,8374417,8363542
2808,8281500,8270083
2809,8479000,8468333
2810,8491167,8475708
2811,8076291,8062000
2812,8431292,8419542
2813,8675833,8650125
2814,7741584,7706542
2815,8925500,8893833
2816,8124000,8089875
2817,8663958,8634541
2818,8169167,8132583
2819,7895833,7864666
2820,8759417,8733833
2821,7870208,7838916
2822,8968000,8934333
2823,8600000,8572208
2824,7783792,7758208
2825,8120125,8082125
2826,9063083,9032333
2827,8011458,7981917
2828,7901334,7872959
2829,8728666,8697750
2830,7708750,7685834
2831,8518959,8502125
2832,8635958,8619333
2833,7287292,7267500
2834,8364958,8352791
2835,8456583,8440667
2836,9272292,9250667
2837,7944958,7920792
2838,8593792,8576625
2839,8507417,8490667
2840,7527375,7497250
2841,8481333,8452041
2842,8927792,8904375
2843,7872375,7844250
2844,8892833,8869083
2845,7653708,7628667
2846,8885250,8859917
2847,8365750,8340792
2848,7848292,7827334
2849,8628625,8606917
2850,8604167,8588167
2851,7407000,7386583
2852,8559166,8540083
2853,8705959,8680042
2854,8736041,8717250
2855,7467917,7448084
2856,8503167,8487875
2857,8592458,8575333
2858,8317083,8304500
2859,8063250,8045959
2860,8545417,8530084
2861,8400833,8386958
2862,8486250,8472250
2863,8438584,8424667
2864,7379541,7361708
2865,8259084,8246292
2866,9200791,9185250
2867,8567417,8553042
2868,7209125,7194667
2869,8593792,8579792
2870,8626875,8610750
2871,8143416,8124750
2872,8260875,8249625
2873,8558459,8543292
2874,8543458,8529125
2875,8601625,8587208
2876,7313333,7297958
2877,8303167,8292792
2878,9262208,9245250
2879,8472959,8457042
2880,7260916,7245208
2881,8351584,8337750
2882,8526333,8508083
2883,9136958,9117000
2884,8907292,8881959
2885,7792958,7765125
2886,7847042,7822084
2887,9020958,8994000
2888,7476167,7455334
2889,8313417,8292375
2890,8487750,8473958
2891,8480416,8462250
2892,8779750,8762875
2893,7428917,7408542
2894,8618667,8603333
2895,8243833,8223208
2896,8574292,8558833
2897,8428208,8414041
2898,8358292,8348792
2899,8416833,8404125
2900,8526708,8509833
2901,8192417,8172542
2902,8739708,8716125
2903,7652875,7625000
2904,8802167,8777792
2905,7539083,7515208
2906,8830084,8800750
2907,8280875,8258791
2908,8421041,8403875
2909,8442959,8429375
2910,8550500,8531875
2911,7748750,7723375
2912,8876916,8850041
2913,8620459,8591334
2914,7777583,7748375
2915,9049083,9019333
2916,7811292,7783542
2917,8859542,8825292
2918,7827125,7797125
2919,8566125,8530916
2920,7740458,7711166
2921,8957000,8927208
2922,7844292,7813333
2923,8958666,8929958
2924,7652375,7624209
2925,8579292,8554417
2926,7754583,7724125
2927,8575375,8556709
2928,8881125,8850875
2929,7646750,7620584
2930,9162459,9124917
2931,8421625,8391250
2932,7820833,7793291
2933,9103417,9065625
2934,7873541,7838666
2935,7695084,7668042
2936,9107208,9072791
2937,7514500,7477917
2938,9112250,9078000
2939,8148333,8110125
2940,7915167,7886959
2941,9034042,9003375
2942,7826750,7797208
2943,8707416,8674791
2944,7290959,7272792
2945,8347291,8334625
2946,8470417,8456334
2947,8482417,8466167
2948,8659583,8642500
2949,8240333,8224083
2950,8677917,8658209
2951,7794375,7768250
2952,9002500,8972250
2953,7847708,7818417
2954,9106000,9069584
2955,7603125,7571250
2956,9073250,9039667
2957,7328959,7313125
2958,8376041,8361916
2959,8424250,8408959
2960,8465084,8449959
2961,8379375,8360541
2962,8483541,8467458
2963,7182542,7167250
2964,9580542,9569542
2965,7403083,7385083
2966,8256417,8246375
2967,8263375,8252875
2968,9274291,9253250
2969,8676875,8656250
2970,7407250,7392834
2971,8503459,8483292
2972,9209958,9173583
2973,7389250,7361500
2974,8906750,8886958
2975,7439333,7419708
2976,8313625,8302125
2977,8271834,8261250
2978,8541291,8526375
2979,9056709,9041250
2980,7179833,7167625
2981,8259083,8246375
2982,9506084,9494167
2983,8507750,8491625
2984,7195125,7180291
2985,8219291,8207791
2986,9320167,9301959
2987,8480792,8465042
2988,7212000,7199208
2989,8226916,8215750
2990,9485834,9472792
2991,7956333,7940000
2992,8282500,8271208
2993,8210708,8198833
2994,8339750,8329334
2995,8384167,8369750
2996,8285042,8273333
2997,8216750,8194166
2998,8468833,8454125
2999,8448917,8436417
3000,8254500,8242125
3001,8454291,8439500
3002,8325584,8315250
3003,7977250,7964500
3004,8339583,8327541
3005,8274042,8261875
3006,8209625,8199208
3007,8159791,8149833
3008,8389917,8377500
3009,9222833,9212250
3010,8009209,7990542
3011,8376958,8363166
3012,8254917,8243875
3013,8588833,8574375
3014,8198667,8189000
3015,8004916,7988666
3016,8384542,8372000
3017,8241375,8231208
3018,8235292,8224375
3019,8200166,8187041
3020,8413834,8401125
3021,8256625,8245541
3022,9095083,9083166
3023,8394250,8382375
3024,8393208,8380750
3025,8560709,8543125
3026,7181500,7169583
3027,8219416,8208250
3028,8989625,8976334
3029,8497334,8484167
3030,8547125,8528500
3031,9039541,9011125
3032,7529042,7504750
3033,8419958,8396625
3034,8693084,8671250
3035,7538625,7514916
3036,8779375,8756291
3037,8595416,8575916
3038,7740000,7713167
3039,8481084,8452209
3040,8749250,8728541
3041,7941375,7915291
3042,8720750,8701416
3043,7574750,7554750
3044,8723375,8705833
3045,8380208,8361083
3046,8547458,8529250
3047,8337875,8324625
3048,8414375,8402334
3049,7227209,7210292
3050,8584375,8569708
3051,9150958,9136000
3052,7336208,7300542
3053,8808250,8791792
3054,8522834,8511209
3055,8680166,8662625
3056,7246959,7233292
3057,8463333,8450541
3058,9221958,9209792
3059,8396917,8385125
3060,8326333,8313958
3061,7372584,7353084
3062,8222458,8209541
3063,8249417,8237667
3064,9071750,9055750
3065,8341500,8328208
3066,8175583,8163291
3067,8297542,8284625
3068,8233500,8222750
3069,8146666,8133458
3070,8228584,8216375
3071,8181250,8171083
3072,8201166,8190083
3073,9248375,9235709
3074,8408709,8397959
3075,8163625,8137958
3076,8574083,8558333
3077,8319042,8308458
3078,8370500,8357750
3079,8181583,8172750
3080,8469167,8454958
3081,8250958,8230416
3082,8353750,8341333
3083,8219042,8208125
3084,8293000,8281875
3085,8311791,8298708
3086,8218750,8207917
3087,7934125,7922375
3088,8322709,8311209
3089,8187541,8177833
3090,8197167,8186375
3091,9436667,9420417
3092,8323541,8313250
3093,8183834,8168792
3094,8317125,8305166
3095,8182708,8172416
3096,8400917,8385042
3097,9087708,9061250
3098,7820042,7795375
3099,8109083,8088541
3100,8627208,8604250
3101,8896792,8868625
3102,7652292,7630125
3103,8828916,8806375
3104,7322625,7307167
3105,9070334,9048584
3106,7611000,7586541
3107,8338125,8322791
3108,8456458,8440708
3109,8748042,8724292
3110,8417208,8403250
3111,8125375,8106708
3112,8277542,8267042
3113,8274458,8264708
3114,8340333,8328875
3115,8539167,8526542
3116,8268917,8257667
3117,8020250,8008625
3118,8368541,8356166
3119,8638625,8622334
3120,8248792,8237625
3121,8280833,8266500
3122,8224834,8214334
3123,8108916,8093125
3124,8203250,8191667
3125,8161209,8151292
3126,8374208,8359875
3127,8353417,8340708
3128,8304166,8292291
3129,8266834,8254917
3130,9236375,9222583
3131,8391666,8378125
3132,8306750,8294334
3133,8402292,8388042
3134,7260167,7246583
3135,8191416,8183083
3136,9036709,9022750
3137,8271583,8258416
3138,8232458,8222833
3139,8231334,8219709
3140,8425583,8413791
3141,8045417,8032167
3142,8313416,8302666
3143,8218459,8208167
3144,8190916,8182041
3145,9431125,9419000
3146,8293709,8282334
3147,8105958,8087666
3148,8492000,8475375
3149,8252125,8240333
3150,8271458,8259792
3151,8602209,8588459
3152,8504000,8482458
3153,8397875,8376250
3154,7691333,7669625
3155,8648917,8629042
3156,8745625,8723083
3157,8079083,8048583
3158,8792958,8767542
3159,8661334,8625334
3160,7663208,7639416
3161,7662750,7640750
3162,9170417,9136417
3163,8072708,8037916
3164,9295333,9253208
3165,7525292,7491875
3166,7874125,7846958
3167,9037292,9008167
3168,7560916,7540041
3169,8947417,8918042
3170,7849292,7817542
3171,8529500,8499750
3172,8792875,8762000
3173,8688708,8633416
3174,10856292,10803875
3175,9104875,9056750
3176,7983916,7934583
3177,5378625,5341667
3178,9913459,9879167
3179,5754833,5724375
3180,9366417,9333000
3181,8126916,8091583
3182,7888792,7851417
3183,8642875,8601625
3184,8062292,8028333
3185,7582666,7558291
3186,8498792,8482584
3187,8474167,8459917
3188,8536916,8523541
3189,8021500,8007334
3190,8906667,8877792
3191,7421000,7400583
3192,8476542,8460917
3193,8569500,8554041
3194,8280500,8268083
3195,9238250,9220625
3196,7230291,7217208
3197,8506959,8491875
3198,8401041,8389583
3199,8427209,8409375
3200,8301791,8289750
3201,10366750,10351834
3202,6413792,6398042
3203,8547917,8537000
3204,7341666,7326875
3205,8480209,8466750
3206,10713416,10699041
3207,7087500,7065459
3208,7335667,7321500
3209,8356250,8341833
3210,8341250,8328375
3211,8902167,8890917
3212,8406375,8391625
3213,8555541,8530708
3214,7391167,7364792
3215,8534750,8522792
3216,8376458,8366042
3217,9720292,9708209
3218,9612042,9604292
3219,5876041,5855916
3220,10313125,10301167
3221,6245959,6226500
3222,8576708,8562958
3223,8435208,8421083
3224,8440042,8426042
3225,8151042,8136458
3226,8326500,8315708
3227,8262250,8251208
3228,10381333,10370333
3229,6593208,6558333
3230,7487167,7475292
3231,9175917,9159792
3232,7316666,7286958
3233,10656917,10648292
3234,6235958,6223375
3235,8557042,8544209
3236,8662583,8639500
3237,8113375,8096625
3238,10183125,10171125
3239,6260917,6248959
3240,8597667,8584625
3241,10546375,10537083
3242,6259708,6248583
3243,8571042,8553292
3244,7238416,7223291
3245,8233084,8221084
3246,9353625,9342208
3247,8290416,8279500
3248,8462250,8448250
3249,7991125,7976834
3250,8355000,8342959
3251,8314334,8302250
3252,9737000,9727541
3253,8208375,8155583
3254,7154333,7134500
3255,10059042,10046708
3256,6287375,6275208
3257,8502291,8489916
3258,8307334,8294834
3259,8379750,8362958
3260,10095291,10085875
3261,7181834,7160042
3262,7191875,7179291
3263,8253041,8242166
3264,8262125,8250625
3265,8607834,8587417
3266,8774333,8754208
3267,8241083,8221000
3268,8436375,8422000
3269,8739459,8712500
3270,7472000,7455375
3271,8192833,8180875
3272,8369958,8357458
3273,8350750,8337334
3274,9091959,9078084
3275,8356250,8343250
3276,8336791,8324458
3277,8551917,8533250
3278,7370708,7352083
3279,8389709,8376959
3280,9206958,9191000
3281,7218708,7195375
3282,8542417,8528375
3283,8574208,8561375
3284,8374875,8362875
3285,8133667,8118584
3286,8257000,8244667
3287,8181125,8171375
3288,8176333,8167083
3289,9472584,9456917
3290,8337000,8326041
3291,10123375,10114041
3292,6385500,6361541
3293,8603375,8586041
3294,8601750,8588708
3295,7405708,7390291
3296,10558417,10546375
3297,6150375,6122583
3298,8770958,8754625
3299,8390250,8378042
3300,8283917,8273042
3301,8291708,8281166
3302,8364625,8350917
3303,7887125,7871833
3304,8294083,8282167
3305,8301875,8290459
3306,8196542,8185459
3307,8359333,8346958
3308,8370292,8358000
3309,8144083,8129792
3310,8235625,8220792
3311,8253334,8241875
3312,8246000,8235083
3313,8327125,8313875
3314,8324625,8312833
3315,9290041,9279625
3316,7945875,7933167
3317,8289125,8277042
3318,8202792,8192375
3319,8329875,8319167
3320,8471875,8457667
3321,8142792,8127792
3322,8244208,8232250
3323,8326875,8315250
3324,8262875,8253250
3325,8317542,8300333
3326,8406916,8391583
3327,8436875,8423709
3328,9068417,9054667
3329,8290208,8279167
3330,8372334,8359292
3331,8379541,8366958
3332,8351209,8337709
3333,7995666,7981500
3334,8434750,8420917
3335,8389209,8376209
3336,8232333,8224166
3337,8238458,8226417
3338,8425250,8414042
3339,8001709,7984959
3340,8307500,8295083
3341,8168041,8157791
3342,8155084,8146959
3343,8116750,8107083
3344,9412750,9399958
3345,8063250,8044250
3346,8403916,8391000
3347,8203792,8192042
3348,8160917,8150792
3349,8562041,8547166
3350,8324667,8314125
3351,8000083,7980750
3352,8231417,8220125
3353,8187083,8177792
3354,8259250,8248459
3355,8344459,8330625
3356,8194125,8183666
3357,9358958,9347958
3358,8085208,8068333
3359,8375459,8362167
3360,8289208,8277791
3361,8488375,8472250
3362,8318625,8307958
3363,8032208,8016458
3364,8335875,8323084
3365,8279167,8268500
3366,8242542,8230583
3367,8364750,8351958
3368,8322000,8310375
3369,8056625,8043916
3370,8380041,8368416
3371,8101750,8090917
3372,9306042,9294625
3373,8234958,8220375
3374,8217000,8206292
3375,7983292,7967584
3376,8199167,8188042
3377,8240333,8229750
3378,8179750,8169542
3379,9597708,9583292
3380,7494417,7475750
3381,9117542,9100375
3382,7312916,7291958
3383,8531334,8520292
3384,8307791,8296041
3385,8386625,8373250
3386,8205209,8195459
3387,8327166,8315708
3388,9026417,9012584
3389,8288833,8276583
3390,8303459,8291375
3391,8637458,8616333
3392,7559875,7535875
3393,8389583,8369083
3394,8975834,8950000
3395,7980500,7946625
3396,8840750,8811250
3397,7892791,7861250
3398,9079667,9044500
3399,7403333,7373167
3400,9031625,9002209
3401,7789042,7762667
3402,9100583,9064583
3403,7862417,7831375
3404,8704250,8676167
3405,7398667,7368417
3406,9076208,9048625
3407,7774458,7745042
3408,8760459,8735834
3409,8038958,8002125
3410,9085500,9052000
3411,7444583,7416750
3412,8849500,8815709
3413,8050667,8015209
3414,9031167,8998542
3415,7963666,7926958
3416,8069042,8031209
3417,8841458,8804042
3418,7998625,7964500
3419,8976375,8937875
3420,7964709,7931625
3421,7947041,7911750
3422,9061042,9026750
3423,7514000,7482625
3424,8641000,8622708
3425,7454708,7435292
3426,8554959,8539417
3427,8679916,8662458
3428,8324292,8309709
3429,8732708,8694667
3430,7881084,7850500
3431,8556083,8539666
3432,7989750,7955083
3433,9038208,9012000
3434,7515042,7494750
3435,8275250,8253583
3436,8865250,8840667
3437,7309333,7291667
3438,9063334,9040209
3439,8485291,8470583
3440,8969250,8942250
3441,7300250,7275875
3442,8657459,8640792
3443,8391416,8378083
3444,8193667,8178917
3445,8284375,8272792
3446,8357958,8343667
3447,8112750,8093375
3448,8394125,8379500
3449,8250625,8239667
3450,8245542,8235917
3451,10381083,10372292
3452,7378667,7332459
3453,7280167,7256458
3454,8398750,8381416
3455,8366166,8353750
3456,8327917,8315750
3457,8242167,8231417
3458,8571750,8548166
3459,8143375,8125666
3460,8305166,8294041
3461,8254875,8243000
3462,8261250,8250250
3463,8562250,8543625
3464,8344250,8333250
3465,8278167,8262250
3466,8380708,8366917
3467,8221750,8212792
3468,8227334,8218667
3469,8478375,8462541
3470,8307333,8293541
3471,8720292,8684167
3472,8418458,8405041
3473,8466917,8450667
3474,7321166,7303166
3475,8222584,8211042
3476,8323208,8311416
3477,8256667,8244958
3478,9550250,9522208
3479,7926083,7897333
3480,8828292,8802708
3481,10637750,10604625
3482,5711333,5680666
3483,8785500,8760000
3484,7845542,7819667
3485,10558833,10531125
3486,6832125,6800875
3487,7971417,7943375
3488,7919916,7894458
3489,8716542,8687292
3490,7758333,7730000
3491,8891875,8864334
3492,7710625,7686000
3493,9029375,9003292
3494,7731417,7707625
3495,8573125,8540042
3496,8921708,8894958
3497,8197667,8158667
3498,8059458,8025167
3499,8498917,8481834
3500,7309750,7295083
3501,8467917,8447042
3502,8156750,8139875
3503,8788541,8767583
3504,8366125,8351792
3505,8408792,8391000
3506,8770167,8752875
3507,8080791,8062708
3508,8878042,8852042
3509,7221250,7208667
3510,8431375,8410708
3511,8459292,8445333
3512,8299708,8287625
3513,8534083,8507500
3514,9712834,9700375
3515,7673833,7649500
3516,9655917,9643333
3517,6495916,6453000
3518,8716000,8685500
3519,8021042,8004250
3520,8291708,8280292
3521,10137625,10127917
3522,6152209,6136667
3523,10162166,10150333
3524,6244084,6234709
3525,8341625,8328166
3526,8337291,8327833
3527,8266625,8254834
3528,8302084,8290584
3529,8202458,8192541
3530,8309333,8298083
3531,8385500,8373334
3532,9042375,9028334
3533,8290250,8279584
3534,8221084,8211000
3535,8495791,8481166
3536,8296667,8286000
3537,8017333,8002375
3538,8275709,8266042
3539,8256875,8245833
3540,8227333,8217500
3541,8260375,8250250
3542,8334542,8322000
3543,8324250,8313125
3544,9079791,9066333
3545,8338250,8322625
3546,8270417,8259375
3547,8359042,8344750
3548,8204458,8194333
3549,8073417,8057042
3550,8762291,8742375
3551,8373584,8360625
3552,8468291,8455791
3553,7307417,7285334
3554,8591042,8578458
3555,9049958,9037333
3556,8271000,8260250
3557,8275292,8265875
3558,8177416,8168958
3559,8504250,8488584
3560,8333834,8323209
3561,8206750,8192291
3562,8297208,8287250
3563,8213542,8204208
3564,8380333,8368250
3565,8479250,8464958
3566,8315333,8304333
3567,7887042,7872292
3568,8243167,8232417
3569,8207208,8197583
3570,8224375,8214125
3571,8187208,8174417
3572,9337584,9328084
3573,8160750,8141416
3574,8927291,8897958
3575,7287292,7269667
3576,8248917,8237833
3577,8505666,8489000
3578,8290209,8278875
3579,9121625,9105708
3580,7245041,7224291
3581,8535667,8523250
3582,8288375,8278750
3583,8443125,8427083
3584,8326708,8317000
3585,9207375,9191959
3586,7361459,7335375
3587,8557625,8545958
3588,8313125,8301583
3589,8501708,8488500
3590,8218750,8208708
3591,8930333,8918458
3592,8265792,8253709
3593,8183000,8172208
3594,8336208,8324083
3595,8307417,8297084
3596,8425167,8412417
3597,8083458,8067750
3598,8389083,8375542
3599,8314250,8301667
3600,8258750,8249792
3601,8297709,8284167
3602,8322375,8309041
3603,8149208,8131375
3604,8212625,8201583
3605,8256250,8245542
3606,8210333,8199958
3607,8172000,8162042
3608,9436542,9419417
3609,8074292,8057625
3610,8318000,8304708
3611,8181166,8170416
3612,8165542,8157834
3613,8360583,8346167
3614,8309834,8299125
3615,8216208,8194916
3616,8324958,8311667
3617,8263250,8251000
3618,8128417,8117375
3619,8224917,8214917
3620,9507916,9492875
3621,8052917,8037959
3622,8270083,8257833
3623,8279750,8269834
3624,8270917,8261667
3625,8345083,8333583
3626,8267584,8255584
3627,8003416,7988291
3628,8299209,8288792
3629,8295041,8283791
3630,8582084,8562959
3631,8626541,8607041
3632,8559042,8539750
3633,8228583,8213583
3634,8929584,8905000
3635,7476041,7448291
3636,8963875,8932417
3637,7890750,7860959
3638,8869667,8842667
3639,8530542,8500667
3640,7840833,7806333
3641,9076250,9045000
3642,7631958,7603333
3643,8981167,8947125
3644,7699125,7670250
3645,8853500,8818875
3646,7592500,7565792
3647,9016625,8984875
3648,7444875,7428542
3649,10540750,10485958
3650,9374000,9318083
3651,9452292,9399500
3652,5993750,5959208
3653,7135541,7100458
3654,7973709,7937959
3655,8083500,8050125
3656,9153958,9110125
3657,7782583,7748167
3658,8008875,7976542
3659,8941625,8909875
3660,7945375,7907209
3661,9054792,9017334
3662,8007917,7967958
3663,8615916,8582666
3664,7514584,7498000
3665,8487333,8473250
3666,8300917,8289625
3667,8460625,8446833
3668,7375458,7355166
3669,8277667,8265583
3670,9221125,9202500
3671,8355958,8343166
3672,8317792,8307208
3673,8296125,8280458
3674,8399291,8386750
3675,7942667,7930125
3676,8366250,8355125
3677,8384292,8373292
3678,8203875,8193250
3679,8412708,8397875
3680,8343458,8333667
3681,10081459,10069125
3682,6362791,6351500
3683,8592917,8582000
3684,8354833,8343917
3685,8569334,8555459
3686,8537791,8519541
3687,8047709,8032459
3688,8500208,8484208
3689,7176917,7164583
3690,9404166,9391041
3691,8250209,8240084
3692,8412458,8399958
3693,8225958,8210625
3694,8432334,8417625
3695,8261875,8245083
3696,8241041,8230958
3697,8532334,8518292
3698,8352500,8340458
3699,7944666,7928916
3700,8353167,8341834
3701,8352792,8339417
3702,8274041,8263750
3703,8360167,8347000
3704,8297500,8286500
3705,8078750,8063542
3706,8340000,8328667
3707,8295417,8283083
3708,8205000,8194958
3709,8391958,8377125
3710,8300875,8289167
3711,8179708,8169542
3712,8932292,8920500
3713,8364583,8350875
3714,8227792,8216000
3715,8280500,8264167
3716,8324333,8312917
3717,8025834,8009750
3718,8325750,8313791
3719,8309083,8297250
3720,8198500,8187458
3721,8139125,8128417
3722,9711042,9691333
3723,8144333,8120875
3724,8483792,8469042
3725,7172291,7160791
3726,8519959,8505917
3727,8346791,8336375
3728,8336334,8324834
3729,9014333,8999708
3730,8273625,8263750
3731,8741792,8721833
3732,7390000,7373208
3733,8326041,8312375
3734,8479167,8466292
3735,10671417,10622667
3736,9433583,9422833
3737,5044875,5016333
3738,8589167,8576125
3739,10497208,10486583
3740,6542708,6521458
3741,8834792,8810417
3742,7341042,7326500
3743,8273458,8260541
3744,8599042,8578875
3745,8600541,8583916
3746,7297167,7285500
3747,8485458,8472625
3748,9167750,9148375
3749,7131542,7117125
3750,8261750,8248958
3751,9462583,9449250
3752,8341000,8330125
3753,8124500,8109917
3754,8289500,8277834
3755,8268292,8257000
3756,8297583,8285333
3757,8459334,8445000
3758,8221375,8210291
3759,7943125,7930500
3760,8384750,8371125
3761,8200166,8190291
3762,8231959,8224000
3763,8296500,8287625
3764,8309500,8298125
3765,8280666,8270791
3766,9290292,9272334
3767,8453375,8436833
3768,7249542,7234083
3769,8730750,8710708
3770,8349833,8339541
3771,8098750,8083917
3772,8270000,8257625
3773,8220708,8209833
3774,8411917,8400500
3775,8360875,8349417
3776,8320167,8310167
3777,8185125,8175083
3778,11372291,11362750
3779,6040000,6026292
3780,10720375,10707542
3781,6132834,6122625
3782,8713333,8699875
3783,8110333,8095625
3784,8414417,8400334
3785,8214708,8204792
3786,8362375,8349917
3787,8323667,8310625
3788,8212750,8201875
3789,8077542,8060125
3790,8334583,8321500
3791,9747417,9738250
3792,7137541,7124291
3793,10577084,10568709
3794,6341708,6327458
3795,8658083,8635792
3796,7271959,7257167
3797,8600000,8584000
3798,8473333,8458750
3799,8870333,8845917
3800,7288334,7272292
3801,9357958,9337375
3802,7218333,7203000
3803,8622125,8606417
3804,8325917,8314209
3805,8452292,8438042
3806,8591500,8577833
3807,8043333,8026583
3808,8355125,8343875
3809,8611000,8594875
3810,8857833,8833833
3811,7588750,7561084
3812,8791334,8759292
3813,8468625,8438166
3814,7536083,7521250
3815,8243667,8229333
3816,8509125,8492041
3817,8586708,8569625
3818,8921792,8895458
3819,8611583,8581833
3820,7792875,7764542
3821,7750667,7722625
3822,8955583,8924250
3823,7775625,7747750
3824,8885167,8859917
3825,8528458,8506208
3826,7856125,7826250
3827,8678167,8650042
3828,7675666,7650208
3829,8747709,8724875
3830,8585625,8566375
3831,8612708,8583625
3832,7794958,7763958
3833,8704959,8682584
3834,7385708,7368500
3835,8640042,8624208
3836,8311083,8299541
3837,8395125,8373583
3838,8429583,8414125
3839,8255417,8243584
3840,8314292,8303958
3841,8416125,8403958
3842,8291458,8278916
3843,8014792,7998333
3844,8336916,8324083
3845,8217250,8206209
3846,8349750,8336750
3847,8198542,8188709
3848,8339292,8325417
3849,8277541,8265541
3850,9079875,9066459
3851,8322542,8309959
3852,8276833,8267458
3853,8392959,8377917
3854,8360625,8349458
3855,8465083,8446375
3856,8276667,8266167
3857,8354500,8342291
3858,8323208,8311166
3859,8285542,8271875
3860,8320791,8308666
3861,8385209,8365042
3862,8346958,8333791
3863,8261833,8249917
3864,8256500,8211250
3865,8932542,8884500
3866,7579583,7549542
3867,8480042,8450875
3868,8459583,8445667
3869,8297959,8286084
3870,8236541,8225291
3871,8226709,8214584
3872,8564625,8549000
3873,8171625,8155500
3874,8374041,8361500
3875,8962917,8933375
3876,7699083,7674208
3877,8853959,8832084
3878,7944958,7909500
3879,8777958,8746625
3880,7954250,7922500
3881,8958334,8929459
3882,7893916,7862958
3883,7750209,7721750
3884,8879833,8848541
3885,8705792,8673042
3886,7625791,7601083
3887,8570500,8551000
3888,7664709,7636500
3889,8847083,8819708
3890,9203833,9168000
3891,7718125,7683584
3892,7880042,7846792
3893,9036833,9002292
3894,7829667,7799792
3895,8808417,8777125
3896,7742250,7712250
3897,8817250,8783000
3898,7726416,7698208
3899,9006167,8972584
3900,7784125,7754750
3901,8872042,8838667
3902,8070541,8035125
3903,8745250,8715500
3904,7845042,7814625
3905,8442250,8429208
3906,7404292,7384125
3907,8428166,8416125
3908,8708500,8691792
3909,8233750,8216917
3910,8341667,8330000
3911,8364750,8353000
3912,8224083,8213333
3913,8211459,8198667
3914,8336958,8323875
3915,7968792,7955833
3916,8334458,8321250
3917,8241917,8230708
3918,8199375,8188750
3919,9269333,9257041
3920,8736875,8714958
3921,8216625,8200667
3922,8425042,8413208
3923,7088583,7077708
3924,9554500,9543250
3925,7514542,7498958
3926,8611625,8594750
3927,8427166,8404291
3928,8369917,8358792
3929,8344958,8333167
3930,8481625,8467792
3931,10057667,10049584
3932,6177708,6164792
3933,8606042,8588750
3934,8407375,8397042
3935,8145250,8136125
3936,10387833,10367958
3937,6522584,6490292
3938,8876166,8857083
3939,8457209,8428167
3940,7454083,7439250
3941,8373792,8360958
3942,8278833,8266708
3943,8447917,8432250
3944,8398125,8384166
3945,8154583,8139708
3946,8322417,8308667
3947,8771875,8749208
3948,8385583,8373916
3949,7094083,7082792
3950,9463417,9450542
3951,7948750,7931083
3952,8446000,8431583
3953,8281833,8271000
3954,8236625,8227334
3955,8315875,8303625
3956,8335042,8321250
3957,8101000,8086542
3958,8401208,8387875
3959,8264334,8251917
3960,8258958,8247416
3961,8181167,8169167
3962,8116041,8105458
3963,10887834,10878959
3964,6877750,6860000
3965,10817666,10806958
3966,5026709,5013375
3967,8608208,8594208
3968,9706458,9691792
3969,6988917,6971334
3970,8287917,8275583
3971,9986791,9977541
3972,7182167,7171625
3973,9975208,9962833
3974,8396167,8386209
3975,6902875,6886333
3976,7329417,7313083
3977,8521541,8509833
3978,8317209,8305750
3979,8063875,8053500
3980,10283291,10272666
3981,6875917,6857792
3982,8220208,8209000
3983,10517417,10508250
3984,6075042,6065125
3985,8507666,8496375
3986,8421334,8408209
3987,7969000,7952250
3988,8179750,8169041
3989,8286500,8275500
3990,8327458,8315125
3991,8248125,8238125
3992,9359083,9344417
3993,8119834,8103792
3994,8262416,8251208
3995,8238792,8228292
3996,8235125,8224500
3997,8220708,8208833
3998,10312875,10300834
3999,7122334,7102625
4000,7816625,7788625
4001,8541000,8527958
4002,8394041,8382625
4003,8365167,8352000
4004,8438500,8424417
4005,8223917,8210250
4006,10124875,10115958
4007,6189083,6178958
4008,8495333,8483333
4009,8358625,8346875
4010,8360917,8347584
4011,10063500,10053375
4012,7716833,7708000
4013,7151417,7138209
4014,10553583,10544083
4015,6375500,6361667
4016,8566584,8553667
4017,8120625,8105583
4018,8316333,8304625
4019,8295458,8284708
4020,9707834,9700459
4021,6198000,6167625
4022,10265291,10254291
4023,6936500,6917375
4024,8168209,8156584
4025,10245500,10234958
4026,6072250,6062250
4027,8344708,8333875
4028,8576375,8561667
4029,8008583,7993042
4030,8307750,8296417
4031,10204917,10196584
4032,7302000,7287708
4033,10458417,10449625
4034,6324458,6308416
4035,8337667,8323542
4036,7251958,7238416
4037,8214958,8205125
4038,9287667,9277250
4039,9835958,9825167
4040,6262834,6249500
4041,8417458,8400625
4042,8248833,8234875
4043,9309167,9265625
4044,6996750,6984500
4045,9973958,9964375
4046,7188584,7175292
4047,10150166,10140250
4048,7799625,7789875
4049,7218167,7203334
4050,10482208,10474000
4051,6178209,6150709
4052,10156875,10146458
4053,7132000,7110708
4054,7833125,7809125
4055,8870875,8840916
4056,7548541,7526625
4057,8804625,8773542
4058,8897542,8869292
4059,8342083,8315792
4060,7806084,7775375
4061,8736291,8714041
4062,7836334,7807250
4063,8682416,8665333
4064,7598542,7571000
4065,8399500,8375250
4066,9128292,9104167
4067,7413541,7396125
4068,8603667,8589959
4069,8442542,8427417
4070,8550708,8535041
4071,8269375,8248667
4072,8268083,8257375
4073,8223875,8213792
4074,8476834,8462917
4075,8644958,8626708
4076,7098583,7086125
4077,8328792,8316375
4078,9113083,9100292
4079,8309084,8300000
4080,8288666,8277500
4081,8246709,8236917
4082,8548833,8534291
4083,7924667,7909667
4084,8326291,8316375
4085,8249334,8237792
4086,8257041,8245583
4087,8310834,8298209
4088,8204208,8193333
4089,8519417,8505792
4090,9451750,9429458
4091,7735666,7711875
4092,8896625,8873959
4093,7888250,7862542
4094,8629459,8610792
4095,8379958,8354875
4096,7639625,7617333
4097,8592292,8568542
4098,9028333,8995000
4099,8505167,8464958
4100,8094291,8066833
4101,7667875,7640500
4102,8589084,8572125
4103,7456375,7436208
4104,8745208,8725375
4105,8741042,8717208
4106,8632750,8614000
4107,8642958,8615166
4108,7574542,7553792
4109,8566041,8548208
4110,7316125,7302959
4111,8685334,8665792
4112,8753291,8727333
4113,8346334,8323917
4114,8936791,8909958
4115,7918875,7890584
4116,7991625,7958667
4117,9200000,9164417
4118,7964667,7922292
4119,8598917,8571667
4120,8014458,7978333
4121,7789083,7762542
4122,9012834,8986750
4123,8034500,8000291
4124,9122625,9086625
4125,7525833,7495250
4126,8853667,8829583
4127,7768750,7741958
4128,8723416,8704458
4129,7815959,7785000
4130,8928791,8905166
4131,8772084,8739667
4132,7795333,7766083
4133,8126083,8091167
4134,7822542,7794667
4135,8961625,8928708
4136,7767667,7743000
4137,8797333,8764208
4138,8090208,8055208
4139,8749750,8723959
4140,7982459,7951209
4141,8964041,8938958
4142,7797042,7770500
4143,8946167,8911375
4144,7326791,7310500
4145,8471000,8454375
4146,8535875,8521667
4147,8468459,8455000
4148,7581166,7557708
4149,8279125,8259084
4150,8387334,8374750
4151,8277041,8265375
4152,8243625,8231584
4153,8193167,8182125
4154,8513875,8498250
4155,8965500,8955083
4156,8309625,8297667
4157,8347167,8336875
4158,8138833,8129666
4159,8314167,8303375
4160,8286291,8276083
4161,8162709,8145250
4162,8521875,8507041
4163,8241958,8231833
4164,8187875,8177917
4165,8257042,8243458
4166,8631791,8616833
4167,8381750,8356167
4168,8837750,8813042
4169,7699667,7673167
4170,8653333,8627125
4171,9037417,9005500
4172,7645417,7617125
4173,8819000,8787833
4174,8010500,7978708
4175,8872791,8842625
4176,7814459,7780875
4177,8804125,8775875
4178,7752875,7723875
4179,8825208,8782000
4180,7963542,7924125
4181,7887750,7856416
4182,8968166,8940583
4183,7913125,7878000
4184,8441084,8426334
4185,8369333,8346333
4186,8467375,8454250
4187,7220833,7205167
4188,8698250,8681625
4189,8830375,8807875
4190,8317834,8304292
4191,8043500,8026083
4192,8292916,8282291
4193,8448959,8435292
4194,8242208,8232166
4195,8454500,8437333
4196,8509792,8493875
4197,8194708,8178083
4198,8514208,8498542
4199,8248000,8235667
4200,8406750,8394834
4201,8326917,8316542
4202,8637208,8614875
4203,8244667,8212459
4204,7528833,7508292
4205,8376834,8364250
4206,8397208,8385625
4207,8448125,8432083
4208,8520292,8506708
4209,8146125,8130500
4210,8406416,8393583
4211,8337375,8324875
4212,8237959,8225167
4213,8517250,8501666
4214,8381541,8367791
4215,8409750,8377042
4216,8740500,8714250
4217,7407042,7384709
4218,9138500,9106167
4219,7694500,7672583
4220,8530667,8514708
4221,8177291,8156250
4222,8471459,8456459
4223,8606500,8585208
4224,8555708,8540958
4225,7436292,7411250
4226,8994500,8961208
4227,8426708,8401958
4228,8722875,8701792
4229,7345208,7326458
4230,8558959,8543709
4231,8396125,8375958
4232,8700958,8681541
4233,8214375,8194625
4234,8330792,8315875
4235,8443791,8430750
4236,8294209,8279209
4237,8276958,8265958
4238,8421708,8408750
4239,8098709,8081875
4240,8371375,8359958
4241,8548750,8532125
4242,8402458,8388166
4243,7646250,7624000
4244,8551833,8537583
4245,8223542,8208042
4246,8454417,8442958
4247,8449791,8435875
4248,8379875,8367584
4249,8483917,8468000
4250,8310500,8296792
4251,8092083,8074958
4252,8400000,8387542
4253,8302875,8291875
4254,8350709,8338709
4255,8298208,8288625
4256,8590000,8576083
4257,8211417,8191208
4258,8438916,8425500
4259,8298500,8286167
4260,8404875,8394667
4261,8352209,8337334
4262,8338250,8324583
4263,8054166,8036291
4264,8516334,8499750
4265,8742041,8716625
4266,7425167,7407250
4267,8761375,8743708
4268,8356083,8341917
4269,8017792,8001209
4270,8387750,8372042
4271,8295375,8282042
4272,9589125,9580625
4273,7384000,7369625
4274,10316375,10306625
4275,5826500,5810708
4276,8712417,8698083
4277,8417416,8404583
4278,8336834,8325042
4279,10372375,10363125
4280,6261041,6249000
4281,8574084,8555709
4282,8382250,8370625
4283,7153625,7140125
4284,9322833,9312000
4285,9755375,9746292
4286,6225542,6207042
4287,10103750,10093125
4288,7042041,7023791
4289,8313209,8301334
4290,10151083,10141416
4291,6508292,6479167
4292,8573416,8560458
4293,10504667,10495167
4294,6345583,6330875
4295,7632959,7617542
4296,8314791,8302666
4297,8392417,8379084
4298,8921292,8892833
4299,8660833,8630666
4300,7954875,7919625
4301,9107542,9069250
4302,7884916,7852791
4303,7935417,7907417
4304,9879958,9865667
4305,7163000,7140000
4306,7379459,7348417
4307,8532000,8519541
4308,8417208,8406333
4309,10075583,10061417
4310,6093209,6083167
4311,8642083,8627333
4312,8189042,8172917
4313,8303291,8289791
4314,10021834,10012417
4315,7334083,7319750
4316,10383625,10375167
4317,6060333,6041792
4318,10185667,10175209
4319,6167667,6150875
4320,8521250,8509416
4321,8626708,8611333
4322,8352000,8342000
4323,7997958,7983625
4324,8402917,8389042
4325,8427083,8412042
4326,8185292,8174375
4327,8230250,8220667
4328,8466208,8451000
4329,8499417,8473209
4330,8753917,8732458
4331,7326500,7308416
4332,9043958,9009416
4333,9053792,9028125
4334,7658000,7637916
4335,8168166,8149833
4336,8421917,8403625
4337,8394375,8382958
4338,8649042,8628333
4339,7398958,7377708
4340,8996750,8967375
4341,8421375,8400458
4342,8650125,8631708
4343,7705708,7679417
4344,8501625,8486125
4345,8568459,8553792
4346,7266041,7250666
4347,8299750,8288750
4348,9009250,8995917
4349,8296209,8284584
4350,8527958,8513250
4351,8481667,8466292
4352,8526583,8511000
4353,8377542,8354500
4354,7435708,7417833
4355,8589667,8571917
4356,8914541,8883541
4357,7872834,7841625
4358,8776333,8745083
4359,8554333,8522292
4360,7921459,7891292
4361,8958375,8928291
4362,7834750,7805166
4363,7897708,7867583
4364,8989125,8960875
4365,8489583,8465667
4366,7799334,7768209
4367,8816666,8789250
4368,7437750,7417042
4369,8902042,8875834
4370,7993208,7960750
4371,8721292,8686542
4372,8038583,8002167
4373,8930292,8902000
4374,7638083,7606250
4375,8925417,8892292
4376,7989250,7955375
4377,8750708,8714625
4378,7983334,7948292
4379,7816250,7781708
4380,8697083,8666916
4381,9005208,8972542
4382,7691042,7667084
4383,8713000,8676083
4384,7817750,7791292
4385,8504083,8485542
4386,8278167,8265709
4387,8403542,8390917
4388,8349458,8335000
4389,8172917,8153625
4390,8427166,8412625
4391,8313042,8301584
4392,8316583,8304750
4393,8376042,8360542
4394,8379500,8365917
4395,8072625,8056125
4396,8362125,8348833
4397,8197375,8187500
4398,8150917,8140833
4399,8131875,8119958
4400,8837916,8799916
4401,7551542,7534875
4402,8369458,8356167
4403,8161959,8152084
4404,9295458,9284875
4405,8363833,8348125
4406,8218167,8205834
4407,7953333,7938208
4408,8306000,8291542
4409,8195000,8184584
4410,8167250,8157334
4411,8182834,8170792
4412,9314875,9305041
4413,7951541,7935500
4414,8320042,8307917
4415,8173083,8163417
4416,8114334,8105584
4417,8371375,8356750
4418,8360958,8347541
4419,8317542,8303667
4420,9145291,9129958
4421,8321292,8311625
4422,8309292,8297917
4423,8797958,8774000
4424,7306500,7289875
4425,8408375,8387792
4426,8464208,8450417
4427,8210459,8198959
4428,8261541,8248916
4429,8312042,8298875
4430,8191250,8180542
4431,8149125,8140458
4432,9504250,9473875
4433,7748500,7722667
4434,8754333,8736167
4435,9141917,9112667
4436,7354667,7338667
4437,8348125,8327583
4438,8526250,8510541
4439,8363458,8350583
4440,7758583,7724625
4441,8851084,8823750
4442,8753333,8724791
4443,8455500,8427833
4444,7962750,7929292
4445,7785375,7759458
4446,11427833,11382917
4447,8920834,8867209
4448,9285500,9233625
4449,3770250,3738791
4450,8979750,8956666
4451,7659083,7630625
4452,8625667,8609750
4453,8694375,8677958
4454,7364666,7348583
4455,10972834,10951625
4456,7713041,7700000
4457,6472917,6456209
4458,9358250,9325500
4459,7487250,7472292
4460,10296458,10285000
4461,6222917,6203459
4462,8608667,8595250
4463,8355375,8342083
4464,8231000,8220083
4465,10130375,10117958
4466,6520666,6493708
4467,8345084,8328917
4468,8377083,8363625
4469,8347000,8334667
4470,8786250,8759583
4471,7244250,7232167
4472,8423667,8407292
4473,9444208,9419291
4474,9095500,9058542
4475,7813000,7781667
4476,7714875,7687792
4477,9096750,9066167
4478,7672458,7647792
4479,8683125,8650375
4480,7851292,7821959
4481,9081500,9050375
4482,7512125,7494208
4483,8659708,8643167
4484,7370667,7352500
4485,9446667,9427000
4486,7416000,7394250
4487,8441125,8426750
4488,10241250,10228958
4489,6527958,6497875
4490,8914417,8893000
4491,8265583,8240791
4492,8808125,8784458
4493,7337042,7319375
4494,9786500,9774708
4495,7516375,7499083
4496,7431250,7411291
4497,9298833,9282166
4498,7423458,7403500
4499,8611667,8599125
4500,8359875,8348083
4501,8357625,8344875
4502,8314125,8302625
4503,7926125,7911167
4504,8298583,8287292
4505,8182709,8169500
4506,10462458,10453875
4507,7378083,7361375
4508,8777167,8767167
4509,6907833,6892667
4510,10476834,10468375
4511,6142125,6130166
4512,10351500,10342875
4513,6195916,6182291
4514,8618792,8606875
4515,10339292,10330375
4516,6314333,6301791
4517,10010417,10000750
4518,7182958,7172541
4519,8610833,8597000
4520,7209459,7178417
4521,9915291,9905875
4522,7046459,7032042
4523,8257041,8245375
4524,8551792,8531500
4525,10157375,10139292
4526,6259542,6248083
4527,9439250,9422375
4528,7538291,7518416
4529,8302125,8291084
4530,8326584,8316000
4531,8386416,8374291
4532,8347542,8337000
4533,8008000,7993958
4534,10101958,10092542
4535,7268042,7257000
4536,10405833,10396333
4537,6289209,6273042
4538,10119833,10108250
4539,5888292,5874125
4540,8617875,8604000
4541,8385625,8374125
4542,8264291,8254000
4543,8254667,8244459
4544,8484250,8472917
4545,8316542,8301083
4546,8354541,8341166
4547,8237417,8226875
4548,8463417,8448208
4549,8316875,8305500
4550,8449666,8435916
4551,7860417,7848250
4552,8359125,8345083
4553,8324792,8314542
4554,8174250,8164291
4555,8192625,8183416
4556,8430208,8416583
4557,8179500,8169792
4558,8997917,8986167
4559,8240041,8230000
4560,8279917,8269334
4561,8255458,8242875
4562,8303625,8291667
4563,8957584,8945125
4564,8258250,8246791
4565,8263083,8252708
4566,8270917,8260667
4567,8343500,8331458
4568,8198041,8189083
4569,7973084,7957959
4570,8393833,8381166
4571,8166208,8156292
4572,8174459,8164334
4573,8242500,8232666
4574,9392583,9381166
4575,8096500,8079833
4576,8341708,8328500
4577,8252375,8241792
4578,8198417,8186875
4579,8293417,8283583
4580,8283333,8270750
4581,8021292,8003625
4582,8291458,8280125
4583,8191333,8181625
4584,8156167,8145750
4585,9629875,9611250
4586,7726583,7700917
4587,8386750,8356834
4588,8667834,8648167
4589,8658750,8639250
4590,7717833,7693500
4591,8733625,8708667
4592,8681625,8658250
4593,8575667,8549500
4594,7720708,7693166
4595,8705750,8680125
4596,7803292,7772125
4597,8893041,8865583
4598,7886167,7853500
4599,8765417,8734958
4600,8132416,8093083
4601,7907084,7876584
4602,9080208,9049625
4603,7743667,7717000
4604,8973500,8941958
4605,8503000,8471083
4606,7491833,7472750
4607,8705625,8685083
4608,7833208,7801292
4609,8913792,8886959
4610,7746042,7717583
4611,8706250,8669375
4612,7887541,7859166
4613,9074084,9040250
4614,7823833,7796125
4615,9000583,8970625
4616,7790875,7757917
4617,8750125,8719334
4618,7945000,7916667
4619,9017250,8987584
4620,7553334,7527167
4621,9104833,9072750
4622,7782875,7756292
4623,8455375,8419750
4624,8166458,8131542
4625,7920125,7888459
4626,8463584,8446042
4627,8763166,8743875
4628,7188334,7173584
4629,8243125,8231791
4630,9272291,9255958
4631,8330709,8318167
4632,8333125,8322625
4633,8437791,8423708
4634,8279959,8269542
4635,8231958,8212416
4636,8341125,8331208
4637,8327833,8317458
4638,8273084,8264209
4639,8411458,8392958
4640,8239708,8228583
4641,8019917,8004875
4642,8302542,8291542
4643,8298916,8285958
4644,8298292,8288042
4645,8567500,8549958
4646,8168083,8157375
4647,8113625,8096417
4648,8192334,8180417
4649,8251125,8239166
4650,8186250,8176000
4651,9444708,9430083
4652,8856125,8831542
4653,7618917,7591750
4654,8679500,8663041
4655,7511416,7491375
4656,8308584,8293917
4657,8452000,8436791
4658,8344875,8334083
4659,8040833,8023583
4660,8208500,8197083
4661,8295958,8283500
4662,8219000,8208000
4663,9901584,9867292
4664,7899375,7873416
4665,8925791,8890333
4666,8105875,8072000
4667,7694000,7666292
4668,8839625,8815167
4669,8064667,8026875
4670,8908250,8884292
4671,7635958,7605542
4672,8880042,8856375
4673,7462125,7441625
4674,8514625,8501833
4675,8786792,8766125
4676,7417041,7395708
4677,9253250,9235500
4678,7613250,7593917
4679,8680000,8658459
4680,8620084,8602625
4681,8143708,8109791
4682,8639875,8618792
4683,8466083,8438833
4684,7877625,7849292
4685,8777584,8752500
4686,7743833,7719416
4687,8727750,8707167
4688,7684000,7657000
4689,8540042,8512750
4690,8778833,8756083
4691,7670833,7646083
4692,8358375,8343959
4693,8331459,8317709
4694,8440791,8426791
4695,8218375,8203542
4696,8287167,8274709
4697,8271500,8260750
4698,8271042,8259708
4699,8130791,8119791
4700,8422042,8408292
4701,9068625,9055250
4702,8376750,8363500
4703,8314542,8305458
4704,8271666,8260250
4705,8476667,8463167
4706,8350708,8338708
4707,7900625,7887500
4708,8373584,8360750
4709,8235333,8225000
4710,8153542,8143292
4711,8408750,8395750
4712,8218750,8208041
4713,9006750,8993291
4714,8354416,8341333
4715,8257000,8245834
4716,8293917,8281375
4717,8222750,8211792
4718,8316958,8303167
4719,7934334,7921584
4720,8290375,8278041
4721,8262583,8251875
4722,8214708,8203833
4723,8108000,8097292
4724,9421292,9411209
4725,8142542,8125750
4726,8924333,8898083
4727,7832083,7802958
4728,8730750,8710959
4729,7692125,7671584
4730,8631459,8612167
4731,8385041,8361666
4732,8710709,8686292
4733,7475041,7455875
4734,8375542,8363584
4735,8272208,8260208
4736,8318334,8306042
4737,8080166,8065875
4738,8264875,8252792
4739,8352500,8339375
4740,8215792,8205792
4741,8574375,8557417
4742,8458583,8447750
4743,8243834,8227375
4744,8365708,8354666
4745,8264375,8251042
4746,8566708,8544625
4747,8911209,8879875
4748,7914375,7887750
4749,9017625,8980416
4750,8099416,8069291
4751,7997792,7967667
4752,8851875,8823167
4753,8061042,8025958
4754,8179958,8146166
4755,8669458,8638208
4756,8041500,8007334
4757,8822250,8795292
4758,7860709,7833834
4759,8959416,8936458
4760,7727167,7699459
4761,8620750,8596167
4762,7676917,7652792
4763,9330625,9304166
4764,7698666,7679416
4765,8932750,8905542
4766,7799334,7774709
4767,8346625,8322416
4768,7741958,7715250
4769,8887125,8864208
4770,8779042,8757000
4771,7746083,7722791
4772,8729750,8709250
4773,8525708,8497708
4774,7826792,7801459
4775,8808792,8786708
4776,7683541,7661500
4777,9038792,9012959
4778,7552875,7530417
4779,8133417,8116625
4780,8383250,8370125
4781,8271916,8259708
4782,8226125,8213792
4783,8263167,8251584
4784,8354542,8340375
4785,8144000,8129583
4786,8258250,8248791
4787,8207375,8196333
4788,8267666,8255500
4789,9562375,9546750
4790,7229750,7215500
4791,8624000,8611709
4792,9189417,9174459
4793,7246792,7230792
4794,8474208,8463375
4795,8370500,8359292
4796,8261208,8250083
4797,9052750,9039959
4798,8367959,8356125
4799,8332750,8321208
4800,8327875,8315000
4801,8372250,8358958
4802,8264500,8253000
4803,8142333,8123083
4804,8394458,8381667
4805,8310542,8299250
4806,8300042,8286792
4807,8415958,8402000
4808,8306583,8294750
4809,8031667,8017417
4810,8666542,8641833
4811,8845541,8821583
4812,7491334,7471917
4813,8725833,8703791
4814,8688417,8670292
4815,8187083,8166291
4816,7366208,7350333
4817,8226542,8214875
4818,8330292,8319208
4819,8274583,8264833
4820,8360708,8345792
4821,8168709,8158709
4822,9079416,9065708
4823,8266750,8255459
4824,8315792,8306125
4825,8294875,8280500
4826,8231375,8219792
4827,8972833,8960083
4828,8163125,8153667
4829,8236834,8225834
4830,8227666,8216958
4831,8609125,8593750
4832,8476917,8464667
4833,8181958,8163333
4834,8427834,8414459
4835,8766166,8733500
4836,7681625,7658750
4837,8881084,8852542
4838,7877375,7850083
4839,8597666,8565291
4840,8105875,8072959
4841,9150709,9117209
4842,7919125,7885041
4843,8250916,8205541
4844,8041667,8000209
4845,8753500,8721500
4846,8117750,8084917
4847,7945208,7914917
4848,8979792,8943000
4849,7963292,7929000
4850,9094083,9056333
4851,7820667,7784083
4852,8311750,8278416
4853,7805125,7774750
4854,8856041,8829833
4855,9809042,9756209
4856,9810250,9760500
4857,8031083,7996417
4858,5654584,5619250
4859,8576875,8534791
4860,7778166,7749875
4861,8895334,8863542
4862,8138833,8102791
4863,8591500,8560708
4864,8033583,8000792
4865,7793209,7766000
4866,8907666,8882958
4867,7862875,7836875
4868,8724417,8698709
4869,8715125,8676958
4870,7906208,7877833
4871,7866625,7837125
4872,8836417,8809209
4873,7859250,7835500
4874,8710833,8684250
4875,8674459,8641625
4876,7914583,7887291
4877,8973958,8945125
4878,7889292,7859584
4879,7755750,7730375
4880,8934083,8904417
4881,8623292,8593959
4882,7867375,7835833
4883,9002042,8971125
4884,7647541,7620458
4885,9164750,9136959
4886,7923917,7894459
4887,8065125,8045708
4888,7537167,7515750
4889,8799958,8771583
4890,8593417,8576583
4891,7361541,7342458
4892,8866917,8842834
4893,8484375,8461167
4894,8597458,8578042
4895,7619084,7597334
4896,8436916,8421208
4897,8927459,8895667
4898,8483333,8463500
4899,8324542,8299833
4900,9793333,9779125
4901,6549750,6522792
4902,10089458,10077625
4903,6266375,6251875
4904,8545750,8533792
4905,8068250,8052500
4906,8382292,8369250
4907,8309083,8293000
4908,8962375,8933792
4909,7547709,7526209
4910,8288708,8276041
4911,9112958,9093750
4912,8988250,8961792
4913,7494042,7474209
4914,8661125,8636750
4915,7238708,7225458
4916,8359750,8346500
4917,9183250,9165625
4918,8226375,8215709
4919,8224750,8214709
4920,8260209,8250792
4921,8510708,8493125
4922,8301333,8290542
4923,8237375,8213500
4924,8492584,8475750
4925,8427750,8413416
4926,8280416,8270250
4927,8405959,8392459
4928,7131375,7122083
4929,9336958,9326083
4930,7950292,7934792
4931,8326833,8313833
4932,8736625,8717333
4933,8444000,8430417
4934,8381833,8370583
4935,7935584,7920334
4936,8224083,8215750
4937,8185250,8175708
4938,8260167,8249333
4939,8244833,8232500
4940,8232042,8220625
4941,9338541,9316291
4942,7673834,7648667
4943,8526666,8507333
4944,8796542,8778084
4945,7414042,7396250
4946,8206958,8194791
4947,8194875,8182833
4948,8934333,8919125
4949,8542542,8525459
4950,8277083,8268042
4951,8329334,8317209
4952,8413708,8399541
4953,8018417,8003583
4954,8342000,8329833
4955,8188666,8179041
4956,8165000,8154500
4957,8294792,8282542
4958,8383042,8368750
4959,8947375,8934625
4960,8270875,8260041
4961,8207708,8197916
4962,8221833,8211708
4963,8236625,8226709
4964,8257875,8247209
4965,8972375,8959959
4966,8300334,8290375
4967,8229208,8219083
4968,8197417,8181333
4969,8707416,8690416
4970,8780250,8760667
4971,8058375,8041209
4972,7294292,7280000
4973,8740125,8718833
4974,8447625,8435250
4975,8239292,8229292
4976,8531333,8514708
4977,8004875,7990875
4978,8287375,8275833
4979,8188292,8176917
4980,8166416,8156583
4981,8269667,8258834
4982,8331083,8320500
4983,8219209,8208250
4984,8823916,8811541
4985,8243709,8233584
4986,8218791,8209000
4987,8431709,8416750
4988,8205208,8195625
4989,8977000,8964542
4990,8214667,8204333
4991,8383291,8371583
4992,8213959,8202500
4993,8380083,8368166
4994,8245167,8234833
4995,7985916,7972416
4996,8189125,8178709
4997,8202792,8192042
4998,8139375,8129917
4999,9349417,9333542
5000,8652000,8635500
5001,8272083,8253083
5002,7311333,7291500
5003,8486834,8474375
5004,8383250,8369458
5005,8662416,8643208
5006,8430584,8419167
5007,7834375,7818583
5008,8294791,8284583
5009,8196625,8185375
5010,8213375,8203042
5011,9290459,9281042
5012,8394833,8381291
5013,7982625,7966167
5014,8295917,8286417
5015,8268666,8255875
5016,8221459,8212000
5017,8361583,8349833
5018,8309792,8298292
5019,8950583,8937458
5020,8129542,8118625
5021,8261875,8251583
5022,8220541,8211625
5023,8249667,8238792
5024,8172750,8161125
5025,9006375,8992667
5026,8334792,8322625
5027,8753500,8722541
5028,7870250,7838791
5029,8592666,8579125
5030,7513542,7494584
5031,8300208,8279625
5032,8727042,8705500
5033,8780833,8759417
5034,7556625,7530625
5035,8301000,8286709
5036,8437375,8425667
5037,8189292,8171750
5038,8391167,8377042
5039,8292458,8278208
5040,8228458,8217375
5041,8378875,8365584
5042,8217167,8207250
5043,9078125,9057042
5044,8246125,8235625
5045,8188542,8177042
5046,8258416,8250250
5047,8412125,8398667
5048,8412584,8400250
5049,8071500,8055416
5050,8329541,8317458
5051,8303959,8291500
5052,8328666,8317000
5053,8173625,8162167
5054,8445792,8434167
5055,8858417,8846583
5056,8296541,8285291
5057,8538542,8521250
5058,7829292,7801125
5059,8844833,8822958
5060,7598167,7577375
5061,8202416,8183833
5062,9035417,9005584
5063,8589667,8572917
5064,7473125,7453666
5065,8640875,8620666
5066,8515208,8500000
5067,8267375,8248250
5068,8377750,8363250
5069,8278750,8265958
5070,8258375,8245667
5071,8811583,8787417
5072,7547209,7525750
5073,8459291,8429250
5074,8466875,8451375
5075,8254334,8237959
5076,8941250,8913041
5077,7968625,7936916
5078,8939416,8907000
5079,8324584,8292459
5080,7641916,7612083
5081,9053792,9019167
5082,7785292,7747625
5083,9089750,9051750
5084,7890958,7845583
5085,8414208,8377708
5086,7912125,7870375
5087,8798417,8766709
5088,7820750,7785625
5089,8998417,8964750
5090,8566708,8538833
5091,7544042,7513417
5092,8942875,8910750
5093,8061041,8028750
5094,7834417,7800084
5095,8807500,8782708
5096,7825000,7791833
5097,8866708,8824208
5098,7859084,7825459
5099,8837750,8806000
5100,7793583,7756958
5101,9112625,9079875
5102,7788083,7763625
5103,8596334,8563792
5104,7613208,7588875
5105,8461208,8446458
5106,8378792,8365834
5107,8311417,8297375
5108,8321041,8310625
5109,8022792,8010250
5110,8614750,8597167
5111,8230708,8220875
5112,8119834,8110875
5113,8228416,8220166
5114,8254834,8242959
5115,9060333,9045500
5116,8640125,8615667
5117,7773125,7747208
5118,8587208,8570750
5119,8477334,8462375
5120,8430916,8419291
5121,8108250,8094917
5122,8361625,8349625
5123,8180000,8170125
5124,8501625,8487042
5125,8337042,8323125
5126,8771917,8742583
5127,8174000,8153750
5128,7380166,7363500
5129,8514875,8501875
5130,8287334,8276750
5131,8192250,8180708
5132,8289958,8279208
5133,8969208,8957000
5134,8244375,8235292
5135,8339042,8327584
5136,8392583,8374333
5137,8558709,8544000
5138,7350458,7333083
5139,8459917,8446708
5140,9079958,9065875
5141,8355833,8340625
5142,8571417,8554167
5143,7454708,7436458
5144,8262167,8249709
5145,9489708,9462625
5146,7502125,7483375
5147,8764292,8737209
5148,9160167,9128000
5149,7593375,7570541
5150,7829416,7801083
5151,8293167,8272125
5152,8901792,8872917
5153,7283000,7267333
5154,9023000,8996541
5155,8805041,8784000
5156,7709000,7679959
5157,8605417,8578250
5158,8519208,8502917
5159,7259125,7245500
5160,8320000,8308125
5161,8366125,8348084
5162,8376042,8363584
5163,8294042,8284250
5164,8987000,8971916
5165,8285541,8273375
5166,8172667,8161500
5167,8190500,8182500
5168,8476958,8462917
5169,7998834,7982834
5170,8365708,8351791
5171,8210292,8200417
5172,8727625,8703041
5173,8822250,8798333
5174,8423791,8405625
5175,8302709,8278584
5176,8652125,8632708
5177,7279833,7262666
5178,8263917,8251000
5179,8321125,8308750
5180,8371625,8358083
5181,8835625,8819250
5182,8326250,8315000
5183,8222250,8211250
5184,8141750,8131375
5185,8430875,8417250
5186,8281791,8269333
5187,9225875,9203334
5188,7521250,7503250
5189,8277167,8263500
5190,8246083,8235833
5191,8165750,8154042
5192,8406834,8394417
5193,9222833,9204625
5194,7293667,7270625
5195,8517666,8506875
5196,8215292,8205500
5197,8357542,8340083
5198,8041541,8031166
5199,8184959,8173500
5200,9195583,9172875
5201,8801083,8775792
5202,7222292,7206750
5203,8232042,8219833
5204,9626541,9610250
5205,8053709,8037959
5206,8250625,8238208
5207,8170250,8159541
5208,8718333,8692916
5209,7490292,7472833
5210,8355708,8340291
5211,9028417,9013333
5212,8619916,8592125
5213,7536292,7515709
5214,8461958,8446458
5215,8685584,8666334
5216,8846708,8819333
5217,7053000,7036958
5218,8466500,8451792
5219,8295917,8283167
5220,8279666,8266875
5221,8257500,8247542
5222,8358542,8345042
5223,9052667,9037542
5224,8361875,8349333
5225,8262583,8253791
5226,8214833,8204542
5227,8279292,8268667
5228,8541167,8525917
5229,7920250,7906458
5230,8241208,8229833
5231,8913583,8884750
5232,8796709,8773250
5233,7656125,7631375
5234,8664291,8642708
5235,8209875,8190417
5236,8722875,8706125
5237,7434417,7412334
5238,8247500,8236917
5239,8255542,8245333
5240,8347750,8334375
5241,9059750,9046125
5242,8255333,8243875
5243,8278625,8266792
5244,8232792,8222875
5245,8200541,8191583
5246,8450834,8437917
5247,7887500,7874958
5248,8308750,8298083
5249,8255791,8244666
5250,8125500,8116000
5251,8267584,8256584
5252,9444625,9431416
5253,8044625,8031166
5254,8226708,8215291
5255,8262083,8252917
5256,8235500,8225167
5257,8297750,8286000
5258,8277250,8262584
5259,9278500,9252542
5260,7565084,7541417
5261,8565000,8550041
5262,8511208,8495166
5263,8382000,8368167
5264,8199208,8186625
5265,8017584,8002667
5266,8337708,8325208
5267,8335667,8322750
5268,8452875,8436666
5269,8761958,8738458
5270,7403917,7386375
5271,9183708,9166166
5272,8249583,8238583
5273,8874417,8844042
5274,7372208,7353167
5275,8655625,8638750
5276,8399042,8385709
5277,8160042,8139333
5278,8374333,8359500
5279,8248958,8237292
5280,8305834,8292334
5281,8341833,8329000
5282,8414625,8401083
5283,7964083,7949417
5284,8266250,8255542
5285,8281792,8270625
5286,8436417,8416500
5287,8869750,8844750
5288,8367625,8353500
5289,8095500,8079375
5290,8421250,8403541
5291,8405458,8391750
5292,8279500,8268500
5293,8365167,8350875
5294,10750791,10711625
5295,9837792,9779584
5296,7542833,7533000
5297,6714125,6703125
5298,6548375,6529667
5299,8379959,8361250
5300,8423333,8413041
5301,8062958,8048458
5302,8297750,8284084
5303,8260917,8246542
5304,8606000,8586875
5305,10131125,10121208
5306,6125500,6109458
5307,9287417,9269583
5308,9665791,9656208
5309,6221792,6201709
5310,9982250,9972708
5311,7522542,7505417
5312,7306083,7293416
5313,9272458,9246875
5314,7849292,7820625
5315,8759792,8736292
5316,7731625,7702291
5317,9030791,9001125
5318,7866000,7836250
5319,8617834,8584584
5320,8995791,8963083
5321,7879834,7849542
5322,7715000,7691375
5323,9024125,8996125
5324,7808125,7782041
5325,8714375,8678375
5326,7647750,7624500
5327,8783250,8754250
5328,8724291,8704625
5329,7675000,7652042
5330,8958792,8923917
5331,8623375,8590583
5332,8008875,7975417
5333,7922458,7889417
5334,8784209,8752750
5335,7836041,7802791
5336,8806542,8776834
5337,8682250,8642875
5338,7883292,7849208
5339,7900333,7871666
5340,8837000,8800333
5341,7799333,7763625
5342,9131792,9099542
5343,8629000,8598875
5344,7644875,7622042
5345,8931417,8899250
5346,7744666,7718291
5347,8046125,8013625
5348,8739334,8715875
5349,8499666,8478500
5350,7416667,7396084
5351,8575000,8562458
5352,8353500,8342417
5353,8291333,8278417
5354,8346792,8335834
5355,7995208,7980125
5356,8378917,8365375
5357,8251458,8241917
5358,8267917,8257375
5359,8227333,8217750
5360,8375709,8360250
5361,9050541,9035583
5362,8292500,8281167
5363,8276875,8266167
5364,8236167,8225000
5365,8224458,8213875
5366,8365500,8351792
5367,7942584,7925667
5368,8285208,8274250
5369,8213417,8202292
5370,8181208,8170291
5371,9323000,9309875
5372,8353250,8341917
5373,8465917,8439417
5374,8853708,8827541
5375,7396250,7375917
5376,8429958,8416542
5377,8427584,8413750
5378,8344500,8331625
5379,8566166,8530458
5380,7834084,7800500
5381,8976666,8949291
5382,7477334,7456125
5383,8405625,8389125
5384,8480250,8463625
5385,7956708,7939500
5386,8353333,8339708
5387,8323750,8309125
5388,8185167,8174500
5389,8503875,8485208
5390,8482542,8469458
5391,9181208,9164875
5392,7172417,7159000
5393,8280875,8268250
5394,9239208,9227416
5395,8515083,8501583
5396,7350042,7333042
5397,9071292,9057167
5398,8277041,8264750
5399,8237959,8227417
5400,8169500,8159416
5401,8182625,8169250
5402,8349166,8336166
5403,8212500,8188250
5404,10443625,10419917
5405,6417375,6393459
5406,8708709,8693209
5407,8680416,8661583
5408,7298167,7281334
5409,9227542,9207917
5410,8782291,8770208
5411,7106959,7094959
5412,10536708,10527625
5413,6321125,6287042
5414,8450375,8437375
5415,8013500,7996333
5416,8398708,8384458
5417,8183459,8172625
5418,8848916,8823875
5419,8459542,8441459
5420,8454042,8440375
5421,8031625,8016333
5422,9995166,9986250
5423,6252167,6228500
5424,10134833,10121708
5425,7462292,7445375
5426,7235042,7220500
5427,9459458,9418791
5428,8169833,8149458
5429,8345000,8331167
5430,8312625,8300084
5431,8413709,8395917
5432,7735250,7710791
5433,8350000,8326666
5434,8383250,8369625
5435,8599125,8577708
5436,8395291,8380791
5437,8687542,8669125
5438,7401667,7385708
5439,8958541,8946458
5440,8323834,8311875
5441,8276250,8264333
5442,8212541,8202166
5443,8224167,8214417
5444,8365000,8352292
5445,9949000,9938708
5446,6156000,6138083
5447,10190417,10180833
5448,7276875,7266458
5449,8704916,8683041
5450,7247750,7233875
5451,8928084,8914625
5452,8300125,8289125
5453,10558250,10549000
5454,6069416,6059791
5455,8702125,8687584
5456,7547542,7527875
5457,9088958,9076708
5458,8214334,8205250
5459,9632791,9623791
5460,6064250,6053167
5461,10253084,10244250
5462,7319041,7304958
5463,10203084,10177750
5464,6427208,6412875
5465,8716167,8699125
5466,8897041,8883291
5467,7298584,7285417
5468,8733875,8712208
5469,8143333,8125458
5470,8500500,8485292
5471,7171625,7158625
5472,8436458,8424417
5473,8319542,8305709
5474,8127583,8117458
5475,11564875,11556334
5476,5785959,5764084
5477,10607458,10597333
5478,6384833,6357250
5479,8532500,8519042
5480,8283750,8273750
5481,9281875,9251375
5482,7227625,7212417
5483,8473375,8460500
5484,8322292,8311459
5485,8470917,8455083
5486,7141416,7128000
5487,11947125,11938209
5488,5744625,5723917
5489,10661042,10649417
5490,6330542,6311708
5491,7532125,7515541
5492,8545125,8533500
5493,8010666,7995958
5494,8295375,8283917
5495,8138334,8128709
5496,9588041,9576625
5497,7175500,7160209
5498,8204709,8193750
5499,8498875,8461833
5500,8441208,8427625
5501,8199417,8187917
5502,8155416,8144500
5503,8335584,8320209
5504,8678875,8657208
5505,8615375,8587000
5506,8772791,8751416
5507,7592542,7565417
5508,8827750,8799833
5509,8969542,8935458
5510,7861000,7827791
5511,8473333,8441958
5512,7941750,7908125
5513,9142833,9109833
5514,7989542,7952750
5515,7979208,7943292
5516,8976167,8941750
5517,7443792,7415208
5518,8942500,8908916
5519,7674541,7645625
5520,8684334,8653709
5521,8850208,8819083
5522,7861542,7830833
5523,8730041,8693541
5524,7957209,7923292
5525,8947250,8912041
5526,7912958,7873041
5527,7832000,7797708
5528,8644167,8618625
5529,8438958,8411500
5530,7661417,7631292
5531,8596583,8578833
5532,8509583,8486167
5533,8491167,8473250
5534,7667625,7645417
5535,8203500,8183125
5536,8611125,8593833
5537,9955375,9944042
5538,7246250,7233667
5539,7352292,7335958
5540,8436666,8419916
5541,9215667,9195334
5542,7159750,7145667
5543,9417917,9406958
5544,8434791,8420166
5545,7239209,7217000
5546,9487375,9472750
5547,8082541,8064791
5548,8413875,8400667
5549,8221334,8208875
5550,8196791,8185625
5551,8606917,8588167
5552,8454292,8440208
5553,8097000,8081666
5554,8496625,8480083
5555,8666166,8637125
5556,7656834,7630209
5557,8653375,8631791
5558,8860000,8825500
5559,7279583,7252125
5560,9015250,8980625
5561,7729917,7702542
5562,8744958,8717958
5563,8663667,8640333
5564,7854916,7819875
5565,8451000,8418334
5566,8861584,8833792
5567,7528583,7508833
5568,8757625,8730542
5569,8075208,8033500
5570,8931000,8899250
5571,8379959,8351250
5572,7894250,7860916
5573,8682583,8656291
5574,7702667,7671083
5575,8811625,8783458
5576,8002208,7964875
5577,8591792,8562667
5578,7750083,7721000
5579,8876417,8840167
5580,7659083,7632041
5581,8876208,8848333
5582,8668167,8643167
5583,8550833,8519792
5584,7353167,7339625
5585,8458833,8439750
5586,8507375,8490709
5587,8528584,8514167
5588,8341833,8327916
5589,8330792,8309792
5590,7242750,7228291
5591,8312083,8300125
5592,8268750,8255833
5593,9430625,9416625
5594,8463792,8447750
5595,8047833,8030791
5596,8438208,8425625
5597,8277042,8263709
5598,8233208,8221667
5599,8294750,8281834
5600,8538500,8525500
5601,8011792,7994500
5602,8395500,8380292
5603,8366000,8352750
5604,8250458,8240042
5605,8470750,8455167
5606,8415959,8402042
5607,7924708,7909125
5608,8262375,8250083
5609,8298417,8286708
5610,8311041,8300333
5611,8264334,8250459
5612,8433500,8423541
5613,9000875,8987500
5614,8399166,8385958
5615,7191834,7175584
5616,8866250,8838958
5617,8950333,8923041
5618,7804333,7776958
5619,8503834,8476625
5620,8555458,8538291
5621,8526542,8508292
5622,7561916,7542666
5623,8538375,8523584
5624,8669500,8650542
5625,8094042,8070625
5626,8560917,8539750
5627,8464291,8448333
5628,8423042,8407667
5629,7752167,7724917
5630,8860625,8833541
5631,8173708,8153833
5632,8446833,8433333
5633,8310042,8299584
5634,8379042,8366458
5635,7202125,7187541
5636,9498666,9484958
5637,8015084,8002084
5638,8551166,8535291
5639,8345500,8332167
5640,8213917,8201000
5641,8242208,8229625
5642,8600667,8583542
5643,8409417,8387458
5644,7666541,7644250
5645,8882625,8856292
5646,8969167,8940417
5647,7760833,7729750
5648,7785584,7757084
5649,8703833,8674750
5650,8881583,8851875
5651,7800375,7769834
5652,8352834,8336292
5653,8337625,8325958
5654,8482750,8468125
5655,8019791,8005375
5656,8354792,8343250
5657,8282583,8273250
5658,8460917,8448000
5659,8574000,8556167
5660,7244208,7229792
5661,8199375,8187375
5662,9168084,9154875
5663,8227500,8215125
5664,8314750,8302250
5665,8379041,8365708
5666,8191792,8181750
5667,8138875,8119417
5668,8276417,8265000
5669,8201083,8189458
5670,8143583,8131875
5671,8507250,8488167
5672,8977750,8953667
5673,8219125,8201500
5674,8482375,8462667
5675,8626334,8611292
5676,7235291,7221625
5677,8360625,8347417
5678,8610542,8590500
5679,9038958,9022875
5680,8293334,8281917
5681,8315958,8304958
5682,8277917,8267208
5683,8242166,8230333
5684,8344875,8333459
5685,7989125,7972334
5686,8393500,8378834
5687,8257084,8245250
5688,11125833,11091666
5689,10137500,10070375
5690,7660042,7610375
5691,8477333,8421625
5692,6501000,6464125
5693,8089667,8074458
5694,6521666,6497791
5695,8819959,8800875
5696,7385458,7371250
5697,9792875,9763500
5698,7555042,7534625
5699,8445166,8430583
5700,8482375,8463459
5701,9584709,9571292
5702,6184416,6166541
5703,11657709,11647709
5704,5131000,5116750
5705,10848000,10837750
5706,6219375,6200541
5707,8498541,8487291
5708,8428834,8414875
5709,8017750,8002708
5710,10218833,10208791
5711,7621125,7611333
5712,7217375,7205250
5713,10566750,10556583
5714,6196583,6186750
5715,8500834,8483917
5716,8560833,8545500
5717,7240667,7226083
5718,8203875,8193750
5719,10441500,10432416
5720,7262208,7251083
5721,10490458,10480458
5722,6298667,6288917
5723,7641125,7626625
5724,9852500,9841167
5725,7288083,7272958
5726,10566625,10553542
5727,5786250,5770584
5728,10606459,10594667
5729,6273500,6252625
5730,8744416,8724375
5731,7297375,7282542
5732,8514042,8496750
5733,8062875,8050167
5734,8302750,8293292
5735,9890250,9880625
5736,9552333,9544833
5737,6193792,6182625
5738,9037917,9013958
5739,8595208,8565458
5740,7689333,7659500
5741,7502250,7480834
5742,8292667,8278209
5743,8353833,8340708
5744,8472500,8456667
5745,9231250,9212500
5746,7465417,7440084
5747,8408000,8394458
5748,8672292,8654708
5749,8692583,8671500
5750,7713375,7688167
5751,8293375,8268042
5752,8649833,8631500
5753,8635042,8620709
5754,7364167,7349333
5755,8730208,8707458
5756,8898500,8866083
5757,8525625,8495792
5758,7657042,7630167
5759,8696666,8672541
5760,8321375,8306042
5761,8296042,8284459
5762,8356375,8344167
5763,8105667,8087542
5764,8288125,8277458
5765,8372166,8359750
5766,8691000,8664042
5767,7826542,7794959
5768,9033250,9001333
5769,8245917,8231458
5770,7312041,7294458
5771,8266084,8254375
5772,8239666,8228458
5773,8486125,8468834
5774,8215917,8205500
5775,8325458,8313125
5776,8949917,8936500
5777,8290417,8279000
5778,8266958,8256625
5779,8289958,8274875
5780,8249667,8237292
5781,8082250,8070208
5782,8272750,8261833
5783,8244625,8235167
5784,8190417,8178583
5785,9394000,9372958
5786,8747375,8727833
5787,8104416,8089083
5788,7085125,7072542
5789,9362875,9351709
5790,8161875,8152084
5791,8559584,8541084
5792,8302958,8288416
5793,8065750,8049708
5794,8356333,8343875
5795,8619209,8599542
5796,8852583,8819791
5797,7662750,7632333
5798,8897333,8866458
5799,8577084,8545375
5800,7802250,7772583
5801,7691916,7668291
5802,8919625,8885625
5803,8976542,8944042
5804,7699750,7673917
5805,8685292,8652792
5806,7559500,7536625
5807,8601250,8578750
5808,8734833,8713291
5809,7955958,7922875
5810,8770292,8743084
5811,8365750,8334792
5812,7969333,7926208
5813,8778625,8750334
5814,7954750,7919250
5815,7864375,7832917
5816,9016375,8981459
5817,8774750,8738334
5818,7965584,7929459
5819,7630541,7602000
5820,9052209,9020584
5821,7946166,7909833
5822,8844125,8810042
5823,7363750,7334500
5824,8830250,8806167
5825,8375292,8361750
5826,7295875,7278917
5827,8439292,8421500
5828,8293500,8281458
5829,9150000,9132666
5830,8382916,8369041
5831,8336709,8323834
5832,8211416,8200333
5833,8358959,8341250
5834,8359083,8347708
5835,7902458,7886958
5836,8255292,8240959
5837,8227375,8216917
5838,8254958,8244375
5839,8186250,8174875
5840,8228209,8214334
5841,9337916,9323750
5842,8241417,8227500
5843,8173625,8162042
5844,8592625,8577583
5845,8695958,8677208
5846,7339500,7323459
5847,8949167,8938042
5848,8275625,8261125
5849,8308833,8297667
5850,8843750,8816625
5851,7440125,7418959
5852,8276667,8264709
5853,8100292,8080917
5854,8533708,8517541
5855,8271042,8259833
5856,8701625,8680291
5857,8474250,8459666
5858,8449250,8434125
5859,8045916,8032041
5860,8270792,8259625
5861,8206917,8196125
5862,8300041,8290000
5863,8305167,8292667
5864,8262875,8252167
5865,8018250,8004042
5866,8381792,8369333
5867,8221041,8210791
5868,8263542,8252334
5869,9267375,9257000
5870,8537042,8520167
5871,8011416,7996833
5872,8280292,8270417
5873,8718625,8699542
5874,7436875,7414833
5875,8726583,8704333
5876,8449709,8432584
5877,8026333,8012833
5878,8342042,8328167
5879,8317458,8304166
5880,8302917,8289625
5881,8488833,8472666
5882,8376333,8363875
5883,7920667,7905209
5884,8246292,8234500
5885,8183250,8173666
5886,9312750,9302875
5887,8196958,8182000
5888,8296167,8284583
5889,8188250,8171291
5890,8287958,8276666
5891,8321792,8308167
5892,8099166,8088375
5893,8296542,8284000
5894,8241500,8229750
5895,8870625,8857875
5896,8241833,8230208
5897,8250834,8240417
5898,8206416,8196458
5899,8240084,8231417
5900,8217875,8206041
5901,9013458,8999625
5902,8491667,8477292
5903,8622625,8606250
5904,7189291,7174750
5905,8529500,8509667
5906,8722625,8695625
5907,7933959,7917459
5908,8224291,8211625
5909,8285875,8275250
5910,8166375,8155709
5911,8259625,8246584
5912,9360167,9348292
5913,7989000,7972250
5914,8366583,8353625
5915,8396125,8382834
5916,8327375,8316667
5917,8454292,8437667
5918,8351125,8339542
5919,7922417,7908417
5920,8280208,8268083
5921,8151458,8141000
5922,8223209,8213834
5923,8173458,8163041
5924,9366583,9354875
5925,7946459,7931375
5926,8430250,8415583
5927,8144125,8135333
5928,8143041,8134041
5929,8151042,8137584
5930,9073958,9040875
5931,8442792,8416667
5932,8497083,8478500
5933,8252334,8238625
5934,8284916,8275125
5935,8160584,8149959
5936,8450333,8432750
5937,8197958,8179542
5938,8327667,8313500
5939,8334542,8324042
5940,8331041,8319291
5941,8324125,8310542
5942,8322875,8309834
5943,7928750,7917250
5944,8309167,8298334
5945,8286083,8275292
5946,8143500,8133125
5947,8362875,8350000
5948,8323334,8311292
5949,9301458,9280041
5950,7418417,7391542
5951,8582375,8569583
5952,8480458,8465833
5953,8249083,8235667
5954,8213959,8203417
5955,9124458,9107833
5956,7171667,7156417
5957,8257958,8245958
5958,9298958,9288125
5959,8273417,8260459
5960,8430833,8415792
5961,10568667,10530000
5962,6443833,6424667
5963,7696584,7673125
5964,8310458,8297666
5965,8246417,8234292
5966,10392083,10380958
5967,6909708,6894208
5968,8202417,8190125
5969,10479250,10469625
5970,6167833,6155583
5971,8524542,8509084
5972,7211500,7199500
5973,8324542,8314458
5974,8992000,8978666
5975,8267416,8254375
5976,8271042,8260625
5977,8258542,8246083
5978,10570791,10556833
5979,5760209,5744375
5980,10602541,10591083
5981,6232292,6222417
5982,8492125,8479875
5983,8253500,8242458
5984,8294083,8280750
5985,8088334,8073084
5986,10078708,10067458
5987,7239083,7226458
5988,10410709,10401875
5989,6820166,6796250
5990,8262125,8229834
5991,8194042,8174209
5992,7580417,7557958
5993,8380458,8364250
5994,8345833,8330292
5995,8375875,8360417
5996,8481834,8466042
5997,8094333,8076583
5998,8359833,8347000
5999,9917959,9909167
6000,9815416,9807125
6001,5072000,5055709
6002,9535584,9493625
6003,7380583,7361666
6004,10044000,10034333
6005,6159875,6149917
6006,8477167,8465750
6007,10500875,10490875
6008,6214208,6195625
6009,8781833,8755875
6010,8567542,8550250
6011,8354375,8341292
6012,8355833,8344208
6013,8249750,8237959
6014,8320167,8308125
6015,8198042,8178542
6016,10126416,10115000
6017,6405584,6385834
6018,8746291,8731666
6019,8560875,8548042
6020,7203084,7187459
6021,10362333,10353916
6022,7009125,6993208
6023,8324250,8310750
6024,8270417,8258958
6025,8311041,8296875
6026,10161250,10151292
6027,6811792,6796667
6028,8407125,8392875
6029,10184958,10176250
6030,6085125,6072000
6031,10423792,10411209
6032,6372708,6359917
6033,8546917,8526209
6034,8250833,8238000
6035,8753750,8727084
6036,7924084,7894709
6037,8969333,8942416
6038,7629208,7604167
6039,8711375,8678000
6040,7736667,7704959
6041,8860208,8834833
6042,7727584,7701167
6043,9130000,9091583
6044,7698083,7670666
6045,8605792,8576583
6046,8696291,8672916
6047,7537084,7515667
6048,8892416,8862541
6049,7809417,7783667
6050,8929125,8897750
6051,8408625,8377750
6052,7736250,7708625
6053,9021542,8989875
6054,7956458,7924000
6055,8928000,8893833
6056,7764292,7734167
6057,8550166,8520375
6058,8168584,8128417
6059,8185541,8140583
6060,8891417,8864625
6061,7943917,7906333
6062,8084291,8048041
6063,8601209,8567834
6064,7524250,7506333
6065,8440291,8424333
6066,8297334,8286334
6067,8320416,8307666
6068,8294792,8281917
6069,8209542,8187500
6070,8359791,8345166
6071,8333709,8318834
6072,8212000,8201750
6073,10119458,10106625
6074,9860458,9848917
6075,6094334,6077125
6076,9766250,9750333
6077,6185333,6167333
6078,8571167,8558500
6079,8539333,8521750
6080,8315292,8301000
6081,9974166,9963916
6082,6163292,6151584
6083,8612417,8600708
6084,8351625,8342125
6085,8509083,8494625
6086,9901042,9888167
6087,6974458,6953291
6088,7304042,7289333
6089,8510500,8496833
6090,8485083,8470250
6091,8510542,8493000
6092,8626916,8609083
6093,8010792,7995542
6094,8467833,8451833
6095,10174917,10165709
6096,6239250,6219500
6097,8576083,8558792
6098,8513334,8501667
6099,10109458,10095958
6100,6790833,6739458
6101,8619667,8602834
6102,7707083,7675708
6103,9096459,9067417
6104,7760666,7735375
6105,8317417,8296042
6106,8537250,8514625
6107,7479833,7461042
6108,8369084,8355959
6109,8492541,8478291
6110,8581500,8562542
6111,8320625,8294250
6112,8586875,8571292
6113,8599500,8580334
6114,7117000,7101292
6115,8244334,8232000
6116,9496750,9482958
6117,8063791,8049791
6118,8295000,8282459
6119,8359250,8339334
6120,8875834,8850542
6121,7608208,7589625
6122,8362625,8349458
6123,7996875,7980375
6124,8303125,8290708
6125,8197917,8186042
6126,8288458,8277750
6127,8155208,8146125
6128,9392625,9381209
6129,7997000,7977417
6130,8487042,8471375
6131,8745500,8719417
6132,7731000,7705292
6133,8576333,8560833
6134,8477750,8458959
6135,7953084,7932792
6136,8320375,8304333
6137,8456708,8443250
6138,8286583,8276500
6139,8528792,8512292
6140,8216875,8205625
6141,8043792,8030625
6142,8290583,8277291
6143,10080125,10071708
6144,9652250,9644208
6145,4966292,4951542
6146,8906125,8884375
6147,10085583,10074375
6148,8117667,8108083
6149,7241791,7231125
6150,9790209,9781834
6151,6225208,6206708
6152,8870708,8845417
6153,8237125,8222167
6154,8297375,8286542
6155,8234625,8222875
6156,8279375,8268709
6157,8188625,8178417
6158,8358959,8346584
6159,8325958,8294458
6160,8898000,8872833
6161,7231042,7215333
6162,8945583,8921833
6163,8702458,8682542
6164,8432750,8417000
6165,8491667,8454375
6166,7467792,7447417
6167,8369416,8350333
6168,8231250,8219334
6169,8592417,8576500
6170,8371833,8358417
6171,8264875,8239084
6172,8790459,8765959
6173,8329125,8316333
6174,8588416,8568500
6175,7458334,7438459
6176,8264041,8251291
6177,9001250,8986542
6178,8211167,8198459
6179,8246667,8236833
6180,8219083,8207916
6181,8148917,8139833
6182,8284208,8273041
6183,7956167,7942875
6184,8161125,8151833
6185,9362000,9350250
6186,8211666,8203041
6187,8435084,8420917
6188,8259833,8248958
6189,7939208,7923583
6190,8244667,8234667
6191,8212542,8201458
6192,8349166,8330083
6193,8719292,8692584
6194,8592708,8577042
6195,7973167,7958542
6196,8671375,8650042
6197,8396917,8384667
6198,8509416,8488291
6199,7162750,7151667
6200,8252750,8241875
6201,9295209,9286250
6202,8133958,8112666
6203,8336292,8321792
6204,8334083,8321166
6205,8269750,8258375
6206,8260333,8250667
6207,7796875,7781750
6208,8184709,8174167
6209,9261791,9252416
6210,8200792,8191042
6211,8822250,8799167
6212,7354125,7337542
6213,8997917,8983375
6214,8323000,8309666
6215,8257708,8245208
6216,8246250,8236458
6217,8295583,8285625
6218,8406667,8392875
6219,7882625,7867708
6220,9018292,8988250
6221,8836958,8809833
6222,7329958,7314250
6223,8399875,8385292
6224,8522000,8509959
6225,8137709,8120584
6226,8413666,8401375
6227,8210917,8200375
6228,8272792,8262333
6229,8278916,8265458
6230,8384584,8373125
6231,8954500,8940750
6232,8670166,8647583
6233,7323125,7309125
6234,8269209,8257500
6235,8400333,8385500
6236,8267750,8255208
6237,8990583,8978083
6238,8321334,8310292
6239,8180791,8170125
6240,8225167,8214667
6241,8145667,8135583
6242,8415291,8403625
6243,7928000,7912750
6244,8179334,8168709
6245,9167791,9158083
6246,8221000,8210584
6247,8159125,8148834
6248,8744625,8716959
6249,8373417,8349542
6250,8458917,8445250
6251,8526833,8508000
6252,7325917,7309000
6253,8242750,8230166
6254,8390791,8379625
6255,8990417,8975875
6256,8314500,8301833
6257,8311250,8297625
6258,8214708,8204583
6259,8216417,8202625
6260,8536708,8521542
6261,8277000,8252709
6262,8287584,8274417
6263,8222500,8211666
6264,8170583,8158333
6265,8323875,8310375
6266,8368417,8356458
6267,7933208,7917333
6268,8280417,8270333
6269,8162916,8153250
6270,9259709,9249875
6271,8445000,8430416
6272,8417500,8404458
6273,8125458,8106625
6274,8398125,8386042
6275,8319083,8302250
6276,9025209,8994750
6277,7793416,7766916
6278,8828125,8800875
6279,8359000,8330334
6280,7813750,7781500
6281,8827500,8801917
6282,7599667,7578459
6283,9067875,9030667
6284,7893208,7859542
6285,8623959,8592750
6286,7408166,7387250
6287,8710334,8689542
6288,8793458,8770208
6289,8010125,7973583
6290,8696500,8674083
6291,8439292,8412333
6292,7962083,7929875
6293,8881750,8853208
6294,7793167,7759375
6295,8864750,8827083
6296,7736041,7705708
6297,8587334,8554834
6298,7983625,7949708
6299,8871458,8836333
6300,8849708,8796292
6301,10701125,10652125
6302,9520000,9461709
6303,6282542,6228875
6304,6941208,6910375
6305,7358792,7341125
6306,8337375,8326333
6307,8891167,8859167
6308,7399958,7384083
6309,9384625,9342125
6310,7779583,7749292
6311,8471209,8454750
6312,7326125,7310875
6313,10560666,10550875
6314,7390709,7381042
6315,8079833,8063916
6316,8864542,8852208
6317,7314625,7301291
6318,8424500,8411333
6319,9829958,9820750
6320,6243542,6229708
6321,9734250,9710333
6322,7246583,7233791
6323,8247458,8236750
6324,10018334,10003750
6325,7413291,7396375
6326,8675375,8659417
6327,9734792,9725875
6328,6280000,6268375
6329,8558333,8546000
6330,8268292,8258542
6331,8138042,8123208
6332,10319791,10309750
6333,5847625,5833500
6334,10424792,10402125
6335,6751042,6724500
6336,8522875,8507083
6337,8490958,8475333
6338,7484917,7464292
6339,8843875,8829583
6340,10342583,10331833
6341,5962417,5951167
6342,10473833,10462166
6343,6427167,6412333
6344,8497666,8486375
6345,26257375,26230834
6346,1645709,1633959
6347,8680416,8658166
6348,9023125,8997292
6349,7549625,7520834
6350,9594500,9570000
6351,7521417,7499709
6352,8345958,8331708
6353,8327584,8316792
6354,8361500,8343875
6355,8219250,8207333
6356,7808541,7793708
6357,8309834,8300042
6358,8287125,8273708
6359,8158041,8147583
6360,9800084,9774167
6361,7800541,7771041
6362,8523375,8495917
6363,8531834,8512000
6364,7633875,7609208
6365,8579333,8558583
6366,8481250,8468792
6367,8240875,8225625
6368,8124708,8106875
6369,8290292,8275292
6370,8178875,8170292
6371,8177958,8168208
6372,8467459,8450250
6373,8269500,8261291
6374,8958666,8944875
6375,8307750,8297084
6376,8175000,8166625
6377,8470875,8452959
6378,8309959,8297042
6379,8300166,8284541
6380,8241500,8220375
6381,8254459,8242334
6382,8137500,8126750
6383,8159041,8149625
6384,8357042,8343417
6385,8161083,8150208
6386,8924000,8912167
6387,8225417,8215792
6388,8674500,8650542
6389,8567750,8550042
6390,7325458,7306792
6391,8289250,8277125
6392,9403084,9377625
6393,7243208,7224083
6394,9454750,9442917
6395,7156500,7147417
6396,8332750,8322125
6397,8152500,8143542
6398,8839458,8827542
6399,8221375,8213084
6400,8165792,8154709
6401,8160542,8150417
6402,8281875,8270583
6403,9377000,9365500
6404,8066708,8051083
6405,8270125,8259708
6406,8230292,8219042
6407,8215666,8205166
6408,8407542,8396875
6409,8213333,8203583
6410,9330209,9309334
6411,7299458,7278166
6412,8317208,8304708
6413,8373584,8356875
6414,8297916,8283041
6415,8296375,8284459
6416,8932000,8920417
6417,8267917,8257417
6418,8198417,8178458
6419,8428166,8412750
6420,8685167,8659625
6421,7165333,7147667
6422,8973000,8961459
6423,8348042,8335959
6424,8246167,8234333
6425,8188500,8178708
6426,8365416,8352541
6427,8179625,8169084
6428,8937709,8924834
6429,8220875,8211291
6430,8253125,8243208
6431,8165375,8154750
6432,8295291,8280458
6433,8512959,8495167
6434,8323208,8299500
6435,8411750,8395500
6436,8200708,8189833
6437,8167584,8157750
6438,8407250,8396583
6439,8203041,8192583
6440,9465167,9436959
6441,7319292,7296125
6442,8607916,8595041
6443,8344917,8333625
6444,8315417,8301792
6445,8168416,8157583
6446,7886542,7874167
6447,8440333,8424000
6448,8555542,8537125
6449,8505500,8493750
6450,8620792,8597500
6451,8473916,8462416
6452,8214334,8195417
6453,8304416,8292791
6454,8116834,8108042
6455,8289958,8277708
6456,8286125,8269292
6457,8255625,8246250
6458,8029042,8012875
6459,8372875,8362041
6460,8216708,8206333
6461,8223083,8211042
6462,8282250,8269709
6463,8296500,8284917
6464,9007292,8993875
6465,8521833,8506250
6466,8265000,8253834
6467,8145750,8133250
6468,8405834,8391542
6469,8176125,8166416
6470,8017125,8006083
6471,8557500,8542666
6472,8352791,8335875
6473,8537334,8517709
6474,8851250,8829166
6475,7273583,7255250
6476,9206583,9184208
6477,8452417,8438167
6478,8570125,8550500
6479,7444042,7423333
6480,8338166,8320416
6481,8144209,8131209
6482,9082500,9067375
6483,8317750,8307416
6484,8171291,8160958
6485,8303667,8291750
6486,8340000,8327083
6487,8193042,8182875
6488,8045333,8029291
6489,8290292,8279750
6490,8194375,8183541
6491,8096500,8086416
6492,9491166,9476458
6493,8715042,8695709
6494,8111500,8097333
6495,7120750,7108083
6496,8221792,8213167
6497,9356500,9341583
6498,8444833,8431916
6499,8215583,8204417
6500,8024625,8008084
6501,8347084,8335750
6502,8058791,8046458
6503,8141167,8130959
6504,8253417,8241375
6505,8154666,8144666
6506,9310959,9287792
6507,8427375,8414916
6508,8212833,8201666
6509,8268958,8257292
6510,8516209,8495542
6511,8188208,8177833
6512,8027542,8013583
6513,8256000,8243041
6514,8696375,8671041
6515,8963833,8935375
6516,7757333,7729250
6517,8736959,8711292
6518,8589041,8559041
6519,7685417,7663500
6520,8946250,8916125
6521,7833667,7802042
6522,8754416,8728708
6523,7471667,7446834
6524,8386750,8362500
6525,8632458,8613750
6526,8583459,8569500
6527,7920791,7883250
6528,8821417,8790125
6529,8024833,7987417
6530,8517917,8488709
6531,8886708,8858208
6532,7853750,7821709
6533,7895292,7864042
6534,8765792,8737750
6535,7930916,7898416
6536,8772875,8733250
6537,7881334,7849167
6538,8737375,8706791
6539,7811500,7784500
6540,9006750,8975000
6541,7922166,7889041
6542,8238417,8217084
6543,8495542,8479875
6544,8387833,8376458
6545,8405375,8391625
6546,7362000,7341708
6547,8266417,8253833
6548,9099458,9084375
6549,8498500,8485375
6550,8197792,8188458
6551,8189916,8180250
6552,8351500,8337959
6553,8310417,8294750
6554,7940375,7928292
6555,8297000,8280458
6556,8245292,8235583
6557,8246583,8233625
6558,8293542,8281375
6559,8193833,8182958
6560,9144375,9128375
6561,8376500,8363375
6562,8176042,8165750
6563,8169333,8157875
6564,8810083,8787958
6565,8588792,8570417
6566,8200417,8178458
6567,8354375,8336708
6568,8281625,8268791
6569,8321208,8309333
6570,8322417,8309875
6571,8247083,8236416
6572,8155417,8136792
6573,8274083,8265208
6574,8183875,8173792
6575,8153167,8143208
6576,8286125,8274500
6577,8191166,8183375
6578,9178959,9155959
6579,8477625,8463750
6580,7218208,7206208
6581,9210708,9200792
6582,8476667,8459084
6583,8156083,8146125
6584,8082000,8066000
6585,8311667,8301417
6586,8097875,8086042
6587,8186792,8175667
6588,8578250,8558833
6589,8395291,8378375
6590,7891250,7876584
6591,8409750,8395459
6592,8438292,8420959
6593,8519292,8501125
6594,8453541,8436333
6595,8287334,8276084
6596,8139041,8123125
6597,8436000,8416500
6598,8441167,8428709
6599,8247583,8235875
6600,8299584,8288667
6601,8142375,8132458
6602,8930250,8916791
6603,8277791,8267333
6604,8156084,8146084
6605,8257208,8244666
6606,8354292,8341125
6607,8374583,8359375
6608,8122833,8103417
6609,8180375,8168000
6610,8172792,8162667
6611,8162500,8151375
6612,9272917,9261958
6613,8221916,8209916
6614,7889417,7874000
6615,8321458,8311542
6616,8131750,8122875
6617,8141709,8133042
6618,9388375,9378250
6619,8273125,8260625
6620,8416708,8391708
6621,8542333,8528750
6622,7177542,7161209
6623,9246667,9235917
6624,8402208,8387750
6625,8195875,8185042
6626,7981667,7967208
6627,8220500,8210833
6628,8140916,8130208
6629,8185125,8174542
6630,8326834,8308542
6631,8251833,8242041
6632,9096000,9080792
6633,8778208,8756125
6634,7187917,7176292
6635,9357917,9345750
6636,8410833,8398250
6637,7165458,7154125
6638,8919125,8905584
6639,8262250,8252625
6640,8117709,8108084
6641,8166833,8154708
6642,8874833,8852417
6643,8410875,8399250
6644,8089667,8070542
6645,8433292,8420500
6646,8216875,8205708
6647,8265083,8255041
6648,8361167,8347833
6649,8226666,8216875
6650,9159959,9142417
6651,7703958,7679291
6652,8833208,8808042
6653,8498667,8483542
6654,8484250,8461125
6655,7255958,7241583
6656,9173334,9156584
6657,8711916,8692666
6658,7511875,7494500
6659,8243292,8231834
6660,8710000,8689125
6661,8371458,8359458
6662,8137292,8117750
6663,8306292,8294375
6664,8196458,8186125
6665,8182792,8174917
6666,8359083,8339583
6667,8185417,8175333
6668,9221125,9205541
6669,7300958,7285875
6670,8596542,8585000
6671,8297458,8287750
6672,8387792,8372417
6673,8347875,8336500
6674,7943083,7930791
6675,8254792,8244250
6676,8163250,8152750
6677,9317791,9307250
6678,8483709,8467209
6679,8503541,8485250
6680,8162542,8147084
6681,8255000,8243583
6682,8146375,8137083
6683,8153750,8144417
6684,8318708,8306333
6685,8170959,8159750
6686,8894041,8881666
6687,8244625,8234750
6688,8154250,8141834
6689,8161667,8152167
6690,8202458,8185667
6691,8207542,8197959
6692,8998375,8983167
6693,8297417,8288292
6694,8133916,8125416
6695,8211042,8201167
6696,8517500,8503583
6697,8215917,8206417
6698,7818750,7806791
6699,8249833,8238916
6700,8247875,8234750
6701,9312250,9302583
6702,8322500,8311417
6703,8339292,8326333
6704,8058791,8046083
6705,8302459,8291792
6706,8454333,8439666
6707,8644583,8620458
6708,8545167,8525625
6709,7251458,7232708
6710,9396417,9372000
6711,7459000,7439583
6712,8741833,8727917
6713,8377542,8365042
6714,8532083,8512375
6715,8179875,8169625
6716,8129000,8114209
6717,8384750,8372250
6718,8156125,8145209
6719,8194375,8183875
6720,8260334,8247959
6721,8533541,8513666
6722,8134167,8116250
6723,8294500,8282833
6724,8674667,8656292
6725,8303625,8288583
6726,8426125,8407916
6727,8283250,8273166
6728,7957333,7945583
6729,8284292,8273250
6730,8193625,8183125
6731,8183416,8173250
6732,9369542,9357417
6733,8245292,8235125
6734,8307291,8285041
6735,8611000,8592500
6736,8218709,8208209
6737,8343875,8326583
6738,8548708,8535125
6739,7336792,7323167
6740,9006166,8994250
6741,8255417,8244500
6742,8155625,8145500
6743,8288958,8277750
6744,8282375,8270042
6745,8220709,8211125
6746,8960875,8946708
6747,8230666,8222166
6748,8156084,8146167
6749,8168333,8156791
6750,8584083,8563000
6751,8431334,8419250
6752,8056708,8040750
6753,8193458,8182417
6754,8709334,8681375
6755,8849000,8821250
6756,7913583,7883166
6757,8694875,8669750
6758,8522292,8494208
6759,7859666,7827916
6760,8810792,8777375
6761,7782958,7751000
6762,8805667,8777500
6763,7641000,7617833
6764,8399917,8368292
6765,8920750,8894208
6766,7724666,7695666
6767,8803375,8773917
6768,7954084,7919584
6769,8828625,8796916
6770,8400916,8369333
6771,7890167,7859250
6772,8988458,8955750
6773,7995709,7957292
6774,7902791,7869791
6775,8860084,8830709
6776,7861750,7823125
6777,8982541,8950166
6778,7778500,7744125
6779,8823250,8794792
6780,7983917,7949000
6781,7747000,7718958
6782,8646667,8611125
6783,9129916,9090416
6784,7516584,7489500
6785,8521208,8502625
6786,7756458,7724875
6787,8850292,8817542
6788,8394375,8369542
6789,7616333,7591208
6790,8363625,8348750
6791,8401042,8386875
6792,8699542,8671958
6793,8790750,8771041
6794,8643958,8616708
6795,7689250,7662750
6796,8853167,8824792
6797,7713541,7688291
6798,8820334,8790209
6799,7671041,7642791
6800,8704917,8676209
6801,8749292,8726750
6802,7370958,7355500
6803,8467625,8454375
6804,8334458,8323583
6805,8474417,8457667
6806,8256458,8236042
6807,8834125,8810584
6808,7643667,7617084
6809,8884833,8853042
6810,8931625,8906750
6811,7458792,7439584
6812,8404875,8385583
6813,8778917,8756792
6814,7193083,7176208
6815,8210333,8199708
6816,8620417,8600584
6817,8356625,8345292
6818,8994917,8982583
6819,8315291,8303791
6820,8449834,8435167
6821,7528625,7509000
6822,8481083,8462333
6823,8316583,8302833
6824,8419417,8396000
6825,8248875,8235167
6826,8161833,8151333
6827,8165292,8154542
6828,8379708,8361625
6829,8307417,8294459
6830,9049625,9035125
6831,8232417,8221417
6832,8185333,8175458
6833,8275000,8266167
6834,8261833,8248125
6835,8214250,8203500
6836,9372084,9347959
6837,7962083,7928083
6838,8735750,8706958
6839,7332750,7314000
6840,8611542,8589625
6841,8455541,8441500
6842,8259334,8237625
6843,8300041,8290000
6844,8203500,8192500
6845,8191250,8182084
6846,8323459,8306709
6847,8305875,8295500
6848,8008708,7994916
6849,8281333,8270583
6850,8182542,8172084
6851,9586833,9570250
6852,7629834,7609792
6853,8501166,8485000
6854,8013750,7997459
6855,8224042,8213625
6856,8142333,8132167
6857,8121375,8112000
6858,9425750,9411917
6859,8204959,8194542
6860,8070208,8054791
6861,8322667,8308333
6862,8661125,8636791
6863,8671250,8643833
6864,7783416,7753416
6865,8670250,8644000
6866,8516667,8483125
6867,7594875,7568750
6868,8791000,8759042
6869,8684750,8659708
6870,7780667,7748125
6871,8663541,8635750
6872,8417042,8390000
6873,8866458,8834583
6874,7675000,7647042
6875,8997459,8956584
6876,7709500,7681291
6877,8890708,8857916
6878,8329500,8299000
6879,7343625,7325542
6880,8456333,8435250
6881,8248709,8236209
6882,8899333,8870125
6883,7459167,7441167
6884,9230750,9212791
6885,7581500,7556958
6886,8484958,8471375
6887,8256250,8242750
6888,8391250,8377500
6889,8294750,8280833
6890,8961833,8946208
6891,8443375,8428667
6892,7523709,7496292
6893,8713291,8687000
6894,8699959,8678625
6895,7292583,7279291
6896,9046458,9025667
6897,8402750,8389875
6898,8310000,8297542
6899,8304000,8290250
6900,8430000,8408959
6901,8616750,8592959
6902,8175709,8158084
6903,8379708,8370541
6904,7360083,7336792
6905,8365459,8353250
6906,8407000,8391708
6907,8321250,8310416
6908,9062416,9050291
6909,8370709,8357834
6910,8670500,8651333
6911,7296375,7275250
6912,8680250,8663958
6913,8309416,8297541
6914,8027959,8013459
6915,8240791,8230916
6916,8342959,8332792
6917,8248208,8231458
6918,8293500,8275333
6919,8396667,8385708
6920,9128916,9115291
6921,8655250,8637167
6922,7252792,7239334
6923,8222500,8211208
6924,8756333,8728042
6925,8430750,8416000
6926,8028459,8013042
6927,8298333,8282416
6928,8254750,8238917
6929,8201792,8189958
6930,8426541,8410541
6931,8328459,8316250
6932,8998625,8985791
6933,8469750,8455291
6934,8320916,8305083
6935,8262417,8251000
6936,8324208,8312333
6937,8548167,8524750
6938,8324250,8299833
6939,8488625,8468875
6940,7194250,7177333
6941,8423167,8411167
6942,8433541,8420291
6943,8305459,8294209
6944,9231083,9211000
6945,7434958,7411458
6946,8544167,8529917
6947,8317500,8307208
6948,8556167,8541292
6949,8335125,8322166
6950,8062750,8046250
6951,8556958,8539333
6952,8799833,8779583
6953,7252917,7236167
6954,8913167,8896667
6955,8464291,8450500
6956,8149167,8131834
6957,8380333,8368375
6958,8354000,8339667
6959,8227375,8216250
6960,8311917,8298834
6961,8321292,8309583
6962,8087041,8069625
6963,8436917,8424917
6964,8207125,8195917
6965,8184792,8169625
6966,8761958,8739916
6967,8541292,8520583
6968,8048458,8034541
6969,8241542,8232708
6970,8426125,8409833
6971,8281041,8269875
6972,8398500,8385042
6973,8408084,8395125
6974,7973583,7957541
6975,8337125,8325792
6976,8269167,8258375
6977,8254375,8242750
6978,8365208,8352250
6979,8199000,8188417
6980,9247417,9230833
6981,8453958,8441250
6982,8229250,8218167
6983,8256625,8245042
6984,8349833,8336125
6985,8248584,8233334
6986,7929291,7913791
6987,8243417,8231000
6988,8222542,8211667
6989,8084166,8074333
6990,9656625,9641042
6991,7155584,7144375
6992,9257166,9238958
6993,8393000,8378834
6994,8527917,8504625
6995,7727208,7696292
6996,8788792,8751792
6997,8922125,8888125
6998,8609042,8573708
6999,7813875,7779041
7000,7961750,7926250
7001,8846750,8810791
7002,8092750,8055833
7003,7734708,7707541
7004,8497958,8472250
7005,8597959,8576917
7006,8614250,8597666
7007,7906541,7873750
7008,8739084,8713875
7009,7886166,7853625
7010,8470667,8440375
7011,9111333,9075208
7012,7888834,7856209
7013,8025333,7991458
7014,8837708,8805833
7015,7871292,7838125
7016,8631167,8600000
7017,7610708,7579541
7018,8824917,8792625
7019,7892708,7859833
7020,8844333,8817125
7021,7761667,7730750
7022,8493333,8466542
7023,8471667,8454709
7024,8981583,8953125
7025,7553000,7530625
7026,8561959,8546667
7027,8391875,8376333
7028,8216583,8201166
7029,8425292,8412333
7030,8281041,8269750
7031,8337042,8319792
7032,8376167,8357292
7033,7229458,7211583
7034,9147792,9133125
7035,8317458,8306666
7036,8257792,8246500
7037,8194458,8181416
7038,8425750,8411417
7039,8235333,8223875
7040,7955042,7942209
7041,8625250,8605542
7042,8567625,8550250
7043,8235333,8224333
7044,8470584,8451750
7045,8628750,8611208
7046,7994916,7979291
7047,8310792,8300167
7048,8218500,8209292
7049,8320750,8304042
7050,8892042,8862750
7051,7715958,7686708
7052,8318208,8300042
7053,8721542,8702084
7054,8495583,8482000
7055,8625000,8607459
7056,7464375,7439084
7057,8683750,8665375
7058,8204625,8178292
7059,8295334,8282792
7060,8258833,8245875
7061,8216958,8206833
7062,8448959,8432334
7063,8222833,8214375
7064,8094917,8081958
7065,8356250,8343958
7066,8259416,8250666
7067,8209792,8198375
7068,8367958,8349375
7069,8251917,8241709
7070,8931250,8919083
7071,8223958,8213750
7072,8138209,8128500
7073,8493541,8476416
7074,8353334,8339125
7075,8262291,8252875
7076,8025834,8011459
7077,8432791,8419166
7078,8192000,8181209
7079,8616709,8599584
7080,8609625,8589166
7081,8335208,8322333
7082,8223500,8199917
7083,8282958,8264500
7084,8200750,8186459
7085,8290292,8280334
7086,8251625,8240750
7087,8173542,8163917
7088,9026791,9011875
7089,8287792,8276417
7090,8071667,8059375
7091,8235625,8225208
7092,8403458,8388833
7093,8292417,8281417
7094,8977250,8965541
7095,8203083,8194333
7096,8227583,8217000
7097,8189709,8179750
7098,8455083,8437791
7099,8201917,8191917
7100,8031291,8017208
7101,8295917,8285709
7102,8237333,8226083
7103,8212209,8201167
7104,8341791,8329250
7105,8256167,8245500
7106,8915875,8904292
7107,8220167,8209958
7108,8065750,8057708
7109,8166708,8156250
7110,8507750,8486208
7111,8544958,8528500
7112,9262917,9240875
7113,7224750,7209917
7114,8576792,8564750
7115,8361875,8350500
7116,8262750,8244125
7117,8168541,8159708
7118,8917125,8905250
7119,8211334,8201959
7120,8188125,8179166
7121,8201666,8191000
7122,8314209,8301542
7123,8213541,8202041
7124,8842875,8831417
7125,8359750,8347500
7126,8732750,8706709
7127,7697417,7664042
7128,8630417,8599583
7129,8679041,8647083
7130,8461584,8426750
7131,7814708,7781250
7132,8483667,8459000
7133,8758125,8730375
7134,7669583,7642500
7135,8762667,8731458
7136,8613958,8585166
7137,7987583,7949417
7138,7474542,7455875
7139,8351667,8334917
7140,8653208,8631541
7141,8225583,8215083
7142,7969917,7958375
7143,8293667,8281208
7144,8097416,8089916
7145,9257875,9249125
7146,8413167,8400292
7147,8194250,8183917
7148,7762250,7750292
7149,8169417,8159042
7150,8217250,8207666
7151,9185208,9176250
7152,8248750,8239042
7153,8149042,8139625
7154,8843166,8831500
7155,8266417,8255500
7156,8245208,8232583
7157,8196542,8187667
7158,8290625,8278625
7159,8157625,8146375
7160,8873500,8862167
7161,8309750,8299000
7162,8147875,8135583
7163,8231500,8219542
7164,8297292,8285042
7165,8136125,8126750
7166,9090750,9075000
7167,7287500,7273916
7168,8469833,8458666
7169,8297458,8286083
7170,8367375,8349709
7171,8249042,8239209
7172,9059833,9041000
7173,8270709,8259334
7174,8153083,8142625
7175,8213458,8203667
7176,8250334,8236834
7177,8231125,8218458
7178,8880125,8869375
7179,8288041,8277541
7180,8077834,8068167
7181,8150833,8140250
7182,8178458,8163792
7183,8391834,8376875
7184,9159750,9145000
7185,7249083,7234958
7186,8175292,8165292
7187,9340333,9326416
7188,8294500,8281292
7189,8170208,8159167
7190,7850042,7836292
7191,8245417,8235750
7192,8160208,8149750
7193,8124292,8114708
7194,9372458,9361125
7195,8207500,8197708
7196,8368500,8339708
7197,8746042,8724500
